/home/skyvision/.local/lib/python3.10/site-packages/torch/nn/modules/rnn.py:123: UserWarning: dropout option adds dropout after all but last recurrent layer, so non-zero dropout expects num_layers greater than 1, but got dropout=0.5 and num_layers=1
  warnings.warn(
/home/skyvision/.local/lib/python3.10/site-packages/torchvision/models/_utils.py:208: UserWarning: The parameter 'pretrained' is deprecated since 0.13 and may be removed in the future, please use 'weights' instead.
  warnings.warn(
/home/skyvision/.local/lib/python3.10/site-packages/torchvision/models/_utils.py:223: UserWarning: Arguments other than a weight enum or `None` for 'weights' are deprecated since 0.13 and may be removed in the future. The current behavior is equivalent to passing `weights=Inception_V3_Weights.IMAGENET1K_V1`. You can also use `weights=Inception_V3_Weights.DEFAULT` to get the most up-to-date weights.
  warnings.warn(msg)
Using device: cuda:0
Visible GPU IDs for training: [0]
Train dataset size: 8855 | Batches: 2213
Validation dataset size: 2933 | Batches: 734
Variant settings: variant=attenx_mhsa, attention_mode=multihead, spectral_norm=on, mhsa_heads=4
Loaded pretrained DAMSM text encoder weights from: ./checkpoints/damsm_quick/damsm_latest.pth (9/9 tensors)
Loaded pretrained DAMSM image encoder weights from: ./checkpoints/damsm_quick/damsm_latest.pth (567/567 tensors)
Step [1] | D_Loss: 1.4232 | G_Loss: 3.0481 | G_GAN: 7.8366 | L_Words: -0.9975 | L_Sent: 0.0002 | L_DAMSM: -0.9973 | L_KL: 0.0991 | Gamma_DAMSM: 5.0000 | Lambda_KL: 2.0000
Step [2] | D_Loss: 7.5741 | G_Loss: -1.0737 | G_GAN: 3.7149 | L_Words: -0.9980 | L_Sent: 0.0008 | L_DAMSM: -0.9972 | L_KL: 0.0986 | Gamma_DAMSM: 5.0000 | Lambda_KL: 2.0000
Step [3] | D_Loss: 2.3219 | G_Loss: -0.8237 | G_GAN: 3.9658 | L_Words: -0.9980 | L_Sent: 0.0005 | L_DAMSM: -0.9975 | L_KL: 0.0990 | Gamma_DAMSM: 5.0000 | Lambda_KL: 2.0000
Step [4] | D_Loss: 1.3874 | G_Loss: -2.0161 | G_GAN: 2.7559 | L_Words: -0.9948 | L_Sent: 0.0008 | L_DAMSM: -0.9940 | L_KL: 0.0990 | Gamma_DAMSM: 5.0000 | Lambda_KL: 2.0000
Step [5] | D_Loss: 1.3602 | G_Loss: -1.8044 | G_GAN: 2.9868 | L_Words: -0.9980 | L_Sent: 0.0002 | L_DAMSM: -0.9978 | L_KL: 0.0988 | Gamma_DAMSM: 5.0000 | Lambda_KL: 2.0000
Step [6] | D_Loss: 1.3431 | G_Loss: -1.2394 | G_GAN: 3.5492 | L_Words: -0.9983 | L_Sent: 0.0013 | L_DAMSM: -0.9970 | L_KL: 0.0981 | Gamma_DAMSM: 5.0000 | Lambda_KL: 2.0000
Step [7] | D_Loss: 1.4296 | G_Loss: -1.2825 | G_GAN: 3.4989 | L_Words: -0.9963 | L_Sent: 0.0008 | L_DAMSM: -0.9955 | L_KL: 0.0981 | Gamma_DAMSM: 5.0000 | Lambda_KL: 2.0000
Step [8] | D_Loss: 0.9854 | G_Loss: -0.9043 | G_GAN: 3.8718 | L_Words: -0.9958 | L_Sent: 0.0014 | L_DAMSM: -0.9943 | L_KL: 0.0978 | Gamma_DAMSM: 5.0000 | Lambda_KL: 2.0000
Step [9] | D_Loss: 0.8295 | G_Loss: 0.1888 | G_GAN: 4.9754 | L_Words: -0.9976 | L_Sent: 0.0012 | L_DAMSM: -0.9964 | L_KL: 0.0977 | Gamma_DAMSM: 5.0000 | Lambda_KL: 2.0000
Step [10] | D_Loss: 0.8991 | G_Loss: 1.1427 | G_GAN: 5.9341 | L_Words: -0.9976 | L_Sent: 0.0005 | L_DAMSM: -0.9971 | L_KL: 0.0970 | Gamma_DAMSM: 5.0000 | Lambda_KL: 2.0000
Step [11] | D_Loss: 0.8559 | G_Loss: 3.0650 | G_GAN: 7.8586 | L_Words: -0.9977 | L_Sent: 0.0004 | L_DAMSM: -0.9974 | L_KL: 0.0966 | Gamma_DAMSM: 5.0000 | Lambda_KL: 2.0000
Step [12] | D_Loss: 1.5775 | G_Loss: 5.3602 | G_GAN: 10.1475 | L_Words: -0.9975 | L_Sent: 0.0017 | L_DAMSM: -0.9958 | L_KL: 0.0957 | Gamma_DAMSM: 5.0000 | Lambda_KL: 2.0000
Step [13] | D_Loss: 1.4045 | G_Loss: 3.1851 | G_GAN: 7.9683 | L_Words: -0.9971 | L_Sent: 0.0022 | L_DAMSM: -0.9949 | L_KL: 0.0956 | Gamma_DAMSM: 5.0000 | Lambda_KL: 2.0000
Step [14] | D_Loss: 1.3847 | G_Loss: 5.4934 | G_GAN: 10.2764 | L_Words: -0.9952 | L_Sent: 0.0003 | L_DAMSM: -0.9949 | L_KL: 0.0957 | Gamma_DAMSM: 5.0000 | Lambda_KL: 2.0000
Step [15] | D_Loss: 0.7946 | G_Loss: 5.6326 | G_GAN: 10.4223 | L_Words: -0.9969 | L_Sent: 0.0007 | L_DAMSM: -0.9963 | L_KL: 0.0958 | Gamma_DAMSM: 5.0000 | Lambda_KL: 2.0000
Step [16] | D_Loss: 0.7585 | G_Loss: 2.8697 | G_GAN: 7.6658 | L_Words: -0.9979 | L_Sent: 0.0006 | L_DAMSM: -0.9973 | L_KL: 0.0953 | Gamma_DAMSM: 5.0000 | Lambda_KL: 2.0000
Step [17] | D_Loss: 1.0450 | G_Loss: 1.2974 | G_GAN: 6.0903 | L_Words: -0.9976 | L_Sent: 0.0011 | L_DAMSM: -0.9965 | L_KL: 0.0948 | Gamma_DAMSM: 5.0000 | Lambda_KL: 2.0000
Step [18] | D_Loss: 1.6788 | G_Loss: 10.4891 | G_GAN: 15.2822 | L_Words: -0.9979 | L_Sent: 0.0015 | L_DAMSM: -0.9965 | L_KL: 0.0946 | Gamma_DAMSM: 5.0000 | Lambda_KL: 2.0000
Step [19] | D_Loss: 1.1454 | G_Loss: 7.2207 | G_GAN: 12.0168 | L_Words: -0.9980 | L_Sent: 0.0013 | L_DAMSM: -0.9967 | L_KL: 0.0936 | Gamma_DAMSM: 5.0000 | Lambda_KL: 2.0000
Step [20] | D_Loss: 1.3139 | G_Loss: -0.4364 | G_GAN: 4.3625 | L_Words: -0.9983 | L_Sent: 0.0014 | L_DAMSM: -0.9969 | L_KL: 0.0927 | Gamma_DAMSM: 5.0000 | Lambda_KL: 2.0000
Step [21] | D_Loss: 1.9576 | G_Loss: 2.3659 | G_GAN: 7.1595 | L_Words: -0.9977 | L_Sent: 0.0020 | L_DAMSM: -0.9956 | L_KL: 0.0923 | Gamma_DAMSM: 5.0000 | Lambda_KL: 2.0000
Step [22] | D_Loss: 1.0119 | G_Loss: 2.1578 | G_GAN: 6.9468 | L_Words: -0.9967 | L_Sent: 0.0022 | L_DAMSM: -0.9945 | L_KL: 0.0917 | Gamma_DAMSM: 5.0000 | Lambda_KL: 2.0000
Step [23] | D_Loss: 0.7248 | G_Loss: 2.8990 | G_GAN: 7.6900 | L_Words: -0.9964 | L_Sent: 0.0017 | L_DAMSM: -0.9947 | L_KL: 0.0912 | Gamma_DAMSM: 5.0000 | Lambda_KL: 2.0000
Step [24] | D_Loss: 0.7267 | G_Loss: 2.7544 | G_GAN: 7.5476 | L_Words: -0.9972 | L_Sent: 0.0023 | L_DAMSM: -0.9949 | L_KL: 0.0905 | Gamma_DAMSM: 5.0000 | Lambda_KL: 2.0000
Step [25] | D_Loss: 0.7141 | G_Loss: 3.3533 | G_GAN: 8.1490 | L_Words: -0.9976 | L_Sent: 0.0026 | L_DAMSM: -0.9950 | L_KL: 0.0897 | Gamma_DAMSM: 5.0000 | Lambda_KL: 2.0000
Step [26] | D_Loss: 1.1403 | G_Loss: 4.9317 | G_GAN: 9.7297 | L_Words: -0.9971 | L_Sent: 0.0020 | L_DAMSM: -0.9951 | L_KL: 0.0888 | Gamma_DAMSM: 5.0000 | Lambda_KL: 2.0000
Step [27] | D_Loss: 0.6989 | G_Loss: 4.4323 | G_GAN: 9.2282 | L_Words: -0.9954 | L_Sent: 0.0009 | L_DAMSM: -0.9945 | L_KL: 0.0883 | Gamma_DAMSM: 5.0000 | Lambda_KL: 2.0000
Step [28] | D_Loss: 1.0803 | G_Loss: 7.3522 | G_GAN: 12.1501 | L_Words: -0.9984 | L_Sent: 0.0035 | L_DAMSM: -0.9949 | L_KL: 0.0882 | Gamma_DAMSM: 5.0000 | Lambda_KL: 2.0000
Step [29] | D_Loss: 0.5202 | G_Loss: 7.9354 | G_GAN: 12.7379 | L_Words: -0.9970 | L_Sent: 0.0015 | L_DAMSM: -0.9956 | L_KL: 0.0877 | Gamma_DAMSM: 5.0000 | Lambda_KL: 2.0000
Step [30] | D_Loss: 1.2221 | G_Loss: 2.4570 | G_GAN: 7.2508 | L_Words: -0.9965 | L_Sent: 0.0030 | L_DAMSM: -0.9936 | L_KL: 0.0870 | Gamma_DAMSM: 5.0000 | Lambda_KL: 2.0000
Step [31] | D_Loss: 1.8866 | G_Loss: 4.4677 | G_GAN: 9.2772 | L_Words: -0.9979 | L_Sent: 0.0013 | L_DAMSM: -0.9965 | L_KL: 0.0866 | Gamma_DAMSM: 5.0000 | Lambda_KL: 2.0000
Step [32] | D_Loss: 0.9333 | G_Loss: 4.0482 | G_GAN: 8.8388 | L_Words: -0.9961 | L_Sent: 0.0036 | L_DAMSM: -0.9924 | L_KL: 0.0858 | Gamma_DAMSM: 5.0000 | Lambda_KL: 2.0000
Step [33] | D_Loss: 1.0307 | G_Loss: 2.2011 | G_GAN: 7.0090 | L_Words: -0.9975 | L_Sent: 0.0020 | L_DAMSM: -0.9954 | L_KL: 0.0846 | Gamma_DAMSM: 5.0000 | Lambda_KL: 2.0000
Step [34] | D_Loss: 0.6837 | G_Loss: 3.7622 | G_GAN: 8.5789 | L_Words: -0.9975 | L_Sent: 0.0006 | L_DAMSM: -0.9969 | L_KL: 0.0839 | Gamma_DAMSM: 5.0000 | Lambda_KL: 2.0000
Step [35] | D_Loss: 0.5891 | G_Loss: 4.6959 | G_GAN: 9.5147 | L_Words: -0.9978 | L_Sent: 0.0008 | L_DAMSM: -0.9970 | L_KL: 0.0831 | Gamma_DAMSM: 5.0000 | Lambda_KL: 2.0000
Step [36] | D_Loss: 1.0080 | G_Loss: 4.9612 | G_GAN: 9.7785 | L_Words: -0.9977 | L_Sent: 0.0013 | L_DAMSM: -0.9964 | L_KL: 0.0824 | Gamma_DAMSM: 5.0000 | Lambda_KL: 2.0000
Step [37] | D_Loss: 1.1069 | G_Loss: 2.3921 | G_GAN: 7.2136 | L_Words: -0.9982 | L_Sent: 0.0015 | L_DAMSM: -0.9967 | L_KL: 0.0811 | Gamma_DAMSM: 5.0000 | Lambda_KL: 2.0000
Step [38] | D_Loss: 2.4177 | G_Loss: 0.4640 | G_GAN: 5.2888 | L_Words: -0.9977 | L_Sent: 0.0012 | L_DAMSM: -0.9965 | L_KL: 0.0789 | Gamma_DAMSM: 5.0000 | Lambda_KL: 2.0000
Step [39] | D_Loss: 1.7582 | G_Loss: 0.6691 | G_GAN: 5.4997 | L_Words: -0.9980 | L_Sent: 0.0009 | L_DAMSM: -0.9971 | L_KL: 0.0774 | Gamma_DAMSM: 5.0000 | Lambda_KL: 2.0000
Step [40] | D_Loss: 1.6334 | G_Loss: 0.4267 | G_GAN: 5.2633 | L_Words: -0.9981 | L_Sent: 0.0003 | L_DAMSM: -0.9978 | L_KL: 0.0762 | Gamma_DAMSM: 5.0000 | Lambda_KL: 2.0000
Step [41] | D_Loss: 1.0644 | G_Loss: 0.0068 | G_GAN: 4.8385 | L_Words: -0.9985 | L_Sent: 0.0019 | L_DAMSM: -0.9966 | L_KL: 0.0755 | Gamma_DAMSM: 5.0000 | Lambda_KL: 2.0000
Step [42] | D_Loss: 1.0031 | G_Loss: 0.6310 | G_GAN: 5.4634 | L_Words: -0.9973 | L_Sent: 0.0009 | L_DAMSM: -0.9964 | L_KL: 0.0749 | Gamma_DAMSM: 5.0000 | Lambda_KL: 2.0000
Step [43] | D_Loss: 0.9413 | G_Loss: 2.4594 | G_GAN: 7.2955 | L_Words: -0.9981 | L_Sent: 0.0008 | L_DAMSM: -0.9972 | L_KL: 0.0750 | Gamma_DAMSM: 5.0000 | Lambda_KL: 2.0000
Step [44] | D_Loss: 0.9783 | G_Loss: 3.4385 | G_GAN: 8.2684 | L_Words: -0.9979 | L_Sent: 0.0020 | L_DAMSM: -0.9959 | L_KL: 0.0747 | Gamma_DAMSM: 5.0000 | Lambda_KL: 2.0000
Step [45] | D_Loss: 1.2128 | G_Loss: 1.6347 | G_GAN: 6.4561 | L_Words: -0.9978 | L_Sent: 0.0037 | L_DAMSM: -0.9941 | L_KL: 0.0745 | Gamma_DAMSM: 5.0000 | Lambda_KL: 2.0000
Step [46] | D_Loss: 1.0345 | G_Loss: 1.1559 | G_GAN: 5.9908 | L_Words: -0.9974 | L_Sent: 0.0008 | L_DAMSM: -0.9966 | L_KL: 0.0739 | Gamma_DAMSM: 5.0000 | Lambda_KL: 2.0000
Step [47] | D_Loss: 0.9021 | G_Loss: 1.1365 | G_GAN: 5.9753 | L_Words: -0.9979 | L_Sent: 0.0006 | L_DAMSM: -0.9973 | L_KL: 0.0738 | Gamma_DAMSM: 5.0000 | Lambda_KL: 2.0000
Step [48] | D_Loss: 1.0447 | G_Loss: 0.9556 | G_GAN: 5.7875 | L_Words: -0.9978 | L_Sent: 0.0021 | L_DAMSM: -0.9957 | L_KL: 0.0733 | Gamma_DAMSM: 5.0000 | Lambda_KL: 2.0000
Step [49] | D_Loss: 1.0457 | G_Loss: 3.1598 | G_GAN: 7.9973 | L_Words: -0.9977 | L_Sent: 0.0011 | L_DAMSM: -0.9966 | L_KL: 0.0729 | Gamma_DAMSM: 5.0000 | Lambda_KL: 2.0000
Step [50] | D_Loss: 1.0469 | G_Loss: 3.1475 | G_GAN: 7.9750 | L_Words: -0.9981 | L_Sent: 0.0035 | L_DAMSM: -0.9946 | L_KL: 0.0727 | Gamma_DAMSM: 5.0000 | Lambda_KL: 2.0000
Step [51] | D_Loss: 1.1105 | G_Loss: 1.2293 | G_GAN: 6.0652 | L_Words: -0.9977 | L_Sent: 0.0015 | L_DAMSM: -0.9962 | L_KL: 0.0725 | Gamma_DAMSM: 5.0000 | Lambda_KL: 2.0000
Step [52] | D_Loss: 0.6575 | G_Loss: 3.8484 | G_GAN: 8.6761 | L_Words: -0.9965 | L_Sent: 0.0021 | L_DAMSM: -0.9944 | L_KL: 0.0722 | Gamma_DAMSM: 5.0000 | Lambda_KL: 2.0000
Step [53] | D_Loss: 0.8660 | G_Loss: 5.4298 | G_GAN: 10.2544 | L_Words: -0.9969 | L_Sent: 0.0030 | L_DAMSM: -0.9939 | L_KL: 0.0725 | Gamma_DAMSM: 5.0000 | Lambda_KL: 2.0000
Step [54] | D_Loss: 1.1779 | G_Loss: 4.6206 | G_GAN: 9.4524 | L_Words: -0.9981 | L_Sent: 0.0028 | L_DAMSM: -0.9952 | L_KL: 0.0723 | Gamma_DAMSM: 5.0000 | Lambda_KL: 2.0000
Step [55] | D_Loss: 1.1692 | G_Loss: 5.3849 | G_GAN: 10.2229 | L_Words: -0.9979 | L_Sent: 0.0015 | L_DAMSM: -0.9964 | L_KL: 0.0720 | Gamma_DAMSM: 5.0000 | Lambda_KL: 2.0000
Step [56] | D_Loss: 1.1312 | G_Loss: 1.6011 | G_GAN: 6.4419 | L_Words: -0.9980 | L_Sent: 0.0010 | L_DAMSM: -0.9969 | L_KL: 0.0719 | Gamma_DAMSM: 5.0000 | Lambda_KL: 2.0000
Step [57] | D_Loss: 0.9312 | G_Loss: 1.5666 | G_GAN: 6.4056 | L_Words: -0.9979 | L_Sent: 0.0015 | L_DAMSM: -0.9964 | L_KL: 0.0715 | Gamma_DAMSM: 5.0000 | Lambda_KL: 2.0000
Step [58] | D_Loss: 0.9048 | G_Loss: 3.6194 | G_GAN: 8.4613 | L_Words: -0.9971 | L_Sent: 0.0007 | L_DAMSM: -0.9964 | L_KL: 0.0700 | Gamma_DAMSM: 5.0000 | Lambda_KL: 2.0000
Step [59] | D_Loss: 0.8562 | G_Loss: 6.5030 | G_GAN: 11.3491 | L_Words: -0.9983 | L_Sent: 0.0015 | L_DAMSM: -0.9968 | L_KL: 0.0689 | Gamma_DAMSM: 5.0000 | Lambda_KL: 2.0000
Step [60] | D_Loss: 1.4836 | G_Loss: 1.8828 | G_GAN: 6.7282 | L_Words: -0.9984 | L_Sent: 0.0023 | L_DAMSM: -0.9961 | L_KL: 0.0675 | Gamma_DAMSM: 5.0000 | Lambda_KL: 2.0000
Step [61] | D_Loss: 1.4911 | G_Loss: 4.2537 | G_GAN: 9.0954 | L_Words: -0.9976 | L_Sent: 0.0029 | L_DAMSM: -0.9947 | L_KL: 0.0658 | Gamma_DAMSM: 5.0000 | Lambda_KL: 2.0000
Step [62] | D_Loss: 0.7713 | G_Loss: 2.9772 | G_GAN: 7.8294 | L_Words: -0.9983 | L_Sent: 0.0022 | L_DAMSM: -0.9961 | L_KL: 0.0642 | Gamma_DAMSM: 5.0000 | Lambda_KL: 2.0000
Step [63] | D_Loss: 0.8235 | G_Loss: 6.0627 | G_GAN: 10.9131 | L_Words: -0.9978 | L_Sent: 0.0025 | L_DAMSM: -0.9953 | L_KL: 0.0630 | Gamma_DAMSM: 5.0000 | Lambda_KL: 2.0000
Step [64] | D_Loss: 0.4794 | G_Loss: 5.4691 | G_GAN: 10.3262 | L_Words: -0.9979 | L_Sent: 0.0015 | L_DAMSM: -0.9964 | L_KL: 0.0625 | Gamma_DAMSM: 5.0000 | Lambda_KL: 2.0000
Step [65] | D_Loss: 0.7939 | G_Loss: 4.0780 | G_GAN: 8.9241 | L_Words: -0.9975 | L_Sent: 0.0036 | L_DAMSM: -0.9939 | L_KL: 0.0616 | Gamma_DAMSM: 5.0000 | Lambda_KL: 2.0000
Step [66] | D_Loss: 1.4503 | G_Loss: 1.2639 | G_GAN: 6.1147 | L_Words: -0.9977 | L_Sent: 0.0031 | L_DAMSM: -0.9946 | L_KL: 0.0612 | Gamma_DAMSM: 5.0000 | Lambda_KL: 2.0000
Step [67] | D_Loss: 0.9816 | G_Loss: 3.4718 | G_GAN: 8.3265 | L_Words: -0.9978 | L_Sent: 0.0024 | L_DAMSM: -0.9954 | L_KL: 0.0612 | Gamma_DAMSM: 5.0000 | Lambda_KL: 2.0000
Step [68] | D_Loss: 1.5703 | G_Loss: 4.9012 | G_GAN: 9.7547 | L_Words: -0.9976 | L_Sent: 0.0029 | L_DAMSM: -0.9947 | L_KL: 0.0601 | Gamma_DAMSM: 5.0000 | Lambda_KL: 2.0000
Step [69] | D_Loss: 0.9988 | G_Loss: 4.6467 | G_GAN: 9.5045 | L_Words: -0.9980 | L_Sent: 0.0028 | L_DAMSM: -0.9952 | L_KL: 0.0592 | Gamma_DAMSM: 5.0000 | Lambda_KL: 2.0000
Step [70] | D_Loss: 1.2036 | G_Loss: 2.1281 | G_GAN: 6.9896 | L_Words: -0.9984 | L_Sent: 0.0027 | L_DAMSM: -0.9957 | L_KL: 0.0585 | Gamma_DAMSM: 5.0000 | Lambda_KL: 2.0000
Step [71] | D_Loss: 1.6868 | G_Loss: -0.8291 | G_GAN: 4.0284 | L_Words: -0.9971 | L_Sent: 0.0026 | L_DAMSM: -0.9946 | L_KL: 0.0577 | Gamma_DAMSM: 5.0000 | Lambda_KL: 2.0000
Step [72] | D_Loss: 1.3812 | G_Loss: 0.1907 | G_GAN: 5.0582 | L_Words: -0.9974 | L_Sent: 0.0012 | L_DAMSM: -0.9962 | L_KL: 0.0566 | Gamma_DAMSM: 5.0000 | Lambda_KL: 2.0000
Step [73] | D_Loss: 1.1835 | G_Loss: 0.7714 | G_GAN: 5.6355 | L_Words: -0.9978 | L_Sent: 0.0027 | L_DAMSM: -0.9951 | L_KL: 0.0557 | Gamma_DAMSM: 5.0000 | Lambda_KL: 2.0000
Step [74] | D_Loss: 0.9648 | G_Loss: 0.6721 | G_GAN: 5.5417 | L_Words: -0.9982 | L_Sent: 0.0024 | L_DAMSM: -0.9958 | L_KL: 0.0546 | Gamma_DAMSM: 5.0000 | Lambda_KL: 2.0000
Step [75] | D_Loss: 0.9592 | G_Loss: -0.0479 | G_GAN: 4.8168 | L_Words: -0.9980 | L_Sent: 0.0035 | L_DAMSM: -0.9945 | L_KL: 0.0539 | Gamma_DAMSM: 5.0000 | Lambda_KL: 2.0000
Step [76] | D_Loss: 1.4003 | G_Loss: 0.1126 | G_GAN: 4.9707 | L_Words: -0.9966 | L_Sent: 0.0037 | L_DAMSM: -0.9929 | L_KL: 0.0532 | Gamma_DAMSM: 5.0000 | Lambda_KL: 2.0000
Step [77] | D_Loss: 0.9517 | G_Loss: 0.9361 | G_GAN: 5.8060 | L_Words: -0.9982 | L_Sent: 0.0033 | L_DAMSM: -0.9949 | L_KL: 0.0523 | Gamma_DAMSM: 5.0000 | Lambda_KL: 2.0000
Step [78] | D_Loss: 0.8550 | G_Loss: 0.3309 | G_GAN: 5.2065 | L_Words: -0.9977 | L_Sent: 0.0020 | L_DAMSM: -0.9958 | L_KL: 0.0516 | Gamma_DAMSM: 5.0000 | Lambda_KL: 2.0000
Step [79] | D_Loss: 1.1281 | G_Loss: 0.5170 | G_GAN: 5.3981 | L_Words: -0.9976 | L_Sent: 0.0010 | L_DAMSM: -0.9966 | L_KL: 0.0510 | Gamma_DAMSM: 5.0000 | Lambda_KL: 2.0000
Step [80] | D_Loss: 1.5549 | G_Loss: 1.0662 | G_GAN: 5.9388 | L_Words: -0.9975 | L_Sent: 0.0027 | L_DAMSM: -0.9947 | L_KL: 0.0506 | Gamma_DAMSM: 5.0000 | Lambda_KL: 2.0000
Step [81] | D_Loss: 1.0719 | G_Loss: 2.4353 | G_GAN: 7.3209 | L_Words: -0.9975 | L_Sent: 0.0002 | L_DAMSM: -0.9973 | L_KL: 0.0504 | Gamma_DAMSM: 5.0000 | Lambda_KL: 2.0000
Step [82] | D_Loss: 1.1553 | G_Loss: 1.2862 | G_GAN: 6.1531 | L_Words: -0.9954 | L_Sent: 0.0021 | L_DAMSM: -0.9933 | L_KL: 0.0498 | Gamma_DAMSM: 5.0000 | Lambda_KL: 2.0000
Step [83] | D_Loss: 1.0953 | G_Loss: -0.2678 | G_GAN: 4.6141 | L_Words: -0.9974 | L_Sent: 0.0013 | L_DAMSM: -0.9962 | L_KL: 0.0495 | Gamma_DAMSM: 5.0000 | Lambda_KL: 2.0000
Step [84] | D_Loss: 0.9015 | G_Loss: 1.4782 | G_GAN: 6.3528 | L_Words: -0.9969 | L_Sent: 0.0022 | L_DAMSM: -0.9946 | L_KL: 0.0493 | Gamma_DAMSM: 5.0000 | Lambda_KL: 2.0000
Step [85] | D_Loss: 0.9936 | G_Loss: 1.4942 | G_GAN: 6.3711 | L_Words: -0.9960 | L_Sent: 0.0011 | L_DAMSM: -0.9949 | L_KL: 0.0489 | Gamma_DAMSM: 5.0000 | Lambda_KL: 2.0000
Step [86] | D_Loss: 1.1367 | G_Loss: 3.4877 | G_GAN: 8.3693 | L_Words: -0.9981 | L_Sent: 0.0020 | L_DAMSM: -0.9961 | L_KL: 0.0494 | Gamma_DAMSM: 5.0000 | Lambda_KL: 2.0000
Step [87] | D_Loss: 0.6508 | G_Loss: 3.6877 | G_GAN: 8.5593 | L_Words: -0.9971 | L_Sent: 0.0030 | L_DAMSM: -0.9941 | L_KL: 0.0494 | Gamma_DAMSM: 5.0000 | Lambda_KL: 2.0000
Step [88] | D_Loss: 1.0280 | G_Loss: 3.2438 | G_GAN: 8.1255 | L_Words: -0.9981 | L_Sent: 0.0019 | L_DAMSM: -0.9962 | L_KL: 0.0496 | Gamma_DAMSM: 5.0000 | Lambda_KL: 2.0000
Step [89] | D_Loss: 1.1155 | G_Loss: -0.3351 | G_GAN: 4.5414 | L_Words: -0.9973 | L_Sent: 0.0023 | L_DAMSM: -0.9949 | L_KL: 0.0491 | Gamma_DAMSM: 5.0000 | Lambda_KL: 2.0000
Step [90] | D_Loss: 1.7994 | G_Loss: 3.0616 | G_GAN: 7.9496 | L_Words: -0.9982 | L_Sent: 0.0011 | L_DAMSM: -0.9970 | L_KL: 0.0486 | Gamma_DAMSM: 5.0000 | Lambda_KL: 2.0000
Step [91] | D_Loss: 0.9851 | G_Loss: 1.4814 | G_GAN: 6.3499 | L_Words: -0.9962 | L_Sent: 0.0033 | L_DAMSM: -0.9929 | L_KL: 0.0480 | Gamma_DAMSM: 5.0000 | Lambda_KL: 2.0000
Step [92] | D_Loss: 0.8799 | G_Loss: 3.1541 | G_GAN: 8.0392 | L_Words: -0.9976 | L_Sent: 0.0018 | L_DAMSM: -0.9959 | L_KL: 0.0471 | Gamma_DAMSM: 5.0000 | Lambda_KL: 2.0000
Step [93] | D_Loss: 1.2816 | G_Loss: 0.9746 | G_GAN: 5.8645 | L_Words: -0.9980 | L_Sent: 0.0015 | L_DAMSM: -0.9965 | L_KL: 0.0463 | Gamma_DAMSM: 5.0000 | Lambda_KL: 2.0000
Step [94] | D_Loss: 1.0897 | G_Loss: 0.7002 | G_GAN: 5.5848 | L_Words: -0.9965 | L_Sent: 0.0015 | L_DAMSM: -0.9950 | L_KL: 0.0451 | Gamma_DAMSM: 5.0000 | Lambda_KL: 2.0000
Step [95] | D_Loss: 1.0179 | G_Loss: 1.1175 | G_GAN: 6.0109 | L_Words: -0.9982 | L_Sent: 0.0018 | L_DAMSM: -0.9964 | L_KL: 0.0442 | Gamma_DAMSM: 5.0000 | Lambda_KL: 2.0000
Step [96] | D_Loss: 1.5649 | G_Loss: 2.6452 | G_GAN: 7.5376 | L_Words: -0.9980 | L_Sent: 0.0023 | L_DAMSM: -0.9957 | L_KL: 0.0431 | Gamma_DAMSM: 5.0000 | Lambda_KL: 2.0000
Step [97] | D_Loss: 0.8082 | G_Loss: 2.1289 | G_GAN: 7.0222 | L_Words: -0.9980 | L_Sent: 0.0025 | L_DAMSM: -0.9955 | L_KL: 0.0421 | Gamma_DAMSM: 5.0000 | Lambda_KL: 2.0000
Step [98] | D_Loss: 0.7126 | G_Loss: 1.8980 | G_GAN: 6.7912 | L_Words: -0.9967 | L_Sent: 0.0017 | L_DAMSM: -0.9950 | L_KL: 0.0409 | Gamma_DAMSM: 5.0000 | Lambda_KL: 2.0000
Step [99] | D_Loss: 0.7004 | G_Loss: 3.6932 | G_GAN: 8.5955 | L_Words: -0.9976 | L_Sent: 0.0011 | L_DAMSM: -0.9965 | L_KL: 0.0400 | Gamma_DAMSM: 5.0000 | Lambda_KL: 2.0000
Step [100] | D_Loss: 1.0279 | G_Loss: 3.3400 | G_GAN: 8.2389 | L_Words: -0.9958 | L_Sent: 0.0003 | L_DAMSM: -0.9955 | L_KL: 0.0393 | Gamma_DAMSM: 5.0000 | Lambda_KL: 2.0000
Step [101] | D_Loss: 0.8958 | G_Loss: 3.7284 | G_GAN: 8.6250 | L_Words: -0.9981 | L_Sent: 0.0033 | L_DAMSM: -0.9948 | L_KL: 0.0387 | Gamma_DAMSM: 5.0000 | Lambda_KL: 2.0000
Step [102] | D_Loss: 1.3084 | G_Loss: 2.1706 | G_GAN: 7.0689 | L_Words: -0.9967 | L_Sent: 0.0017 | L_DAMSM: -0.9950 | L_KL: 0.0384 | Gamma_DAMSM: 5.0000 | Lambda_KL: 2.0000
Step [103] | D_Loss: 1.8363 | G_Loss: 3.3134 | G_GAN: 8.2135 | L_Words: -0.9970 | L_Sent: 0.0016 | L_DAMSM: -0.9954 | L_KL: 0.0385 | Gamma_DAMSM: 5.0000 | Lambda_KL: 2.0000
Step [104] | D_Loss: 1.3361 | G_Loss: 3.5177 | G_GAN: 8.4179 | L_Words: -0.9981 | L_Sent: 0.0027 | L_DAMSM: -0.9954 | L_KL: 0.0385 | Gamma_DAMSM: 5.0000 | Lambda_KL: 2.0000
Step [105] | D_Loss: 1.1183 | G_Loss: 4.7630 | G_GAN: 9.6584 | L_Words: -0.9971 | L_Sent: 0.0026 | L_DAMSM: -0.9944 | L_KL: 0.0384 | Gamma_DAMSM: 5.0000 | Lambda_KL: 2.0000
Step [106] | D_Loss: 1.4100 | G_Loss: -0.2164 | G_GAN: 4.6798 | L_Words: -0.9968 | L_Sent: 0.0025 | L_DAMSM: -0.9943 | L_KL: 0.0376 | Gamma_DAMSM: 5.0000 | Lambda_KL: 2.0000
Step [107] | D_Loss: 1.4486 | G_Loss: 0.2435 | G_GAN: 5.1316 | L_Words: -0.9974 | L_Sent: 0.0049 | L_DAMSM: -0.9925 | L_KL: 0.0372 | Gamma_DAMSM: 5.0000 | Lambda_KL: 2.0000
Step [108] | D_Loss: 1.3946 | G_Loss: 0.0834 | G_GAN: 4.9869 | L_Words: -0.9976 | L_Sent: 0.0023 | L_DAMSM: -0.9954 | L_KL: 0.0367 | Gamma_DAMSM: 5.0000 | Lambda_KL: 2.0000
Step [109] | D_Loss: 1.2282 | G_Loss: -0.4644 | G_GAN: 4.4424 | L_Words: -0.9983 | L_Sent: 0.0025 | L_DAMSM: -0.9958 | L_KL: 0.0360 | Gamma_DAMSM: 5.0000 | Lambda_KL: 2.0000
Step [110] | D_Loss: 1.0294 | G_Loss: -0.7013 | G_GAN: 4.1980 | L_Words: -0.9979 | L_Sent: 0.0039 | L_DAMSM: -0.9940 | L_KL: 0.0354 | Gamma_DAMSM: 5.0000 | Lambda_KL: 2.0000
Step [111] | D_Loss: 1.1028 | G_Loss: -0.1430 | G_GAN: 4.7617 | L_Words: -0.9980 | L_Sent: 0.0031 | L_DAMSM: -0.9949 | L_KL: 0.0350 | Gamma_DAMSM: 5.0000 | Lambda_KL: 2.0000
Step [112] | D_Loss: 1.2385 | G_Loss: -0.3980 | G_GAN: 4.5043 | L_Words: -0.9980 | L_Sent: 0.0037 | L_DAMSM: -0.9943 | L_KL: 0.0346 | Gamma_DAMSM: 5.0000 | Lambda_KL: 2.0000
Step [113] | D_Loss: 1.2708 | G_Loss: -0.8145 | G_GAN: 4.0815 | L_Words: -0.9962 | L_Sent: 0.0033 | L_DAMSM: -0.9929 | L_KL: 0.0342 | Gamma_DAMSM: 5.0000 | Lambda_KL: 2.0000
Step [114] | D_Loss: 1.5480 | G_Loss: -0.6628 | G_GAN: 4.2462 | L_Words: -0.9980 | L_Sent: 0.0025 | L_DAMSM: -0.9954 | L_KL: 0.0341 | Gamma_DAMSM: 5.0000 | Lambda_KL: 2.0000
Step [115] | D_Loss: 1.5849 | G_Loss: -1.2511 | G_GAN: 3.6467 | L_Words: -0.9961 | L_Sent: 0.0030 | L_DAMSM: -0.9931 | L_KL: 0.0338 | Gamma_DAMSM: 5.0000 | Lambda_KL: 2.0000
Step [116] | D_Loss: 1.3717 | G_Loss: -1.4357 | G_GAN: 3.4793 | L_Words: -0.9979 | L_Sent: 0.0015 | L_DAMSM: -0.9964 | L_KL: 0.0336 | Gamma_DAMSM: 5.0000 | Lambda_KL: 2.0000
Step [117] | D_Loss: 1.0360 | G_Loss: 0.1635 | G_GAN: 5.0765 | L_Words: -0.9986 | L_Sent: 0.0026 | L_DAMSM: -0.9960 | L_KL: 0.0334 | Gamma_DAMSM: 5.0000 | Lambda_KL: 2.0000
Step [118] | D_Loss: 0.8651 | G_Loss: 0.4740 | G_GAN: 5.3863 | L_Words: -0.9982 | L_Sent: 0.0025 | L_DAMSM: -0.9957 | L_KL: 0.0331 | Gamma_DAMSM: 5.0000 | Lambda_KL: 2.0000
Step [119] | D_Loss: 0.9246 | G_Loss: 1.5894 | G_GAN: 6.4980 | L_Words: -0.9979 | L_Sent: 0.0031 | L_DAMSM: -0.9948 | L_KL: 0.0327 | Gamma_DAMSM: 5.0000 | Lambda_KL: 2.0000
Step [120] | D_Loss: 0.8754 | G_Loss: 1.7180 | G_GAN: 6.6280 | L_Words: -0.9980 | L_Sent: 0.0030 | L_DAMSM: -0.9950 | L_KL: 0.0324 | Gamma_DAMSM: 5.0000 | Lambda_KL: 2.0000
Step [121] | D_Loss: 0.9200 | G_Loss: 0.9296 | G_GAN: 5.8268 | L_Words: -0.9967 | L_Sent: 0.0044 | L_DAMSM: -0.9923 | L_KL: 0.0320 | Gamma_DAMSM: 5.0000 | Lambda_KL: 2.0000
Step [122] | D_Loss: 1.2407 | G_Loss: 1.9460 | G_GAN: 6.8569 | L_Words: -0.9983 | L_Sent: 0.0033 | L_DAMSM: -0.9950 | L_KL: 0.0321 | Gamma_DAMSM: 5.0000 | Lambda_KL: 2.0000
Step [123] | D_Loss: 1.0613 | G_Loss: -0.9311 | G_GAN: 3.9682 | L_Words: -0.9968 | L_Sent: 0.0041 | L_DAMSM: -0.9928 | L_KL: 0.0323 | Gamma_DAMSM: 5.0000 | Lambda_KL: 2.0000
Step [124] | D_Loss: 1.3586 | G_Loss: 0.5251 | G_GAN: 5.4288 | L_Words: -0.9968 | L_Sent: 0.0031 | L_DAMSM: -0.9937 | L_KL: 0.0323 | Gamma_DAMSM: 5.0000 | Lambda_KL: 2.0000
Step [125] | D_Loss: 1.0105 | G_Loss: 1.0425 | G_GAN: 5.9612 | L_Words: -0.9985 | L_Sent: 0.0018 | L_DAMSM: -0.9966 | L_KL: 0.0322 | Gamma_DAMSM: 5.0000 | Lambda_KL: 2.0000
Step [126] | D_Loss: 1.3017 | G_Loss: 0.3896 | G_GAN: 5.2977 | L_Words: -0.9972 | L_Sent: 0.0029 | L_DAMSM: -0.9943 | L_KL: 0.0317 | Gamma_DAMSM: 5.0000 | Lambda_KL: 2.0000
Step [127] | D_Loss: 1.2937 | G_Loss: 0.2778 | G_GAN: 5.1832 | L_Words: -0.9964 | L_Sent: 0.0028 | L_DAMSM: -0.9937 | L_KL: 0.0315 | Gamma_DAMSM: 5.0000 | Lambda_KL: 2.0000
Step [128] | D_Loss: 1.3118 | G_Loss: -0.1618 | G_GAN: 4.7549 | L_Words: -0.9973 | L_Sent: 0.0015 | L_DAMSM: -0.9958 | L_KL: 0.0311 | Gamma_DAMSM: 5.0000 | Lambda_KL: 2.0000
Step [129] | D_Loss: 1.4075 | G_Loss: -0.5051 | G_GAN: 4.4105 | L_Words: -0.9985 | L_Sent: 0.0030 | L_DAMSM: -0.9955 | L_KL: 0.0309 | Gamma_DAMSM: 5.0000 | Lambda_KL: 2.0000
Step [130] | D_Loss: 1.2198 | G_Loss: 0.9333 | G_GAN: 5.8502 | L_Words: -0.9978 | L_Sent: 0.0021 | L_DAMSM: -0.9957 | L_KL: 0.0308 | Gamma_DAMSM: 5.0000 | Lambda_KL: 2.0000
Step [131] | D_Loss: 1.0338 | G_Loss: 0.6276 | G_GAN: 5.5410 | L_Words: -0.9982 | L_Sent: 0.0032 | L_DAMSM: -0.9950 | L_KL: 0.0307 | Gamma_DAMSM: 5.0000 | Lambda_KL: 2.0000
Step [132] | D_Loss: 1.2183 | G_Loss: -1.3541 | G_GAN: 3.5541 | L_Words: -0.9972 | L_Sent: 0.0033 | L_DAMSM: -0.9939 | L_KL: 0.0306 | Gamma_DAMSM: 5.0000 | Lambda_KL: 2.0000
Step [133] | D_Loss: 0.8789 | G_Loss: 0.5297 | G_GAN: 5.4412 | L_Words: -0.9981 | L_Sent: 0.0036 | L_DAMSM: -0.9945 | L_KL: 0.0305 | Gamma_DAMSM: 5.0000 | Lambda_KL: 2.0000
Step [134] | D_Loss: 1.2677 | G_Loss: 2.1962 | G_GAN: 7.1134 | L_Words: -0.9978 | L_Sent: 0.0022 | L_DAMSM: -0.9956 | L_KL: 0.0305 | Gamma_DAMSM: 5.0000 | Lambda_KL: 2.0000
Step [135] | D_Loss: 1.1325 | G_Loss: 0.2682 | G_GAN: 5.1922 | L_Words: -0.9981 | L_Sent: 0.0012 | L_DAMSM: -0.9969 | L_KL: 0.0303 | Gamma_DAMSM: 5.0000 | Lambda_KL: 2.0000
Step [136] | D_Loss: 1.1456 | G_Loss: 1.2223 | G_GAN: 6.1491 | L_Words: -0.9985 | L_Sent: 0.0009 | L_DAMSM: -0.9976 | L_KL: 0.0306 | Gamma_DAMSM: 5.0000 | Lambda_KL: 2.0000
Step [137] | D_Loss: 1.6113 | G_Loss: 1.6505 | G_GAN: 6.5663 | L_Words: -0.9976 | L_Sent: 0.0023 | L_DAMSM: -0.9953 | L_KL: 0.0304 | Gamma_DAMSM: 5.0000 | Lambda_KL: 2.0000
Step [138] | D_Loss: 1.0223 | G_Loss: 1.4053 | G_GAN: 6.3241 | L_Words: -0.9978 | L_Sent: 0.0019 | L_DAMSM: -0.9959 | L_KL: 0.0304 | Gamma_DAMSM: 5.0000 | Lambda_KL: 2.0000
Step [139] | D_Loss: 1.0756 | G_Loss: 0.5488 | G_GAN: 5.4667 | L_Words: -0.9975 | L_Sent: 0.0018 | L_DAMSM: -0.9957 | L_KL: 0.0302 | Gamma_DAMSM: 5.0000 | Lambda_KL: 2.0000
Step [140] | D_Loss: 1.0161 | G_Loss: 0.2379 | G_GAN: 5.1494 | L_Words: -0.9981 | L_Sent: 0.0037 | L_DAMSM: -0.9945 | L_KL: 0.0304 | Gamma_DAMSM: 5.0000 | Lambda_KL: 2.0000
Step [141] | D_Loss: 1.3913 | G_Loss: -1.2999 | G_GAN: 3.6111 | L_Words: -0.9970 | L_Sent: 0.0027 | L_DAMSM: -0.9943 | L_KL: 0.0304 | Gamma_DAMSM: 5.0000 | Lambda_KL: 2.0000
Step [142] | D_Loss: 1.5391 | G_Loss: 0.1166 | G_GAN: 5.0381 | L_Words: -0.9978 | L_Sent: 0.0015 | L_DAMSM: -0.9963 | L_KL: 0.0300 | Gamma_DAMSM: 5.0000 | Lambda_KL: 2.0000
Step [143] | D_Loss: 1.1851 | G_Loss: -0.5418 | G_GAN: 4.3762 | L_Words: -0.9980 | L_Sent: 0.0025 | L_DAMSM: -0.9955 | L_KL: 0.0298 | Gamma_DAMSM: 5.0000 | Lambda_KL: 2.0000
Step [144] | D_Loss: 1.6932 | G_Loss: -1.4892 | G_GAN: 3.4370 | L_Words: -0.9987 | L_Sent: 0.0016 | L_DAMSM: -0.9972 | L_KL: 0.0298 | Gamma_DAMSM: 5.0000 | Lambda_KL: 2.0000
Step [145] | D_Loss: 1.3114 | G_Loss: -0.3152 | G_GAN: 4.6110 | L_Words: -0.9981 | L_Sent: 0.0010 | L_DAMSM: -0.9971 | L_KL: 0.0298 | Gamma_DAMSM: 5.0000 | Lambda_KL: 2.0000
Step [146] | D_Loss: 1.1861 | G_Loss: -0.2938 | G_GAN: 4.6200 | L_Words: -0.9973 | L_Sent: 0.0029 | L_DAMSM: -0.9945 | L_KL: 0.0292 | Gamma_DAMSM: 5.0000 | Lambda_KL: 2.0000
Step [147] | D_Loss: 1.1573 | G_Loss: -0.6741 | G_GAN: 4.2446 | L_Words: -0.9979 | L_Sent: 0.0025 | L_DAMSM: -0.9954 | L_KL: 0.0291 | Gamma_DAMSM: 5.0000 | Lambda_KL: 2.0000
Step [148] | D_Loss: 0.9246 | G_Loss: 0.3211 | G_GAN: 5.2368 | L_Words: -0.9980 | L_Sent: 0.0032 | L_DAMSM: -0.9947 | L_KL: 0.0290 | Gamma_DAMSM: 5.0000 | Lambda_KL: 2.0000
Step [149] | D_Loss: 1.0348 | G_Loss: 0.4428 | G_GAN: 5.3662 | L_Words: -0.9977 | L_Sent: 0.0015 | L_DAMSM: -0.9962 | L_KL: 0.0287 | Gamma_DAMSM: 5.0000 | Lambda_KL: 2.0000
Step [150] | D_Loss: 0.9327 | G_Loss: -0.0633 | G_GAN: 4.8599 | L_Words: -0.9977 | L_Sent: 0.0016 | L_DAMSM: -0.9961 | L_KL: 0.0287 | Gamma_DAMSM: 5.0000 | Lambda_KL: 2.0000
Step [151] | D_Loss: 1.3001 | G_Loss: 2.1667 | G_GAN: 7.0863 | L_Words: -0.9982 | L_Sent: 0.0026 | L_DAMSM: -0.9956 | L_KL: 0.0292 | Gamma_DAMSM: 5.0000 | Lambda_KL: 2.0000
Step [152] | D_Loss: 1.2136 | G_Loss: 0.1805 | G_GAN: 5.1008 | L_Words: -0.9981 | L_Sent: 0.0024 | L_DAMSM: -0.9958 | L_KL: 0.0292 | Gamma_DAMSM: 5.0000 | Lambda_KL: 2.0000
Step [153] | D_Loss: 0.8078 | G_Loss: 0.0262 | G_GAN: 4.9382 | L_Words: -0.9970 | L_Sent: 0.0030 | L_DAMSM: -0.9939 | L_KL: 0.0288 | Gamma_DAMSM: 5.0000 | Lambda_KL: 2.0000
Step [154] | D_Loss: 1.1615 | G_Loss: -0.5209 | G_GAN: 4.4056 | L_Words: -0.9974 | L_Sent: 0.0008 | L_DAMSM: -0.9966 | L_KL: 0.0283 | Gamma_DAMSM: 5.0000 | Lambda_KL: 2.0000
Step [155] | D_Loss: 1.1095 | G_Loss: 4.5123 | G_GAN: 9.4462 | L_Words: -0.9981 | L_Sent: 0.0001 | L_DAMSM: -0.9980 | L_KL: 0.0280 | Gamma_DAMSM: 5.0000 | Lambda_KL: 2.0000
Step [156] | D_Loss: 0.9759 | G_Loss: 1.8227 | G_GAN: 6.7381 | L_Words: -0.9983 | L_Sent: 0.0039 | L_DAMSM: -0.9944 | L_KL: 0.0282 | Gamma_DAMSM: 5.0000 | Lambda_KL: 2.0000
Step [157] | D_Loss: 0.9304 | G_Loss: 3.5407 | G_GAN: 8.4674 | L_Words: -0.9975 | L_Sent: 0.0009 | L_DAMSM: -0.9966 | L_KL: 0.0282 | Gamma_DAMSM: 5.0000 | Lambda_KL: 2.0000
Step [158] | D_Loss: 1.2690 | G_Loss: 1.9624 | G_GAN: 6.8754 | L_Words: -0.9971 | L_Sent: 0.0033 | L_DAMSM: -0.9938 | L_KL: 0.0280 | Gamma_DAMSM: 5.0000 | Lambda_KL: 2.0000
Step [159] | D_Loss: 1.7394 | G_Loss: 1.5630 | G_GAN: 6.4899 | L_Words: -0.9982 | L_Sent: 0.0017 | L_DAMSM: -0.9965 | L_KL: 0.0279 | Gamma_DAMSM: 5.0000 | Lambda_KL: 2.0000
Step [160] | D_Loss: 1.8607 | G_Loss: 0.7783 | G_GAN: 5.6995 | L_Words: -0.9975 | L_Sent: 0.0023 | L_DAMSM: -0.9952 | L_KL: 0.0274 | Gamma_DAMSM: 5.0000 | Lambda_KL: 2.0000
Step [161] | D_Loss: 1.1330 | G_Loss: -0.0910 | G_GAN: 4.8353 | L_Words: -0.9982 | L_Sent: 0.0020 | L_DAMSM: -0.9962 | L_KL: 0.0273 | Gamma_DAMSM: 5.0000 | Lambda_KL: 2.0000
Step [162] | D_Loss: 1.1080 | G_Loss: -0.2405 | G_GAN: 4.6897 | L_Words: -0.9975 | L_Sent: 0.0008 | L_DAMSM: -0.9968 | L_KL: 0.0268 | Gamma_DAMSM: 5.0000 | Lambda_KL: 2.0000
Step [163] | D_Loss: 1.2406 | G_Loss: -1.4698 | G_GAN: 3.4518 | L_Words: -0.9971 | L_Sent: 0.0021 | L_DAMSM: -0.9950 | L_KL: 0.0267 | Gamma_DAMSM: 5.0000 | Lambda_KL: 2.0000
Step [164] | D_Loss: 1.0761 | G_Loss: -0.8624 | G_GAN: 4.0736 | L_Words: -0.9985 | L_Sent: 0.0006 | L_DAMSM: -0.9978 | L_KL: 0.0266 | Gamma_DAMSM: 5.0000 | Lambda_KL: 2.0000
Step [165] | D_Loss: 1.4349 | G_Loss: -1.4227 | G_GAN: 3.5150 | L_Words: -0.9983 | L_Sent: 0.0002 | L_DAMSM: -0.9981 | L_KL: 0.0265 | Gamma_DAMSM: 5.0000 | Lambda_KL: 2.0000
Step [166] | D_Loss: 1.4746 | G_Loss: -1.3427 | G_GAN: 3.5896 | L_Words: -0.9976 | L_Sent: 0.0006 | L_DAMSM: -0.9969 | L_KL: 0.0262 | Gamma_DAMSM: 5.0000 | Lambda_KL: 2.0000
Step [167] | D_Loss: 1.5455 | G_Loss: -0.9861 | G_GAN: 3.9417 | L_Words: -0.9981 | L_Sent: 0.0021 | L_DAMSM: -0.9960 | L_KL: 0.0261 | Gamma_DAMSM: 5.0000 | Lambda_KL: 2.0000
Step [168] | D_Loss: 1.1624 | G_Loss: -0.9930 | G_GAN: 3.9393 | L_Words: -0.9975 | L_Sent: 0.0007 | L_DAMSM: -0.9968 | L_KL: 0.0259 | Gamma_DAMSM: 5.0000 | Lambda_KL: 2.0000
Step [169] | D_Loss: 1.0355 | G_Loss: -0.5333 | G_GAN: 4.3973 | L_Words: -0.9967 | L_Sent: 0.0002 | L_DAMSM: -0.9964 | L_KL: 0.0258 | Gamma_DAMSM: 5.0000 | Lambda_KL: 2.0000
Step [170] | D_Loss: 0.9018 | G_Loss: -0.2182 | G_GAN: 4.7059 | L_Words: -0.9974 | L_Sent: 0.0023 | L_DAMSM: -0.9951 | L_KL: 0.0256 | Gamma_DAMSM: 5.0000 | Lambda_KL: 2.0000
Step [171] | D_Loss: 0.8836 | G_Loss: -1.1481 | G_GAN: 3.7766 | L_Words: -0.9976 | L_Sent: 0.0025 | L_DAMSM: -0.9951 | L_KL: 0.0255 | Gamma_DAMSM: 5.0000 | Lambda_KL: 2.0000
Step [172] | D_Loss: 1.0027 | G_Loss: 0.6746 | G_GAN: 5.6108 | L_Words: -0.9976 | L_Sent: 0.0003 | L_DAMSM: -0.9973 | L_KL: 0.0253 | Gamma_DAMSM: 5.0000 | Lambda_KL: 2.0000
Step [173] | D_Loss: 0.9414 | G_Loss: -0.5104 | G_GAN: 4.4158 | L_Words: -0.9970 | L_Sent: 0.0018 | L_DAMSM: -0.9952 | L_KL: 0.0249 | Gamma_DAMSM: 5.0000 | Lambda_KL: 2.0000
Step [174] | D_Loss: 1.2456 | G_Loss: 1.0061 | G_GAN: 5.9375 | L_Words: -0.9976 | L_Sent: 0.0013 | L_DAMSM: -0.9963 | L_KL: 0.0249 | Gamma_DAMSM: 5.0000 | Lambda_KL: 2.0000
Step [175] | D_Loss: 1.2543 | G_Loss: 0.1688 | G_GAN: 5.0979 | L_Words: -0.9979 | L_Sent: 0.0018 | L_DAMSM: -0.9960 | L_KL: 0.0255 | Gamma_DAMSM: 5.0000 | Lambda_KL: 2.0000
Step [176] | D_Loss: 1.1096 | G_Loss: -0.6488 | G_GAN: 4.2742 | L_Words: -0.9968 | L_Sent: 0.0018 | L_DAMSM: -0.9949 | L_KL: 0.0259 | Gamma_DAMSM: 5.0000 | Lambda_KL: 2.0000
Step [177] | D_Loss: 1.2256 | G_Loss: 1.0269 | G_GAN: 5.9542 | L_Words: -0.9979 | L_Sent: 0.0020 | L_DAMSM: -0.9959 | L_KL: 0.0262 | Gamma_DAMSM: 5.0000 | Lambda_KL: 2.0000
Step [178] | D_Loss: 0.8618 | G_Loss: 1.5024 | G_GAN: 6.4350 | L_Words: -0.9982 | L_Sent: 0.0010 | L_DAMSM: -0.9972 | L_KL: 0.0268 | Gamma_DAMSM: 5.0000 | Lambda_KL: 2.0000
Step [179] | D_Loss: 0.9738 | G_Loss: 1.1644 | G_GAN: 6.0742 | L_Words: -0.9947 | L_Sent: 0.0019 | L_DAMSM: -0.9928 | L_KL: 0.0272 | Gamma_DAMSM: 5.0000 | Lambda_KL: 2.0000
Step [180] | D_Loss: 1.6084 | G_Loss: -0.8905 | G_GAN: 4.0286 | L_Words: -0.9980 | L_Sent: 0.0034 | L_DAMSM: -0.9946 | L_KL: 0.0269 | Gamma_DAMSM: 5.0000 | Lambda_KL: 2.0000
Step [181] | D_Loss: 1.5869 | G_Loss: 0.5313 | G_GAN: 5.4615 | L_Words: -0.9982 | L_Sent: 0.0016 | L_DAMSM: -0.9966 | L_KL: 0.0265 | Gamma_DAMSM: 5.0000 | Lambda_KL: 2.0000
Step [182] | D_Loss: 1.2159 | G_Loss: 0.5629 | G_GAN: 5.4905 | L_Words: -0.9977 | L_Sent: 0.0014 | L_DAMSM: -0.9963 | L_KL: 0.0271 | Gamma_DAMSM: 5.0000 | Lambda_KL: 2.0000
Step [183] | D_Loss: 0.9354 | G_Loss: -0.3344 | G_GAN: 4.5940 | L_Words: -0.9986 | L_Sent: 0.0020 | L_DAMSM: -0.9965 | L_KL: 0.0271 | Gamma_DAMSM: 5.0000 | Lambda_KL: 2.0000
Step [184] | D_Loss: 1.1342 | G_Loss: 0.0341 | G_GAN: 4.9665 | L_Words: -0.9982 | L_Sent: 0.0008 | L_DAMSM: -0.9973 | L_KL: 0.0272 | Gamma_DAMSM: 5.0000 | Lambda_KL: 2.0000
Step [185] | D_Loss: 1.0334 | G_Loss: 0.1382 | G_GAN: 5.0607 | L_Words: -0.9978 | L_Sent: 0.0022 | L_DAMSM: -0.9956 | L_KL: 0.0277 | Gamma_DAMSM: 5.0000 | Lambda_KL: 2.0000
Step [186] | D_Loss: 1.0337 | G_Loss: 1.8153 | G_GAN: 6.7462 | L_Words: -0.9982 | L_Sent: 0.0006 | L_DAMSM: -0.9975 | L_KL: 0.0284 | Gamma_DAMSM: 5.0000 | Lambda_KL: 2.0000
Step [187] | D_Loss: 1.0392 | G_Loss: 1.2855 | G_GAN: 6.2090 | L_Words: -0.9974 | L_Sent: 0.0012 | L_DAMSM: -0.9962 | L_KL: 0.0288 | Gamma_DAMSM: 5.0000 | Lambda_KL: 2.0000
Step [188] | D_Loss: 0.8496 | G_Loss: 1.7461 | G_GAN: 6.6720 | L_Words: -0.9977 | L_Sent: 0.0007 | L_DAMSM: -0.9970 | L_KL: 0.0295 | Gamma_DAMSM: 5.0000 | Lambda_KL: 2.0000
Step [189] | D_Loss: 0.9672 | G_Loss: 1.2399 | G_GAN: 6.1484 | L_Words: -0.9966 | L_Sent: 0.0028 | L_DAMSM: -0.9938 | L_KL: 0.0303 | Gamma_DAMSM: 5.0000 | Lambda_KL: 2.0000
Step [190] | D_Loss: 1.0629 | G_Loss: 2.5476 | G_GAN: 7.4616 | L_Words: -0.9972 | L_Sent: 0.0022 | L_DAMSM: -0.9950 | L_KL: 0.0305 | Gamma_DAMSM: 5.0000 | Lambda_KL: 2.0000
Step [191] | D_Loss: 0.9815 | G_Loss: 0.0158 | G_GAN: 4.9310 | L_Words: -0.9973 | L_Sent: 0.0022 | L_DAMSM: -0.9951 | L_KL: 0.0303 | Gamma_DAMSM: 5.0000 | Lambda_KL: 2.0000
Step [192] | D_Loss: 1.4311 | G_Loss: 3.4759 | G_GAN: 8.3934 | L_Words: -0.9980 | L_Sent: 0.0028 | L_DAMSM: -0.9952 | L_KL: 0.0294 | Gamma_DAMSM: 5.0000 | Lambda_KL: 2.0000
Step [193] | D_Loss: 1.0220 | G_Loss: 0.9791 | G_GAN: 5.8952 | L_Words: -0.9977 | L_Sent: 0.0032 | L_DAMSM: -0.9946 | L_KL: 0.0283 | Gamma_DAMSM: 5.0000 | Lambda_KL: 2.0000
Step [194] | D_Loss: 1.0552 | G_Loss: -0.0529 | G_GAN: 4.8773 | L_Words: -0.9976 | L_Sent: 0.0007 | L_DAMSM: -0.9968 | L_KL: 0.0270 | Gamma_DAMSM: 5.0000 | Lambda_KL: 2.0000
Step [195] | D_Loss: 0.9324 | G_Loss: -0.7131 | G_GAN: 4.2189 | L_Words: -0.9979 | L_Sent: 0.0010 | L_DAMSM: -0.9969 | L_KL: 0.0262 | Gamma_DAMSM: 5.0000 | Lambda_KL: 2.0000
Step [196] | D_Loss: 1.7700 | G_Loss: 0.9007 | G_GAN: 5.8343 | L_Words: -0.9975 | L_Sent: 0.0005 | L_DAMSM: -0.9970 | L_KL: 0.0257 | Gamma_DAMSM: 5.0000 | Lambda_KL: 2.0000
Step [197] | D_Loss: 1.0679 | G_Loss: 2.1757 | G_GAN: 7.1104 | L_Words: -0.9975 | L_Sent: 0.0004 | L_DAMSM: -0.9971 | L_KL: 0.0254 | Gamma_DAMSM: 5.0000 | Lambda_KL: 2.0000
Step [198] | D_Loss: 0.8485 | G_Loss: 2.1932 | G_GAN: 7.1341 | L_Words: -0.9982 | L_Sent: 0.0001 | L_DAMSM: -0.9981 | L_KL: 0.0248 | Gamma_DAMSM: 5.0000 | Lambda_KL: 2.0000
Step [199] | D_Loss: 1.1762 | G_Loss: 1.9180 | G_GAN: 6.8489 | L_Words: -0.9958 | L_Sent: 0.0001 | L_DAMSM: -0.9957 | L_KL: 0.0238 | Gamma_DAMSM: 5.0000 | Lambda_KL: 2.0000
Step [200] | D_Loss: 0.7203 | G_Loss: 4.2855 | G_GAN: 9.2297 | L_Words: -0.9982 | L_Sent: 0.0001 | L_DAMSM: -0.9981 | L_KL: 0.0231 | Gamma_DAMSM: 5.0000 | Lambda_KL: 2.0000
Step [201] | D_Loss: 1.8046 | G_Loss: 1.5126 | G_GAN: 6.4463 | L_Words: -0.9968 | L_Sent: 0.0009 | L_DAMSM: -0.9959 | L_KL: 0.0230 | Gamma_DAMSM: 5.0000 | Lambda_KL: 2.0000
Step [202] | D_Loss: 1.3203 | G_Loss: 0.0430 | G_GAN: 4.9719 | L_Words: -0.9967 | L_Sent: 0.0018 | L_DAMSM: -0.9949 | L_KL: 0.0228 | Gamma_DAMSM: 5.0000 | Lambda_KL: 2.0000
Step [203] | D_Loss: 1.2455 | G_Loss: 1.2874 | G_GAN: 6.2265 | L_Words: -0.9972 | L_Sent: 0.0004 | L_DAMSM: -0.9969 | L_KL: 0.0226 | Gamma_DAMSM: 5.0000 | Lambda_KL: 2.0000
Step [204] | D_Loss: 0.9274 | G_Loss: 1.9051 | G_GAN: 6.8469 | L_Words: -0.9974 | L_Sent: 0.0000 | L_DAMSM: -0.9974 | L_KL: 0.0226 | Gamma_DAMSM: 5.0000 | Lambda_KL: 2.0000
Step [205] | D_Loss: 1.2055 | G_Loss: -0.2256 | G_GAN: 4.7171 | L_Words: -0.9979 | L_Sent: 0.0002 | L_DAMSM: -0.9976 | L_KL: 0.0227 | Gamma_DAMSM: 5.0000 | Lambda_KL: 2.0000
Step [206] | D_Loss: 1.4940 | G_Loss: -0.6368 | G_GAN: 4.3094 | L_Words: -0.9985 | L_Sent: 0.0002 | L_DAMSM: -0.9984 | L_KL: 0.0228 | Gamma_DAMSM: 5.0000 | Lambda_KL: 2.0000
Step [207] | D_Loss: 1.2033 | G_Loss: 0.1599 | G_GAN: 5.0931 | L_Words: -0.9979 | L_Sent: 0.0022 | L_DAMSM: -0.9956 | L_KL: 0.0225 | Gamma_DAMSM: 5.0000 | Lambda_KL: 2.0000
Step [208] | D_Loss: 1.1318 | G_Loss: 0.4311 | G_GAN: 5.3605 | L_Words: -0.9961 | L_Sent: 0.0014 | L_DAMSM: -0.9947 | L_KL: 0.0221 | Gamma_DAMSM: 5.0000 | Lambda_KL: 2.0000
Step [209] | D_Loss: 1.1449 | G_Loss: 0.7799 | G_GAN: 5.7195 | L_Words: -0.9975 | L_Sent: 0.0008 | L_DAMSM: -0.9966 | L_KL: 0.0218 | Gamma_DAMSM: 5.0000 | Lambda_KL: 2.0000
Step [210] | D_Loss: 0.9516 | G_Loss: 1.1469 | G_GAN: 6.0872 | L_Words: -0.9975 | L_Sent: 0.0009 | L_DAMSM: -0.9966 | L_KL: 0.0213 | Gamma_DAMSM: 5.0000 | Lambda_KL: 2.0000
Step [211] | D_Loss: 1.1292 | G_Loss: 2.4489 | G_GAN: 7.3897 | L_Words: -0.9967 | L_Sent: 0.0002 | L_DAMSM: -0.9965 | L_KL: 0.0210 | Gamma_DAMSM: 5.0000 | Lambda_KL: 2.0000
Step [212] | D_Loss: 0.7452 | G_Loss: 2.9950 | G_GAN: 7.9199 | L_Words: -0.9957 | L_Sent: 0.0024 | L_DAMSM: -0.9933 | L_KL: 0.0209 | Gamma_DAMSM: 5.0000 | Lambda_KL: 2.0000
Step [213] | D_Loss: 0.9424 | G_Loss: 2.7287 | G_GAN: 7.6756 | L_Words: -0.9978 | L_Sent: 0.0001 | L_DAMSM: -0.9977 | L_KL: 0.0207 | Gamma_DAMSM: 5.0000 | Lambda_KL: 2.0000
Step [214] | D_Loss: 0.7651 | G_Loss: 2.7206 | G_GAN: 7.6671 | L_Words: -0.9975 | L_Sent: 0.0001 | L_DAMSM: -0.9974 | L_KL: 0.0202 | Gamma_DAMSM: 5.0000 | Lambda_KL: 2.0000
Step [215] | D_Loss: 1.5848 | G_Loss: 3.6780 | G_GAN: 8.6139 | L_Words: -0.9976 | L_Sent: 0.0026 | L_DAMSM: -0.9950 | L_KL: 0.0196 | Gamma_DAMSM: 5.0000 | Lambda_KL: 2.0000
Step [216] | D_Loss: 0.7421 | G_Loss: 3.0353 | G_GAN: 7.9782 | L_Words: -0.9973 | L_Sent: 0.0011 | L_DAMSM: -0.9962 | L_KL: 0.0191 | Gamma_DAMSM: 5.0000 | Lambda_KL: 2.0000
Step [217] | D_Loss: 1.2435 | G_Loss: 1.1444 | G_GAN: 6.0953 | L_Words: -0.9977 | L_Sent: 0.0001 | L_DAMSM: -0.9976 | L_KL: 0.0185 | Gamma_DAMSM: 5.0000 | Lambda_KL: 2.0000
Step [218] | D_Loss: 1.1870 | G_Loss: 0.7785 | G_GAN: 5.7255 | L_Words: -0.9978 | L_Sent: 0.0010 | L_DAMSM: -0.9969 | L_KL: 0.0186 | Gamma_DAMSM: 5.0000 | Lambda_KL: 2.0000
Step [219] | D_Loss: 1.5411 | G_Loss: 2.3212 | G_GAN: 7.2646 | L_Words: -0.9986 | L_Sent: 0.0025 | L_DAMSM: -0.9961 | L_KL: 0.0186 | Gamma_DAMSM: 5.0000 | Lambda_KL: 2.0000
Step [220] | D_Loss: 1.1467 | G_Loss: 0.0679 | G_GAN: 5.0114 | L_Words: -0.9976 | L_Sent: 0.0015 | L_DAMSM: -0.9961 | L_KL: 0.0185 | Gamma_DAMSM: 5.0000 | Lambda_KL: 2.0000
Step [221] | D_Loss: 1.2479 | G_Loss: 1.7304 | G_GAN: 6.6723 | L_Words: -0.9972 | L_Sent: 0.0016 | L_DAMSM: -0.9957 | L_KL: 0.0182 | Gamma_DAMSM: 5.0000 | Lambda_KL: 2.0000
Step [222] | D_Loss: 0.7611 | G_Loss: 2.2943 | G_GAN: 7.2394 | L_Words: -0.9978 | L_Sent: 0.0015 | L_DAMSM: -0.9963 | L_KL: 0.0183 | Gamma_DAMSM: 5.0000 | Lambda_KL: 2.0000
Step [223] | D_Loss: 1.3822 | G_Loss: 1.9419 | G_GAN: 6.8903 | L_Words: -0.9979 | L_Sent: 0.0008 | L_DAMSM: -0.9971 | L_KL: 0.0186 | Gamma_DAMSM: 5.0000 | Lambda_KL: 2.0000
Step [224] | D_Loss: 1.1381 | G_Loss: 3.1283 | G_GAN: 8.0776 | L_Words: -0.9978 | L_Sent: 0.0001 | L_DAMSM: -0.9977 | L_KL: 0.0197 | Gamma_DAMSM: 5.0000 | Lambda_KL: 2.0000
Step [225] | D_Loss: 0.9828 | G_Loss: 1.2371 | G_GAN: 6.1812 | L_Words: -0.9984 | L_Sent: 0.0013 | L_DAMSM: -0.9971 | L_KL: 0.0206 | Gamma_DAMSM: 5.0000 | Lambda_KL: 2.0000
Step [226] | D_Loss: 0.8584 | G_Loss: 1.1749 | G_GAN: 6.1161 | L_Words: -0.9969 | L_Sent: 0.0002 | L_DAMSM: -0.9967 | L_KL: 0.0212 | Gamma_DAMSM: 5.0000 | Lambda_KL: 2.0000
Step [227] | D_Loss: 0.9011 | G_Loss: 3.5971 | G_GAN: 8.5403 | L_Words: -0.9981 | L_Sent: 0.0008 | L_DAMSM: -0.9973 | L_KL: 0.0217 | Gamma_DAMSM: 5.0000 | Lambda_KL: 2.0000
Step [228] | D_Loss: 0.5353 | G_Loss: 4.3406 | G_GAN: 9.2814 | L_Words: -0.9976 | L_Sent: 0.0008 | L_DAMSM: -0.9969 | L_KL: 0.0218 | Gamma_DAMSM: 5.0000 | Lambda_KL: 2.0000
Step [229] | D_Loss: 0.7379 | G_Loss: 3.3885 | G_GAN: 8.3310 | L_Words: -0.9986 | L_Sent: 0.0014 | L_DAMSM: -0.9972 | L_KL: 0.0217 | Gamma_DAMSM: 5.0000 | Lambda_KL: 2.0000
Step [230] | D_Loss: 1.1154 | G_Loss: 4.0127 | G_GAN: 8.9588 | L_Words: -0.9984 | L_Sent: 0.0004 | L_DAMSM: -0.9980 | L_KL: 0.0218 | Gamma_DAMSM: 5.0000 | Lambda_KL: 2.0000
Step [231] | D_Loss: 0.8090 | G_Loss: 5.3943 | G_GAN: 10.3287 | L_Words: -0.9968 | L_Sent: 0.0015 | L_DAMSM: -0.9953 | L_KL: 0.0210 | Gamma_DAMSM: 5.0000 | Lambda_KL: 2.0000
Step [232] | D_Loss: 1.2104 | G_Loss: 2.3303 | G_GAN: 7.2613 | L_Words: -0.9966 | L_Sent: 0.0020 | L_DAMSM: -0.9946 | L_KL: 0.0210 | Gamma_DAMSM: 5.0000 | Lambda_KL: 2.0000
Step [233] | D_Loss: 1.3476 | G_Loss: 2.8311 | G_GAN: 7.7672 | L_Words: -0.9970 | L_Sent: 0.0013 | L_DAMSM: -0.9957 | L_KL: 0.0213 | Gamma_DAMSM: 5.0000 | Lambda_KL: 2.0000
Step [234] | D_Loss: 1.6060 | G_Loss: -1.2071 | G_GAN: 3.7339 | L_Words: -0.9980 | L_Sent: 0.0011 | L_DAMSM: -0.9968 | L_KL: 0.0216 | Gamma_DAMSM: 5.0000 | Lambda_KL: 2.0000
Step [235] | D_Loss: 1.2560 | G_Loss: 3.0022 | G_GAN: 7.9325 | L_Words: -0.9970 | L_Sent: 0.0017 | L_DAMSM: -0.9952 | L_KL: 0.0229 | Gamma_DAMSM: 5.0000 | Lambda_KL: 2.0000
Step [236] | D_Loss: 0.7203 | G_Loss: 3.4442 | G_GAN: 8.3856 | L_Words: -0.9982 | L_Sent: 0.0002 | L_DAMSM: -0.9980 | L_KL: 0.0244 | Gamma_DAMSM: 5.0000 | Lambda_KL: 2.0000
Step [237] | D_Loss: 1.6519 | G_Loss: -0.1671 | G_GAN: 4.7626 | L_Words: -0.9972 | L_Sent: 0.0014 | L_DAMSM: -0.9958 | L_KL: 0.0246 | Gamma_DAMSM: 5.0000 | Lambda_KL: 2.0000
Step [238] | D_Loss: 1.2521 | G_Loss: 2.7713 | G_GAN: 7.7109 | L_Words: -0.9981 | L_Sent: 0.0003 | L_DAMSM: -0.9978 | L_KL: 0.0247 | Gamma_DAMSM: 5.0000 | Lambda_KL: 2.0000
Step [239] | D_Loss: 0.9973 | G_Loss: 1.1652 | G_GAN: 6.0961 | L_Words: -0.9978 | L_Sent: 0.0017 | L_DAMSM: -0.9961 | L_KL: 0.0248 | Gamma_DAMSM: 5.0000 | Lambda_KL: 2.0000
Step [240] | D_Loss: 1.1343 | G_Loss: 1.2091 | G_GAN: 6.1442 | L_Words: -0.9985 | L_Sent: 0.0015 | L_DAMSM: -0.9970 | L_KL: 0.0250 | Gamma_DAMSM: 5.0000 | Lambda_KL: 2.0000
Step [241] | D_Loss: 1.0437 | G_Loss: -0.0413 | G_GAN: 4.8912 | L_Words: -0.9970 | L_Sent: 0.0004 | L_DAMSM: -0.9966 | L_KL: 0.0252 | Gamma_DAMSM: 5.0000 | Lambda_KL: 2.0000
Step [242] | D_Loss: 1.4487 | G_Loss: -0.4753 | G_GAN: 4.4575 | L_Words: -0.9970 | L_Sent: 0.0002 | L_DAMSM: -0.9968 | L_KL: 0.0255 | Gamma_DAMSM: 5.0000 | Lambda_KL: 2.0000
Step [243] | D_Loss: 1.3308 | G_Loss: -1.0794 | G_GAN: 3.8570 | L_Words: -0.9977 | L_Sent: 0.0003 | L_DAMSM: -0.9974 | L_KL: 0.0253 | Gamma_DAMSM: 5.0000 | Lambda_KL: 2.0000
Step [244] | D_Loss: 0.9081 | G_Loss: -0.6365 | G_GAN: 4.2865 | L_Words: -0.9955 | L_Sent: 0.0007 | L_DAMSM: -0.9947 | L_KL: 0.0254 | Gamma_DAMSM: 5.0000 | Lambda_KL: 2.0000
Step [245] | D_Loss: 1.1778 | G_Loss: -0.2827 | G_GAN: 4.6579 | L_Words: -0.9985 | L_Sent: 0.0002 | L_DAMSM: -0.9984 | L_KL: 0.0256 | Gamma_DAMSM: 5.0000 | Lambda_KL: 2.0000
Step [246] | D_Loss: 1.2246 | G_Loss: 0.6346 | G_GAN: 5.5711 | L_Words: -0.9978 | L_Sent: 0.0001 | L_DAMSM: -0.9977 | L_KL: 0.0260 | Gamma_DAMSM: 5.0000 | Lambda_KL: 2.0000
Step [247] | D_Loss: 0.9947 | G_Loss: 2.1561 | G_GAN: 7.0942 | L_Words: -0.9983 | L_Sent: 0.0001 | L_DAMSM: -0.9983 | L_KL: 0.0266 | Gamma_DAMSM: 5.0000 | Lambda_KL: 2.0000
Step [248] | D_Loss: 1.0760 | G_Loss: 2.7030 | G_GAN: 7.6306 | L_Words: -0.9966 | L_Sent: 0.0002 | L_DAMSM: -0.9964 | L_KL: 0.0273 | Gamma_DAMSM: 5.0000 | Lambda_KL: 2.0000
Step [249] | D_Loss: 1.0746 | G_Loss: 2.3173 | G_GAN: 7.2513 | L_Words: -0.9981 | L_Sent: 0.0002 | L_DAMSM: -0.9979 | L_KL: 0.0278 | Gamma_DAMSM: 5.0000 | Lambda_KL: 2.0000
Step [250] | D_Loss: 0.8438 | G_Loss: 2.8632 | G_GAN: 7.7958 | L_Words: -0.9979 | L_Sent: 0.0001 | L_DAMSM: -0.9978 | L_KL: 0.0282 | Gamma_DAMSM: 5.0000 | Lambda_KL: 2.0000
Step [251] | D_Loss: 0.7982 | G_Loss: 3.2542 | G_GAN: 8.1764 | L_Words: -0.9962 | L_Sent: 0.0006 | L_DAMSM: -0.9956 | L_KL: 0.0279 | Gamma_DAMSM: 5.0000 | Lambda_KL: 2.0000
Step [252] | D_Loss: 1.0737 | G_Loss: 1.1596 | G_GAN: 6.0924 | L_Words: -0.9981 | L_Sent: 0.0002 | L_DAMSM: -0.9979 | L_KL: 0.0282 | Gamma_DAMSM: 5.0000 | Lambda_KL: 2.0000
Step [253] | D_Loss: 0.8209 | G_Loss: 3.5140 | G_GAN: 8.4402 | L_Words: -0.9974 | L_Sent: 0.0005 | L_DAMSM: -0.9968 | L_KL: 0.0290 | Gamma_DAMSM: 5.0000 | Lambda_KL: 2.0000
Step [254] | D_Loss: 0.9986 | G_Loss: 6.6024 | G_GAN: 11.5310 | L_Words: -0.9976 | L_Sent: 0.0004 | L_DAMSM: -0.9972 | L_KL: 0.0286 | Gamma_DAMSM: 5.0000 | Lambda_KL: 2.0000
Step [255] | D_Loss: 0.6464 | G_Loss: 6.0353 | G_GAN: 10.9581 | L_Words: -0.9960 | L_Sent: 0.0003 | L_DAMSM: -0.9958 | L_KL: 0.0281 | Gamma_DAMSM: 5.0000 | Lambda_KL: 2.0000
Step [256] | D_Loss: 0.9229 | G_Loss: -0.2812 | G_GAN: 4.6497 | L_Words: -0.9978 | L_Sent: 0.0001 | L_DAMSM: -0.9977 | L_KL: 0.0287 | Gamma_DAMSM: 5.0000 | Lambda_KL: 2.0000
Step [257] | D_Loss: 1.0453 | G_Loss: 4.7679 | G_GAN: 9.6915 | L_Words: -0.9965 | L_Sent: 0.0001 | L_DAMSM: -0.9964 | L_KL: 0.0292 | Gamma_DAMSM: 5.0000 | Lambda_KL: 2.0000
Step [258] | D_Loss: 0.7747 | G_Loss: 4.4673 | G_GAN: 9.3951 | L_Words: -0.9975 | L_Sent: 0.0003 | L_DAMSM: -0.9972 | L_KL: 0.0290 | Gamma_DAMSM: 5.0000 | Lambda_KL: 2.0000
Step [259] | D_Loss: 0.9778 | G_Loss: 3.2233 | G_GAN: 8.1432 | L_Words: -0.9981 | L_Sent: 0.0029 | L_DAMSM: -0.9952 | L_KL: 0.0281 | Gamma_DAMSM: 5.0000 | Lambda_KL: 2.0000
Step [260] | D_Loss: 0.9266 | G_Loss: 5.2358 | G_GAN: 10.1683 | L_Words: -0.9978 | L_Sent: 0.0005 | L_DAMSM: -0.9973 | L_KL: 0.0271 | Gamma_DAMSM: 5.0000 | Lambda_KL: 2.0000
Step [261] | D_Loss: 1.0922 | G_Loss: 0.8809 | G_GAN: 5.8127 | L_Words: -0.9974 | L_Sent: 0.0002 | L_DAMSM: -0.9972 | L_KL: 0.0271 | Gamma_DAMSM: 5.0000 | Lambda_KL: 2.0000
Step [262] | D_Loss: 1.3375 | G_Loss: 4.6060 | G_GAN: 9.5371 | L_Words: -0.9981 | L_Sent: 0.0011 | L_DAMSM: -0.9970 | L_KL: 0.0269 | Gamma_DAMSM: 5.0000 | Lambda_KL: 2.0000
Step [263] | D_Loss: 1.0412 | G_Loss: 5.0363 | G_GAN: 9.9649 | L_Words: -0.9969 | L_Sent: 0.0001 | L_DAMSM: -0.9967 | L_KL: 0.0275 | Gamma_DAMSM: 5.0000 | Lambda_KL: 2.0000
Step [264] | D_Loss: 0.9677 | G_Loss: 4.1015 | G_GAN: 9.0320 | L_Words: -0.9977 | L_Sent: 0.0001 | L_DAMSM: -0.9976 | L_KL: 0.0288 | Gamma_DAMSM: 5.0000 | Lambda_KL: 2.0000
Step [265] | D_Loss: 0.8848 | G_Loss: 3.1041 | G_GAN: 8.0301 | L_Words: -0.9972 | L_Sent: 0.0002 | L_DAMSM: -0.9970 | L_KL: 0.0296 | Gamma_DAMSM: 5.0000 | Lambda_KL: 2.0000
Step [266] | D_Loss: 0.8774 | G_Loss: 5.3952 | G_GAN: 10.3210 | L_Words: -0.9972 | L_Sent: 0.0001 | L_DAMSM: -0.9971 | L_KL: 0.0300 | Gamma_DAMSM: 5.0000 | Lambda_KL: 2.0000
Step [267] | D_Loss: 0.8799 | G_Loss: 3.2059 | G_GAN: 8.1349 | L_Words: -0.9982 | L_Sent: 0.0002 | L_DAMSM: -0.9979 | L_KL: 0.0303 | Gamma_DAMSM: 5.0000 | Lambda_KL: 2.0000
Step [268] | D_Loss: 0.8642 | G_Loss: 3.2701 | G_GAN: 8.2002 | L_Words: -0.9985 | L_Sent: 0.0002 | L_DAMSM: -0.9983 | L_KL: 0.0306 | Gamma_DAMSM: 5.0000 | Lambda_KL: 2.0000
Step [269] | D_Loss: 0.8379 | G_Loss: 3.9393 | G_GAN: 8.8651 | L_Words: -0.9976 | L_Sent: 0.0002 | L_DAMSM: -0.9974 | L_KL: 0.0306 | Gamma_DAMSM: 5.0000 | Lambda_KL: 2.0000
Step [270] | D_Loss: 0.6255 | G_Loss: 5.6920 | G_GAN: 10.6088 | L_Words: -0.9959 | L_Sent: 0.0001 | L_DAMSM: -0.9958 | L_KL: 0.0312 | Gamma_DAMSM: 5.0000 | Lambda_KL: 2.0000
Step [271] | D_Loss: 0.7626 | G_Loss: 1.5460 | G_GAN: 6.4613 | L_Words: -0.9963 | L_Sent: 0.0002 | L_DAMSM: -0.9960 | L_KL: 0.0324 | Gamma_DAMSM: 5.0000 | Lambda_KL: 2.0000
Step [272] | D_Loss: 1.1349 | G_Loss: 2.0861 | G_GAN: 7.0107 | L_Words: -0.9981 | L_Sent: 0.0002 | L_DAMSM: -0.9979 | L_KL: 0.0324 | Gamma_DAMSM: 5.0000 | Lambda_KL: 2.0000
Step [273] | D_Loss: 0.8944 | G_Loss: 4.1484 | G_GAN: 9.0701 | L_Words: -0.9973 | L_Sent: 0.0001 | L_DAMSM: -0.9972 | L_KL: 0.0321 | Gamma_DAMSM: 5.0000 | Lambda_KL: 2.0000
Step [274] | D_Loss: 0.8807 | G_Loss: 6.4176 | G_GAN: 11.3334 | L_Words: -0.9959 | L_Sent: 0.0000 | L_DAMSM: -0.9959 | L_KL: 0.0318 | Gamma_DAMSM: 5.0000 | Lambda_KL: 2.0000
Step [275] | D_Loss: 1.2101 | G_Loss: 2.6764 | G_GAN: 7.6043 | L_Words: -0.9981 | L_Sent: 0.0001 | L_DAMSM: -0.9981 | L_KL: 0.0312 | Gamma_DAMSM: 5.0000 | Lambda_KL: 2.0000
Step [276] | D_Loss: 1.3312 | G_Loss: 3.7448 | G_GAN: 8.6691 | L_Words: -0.9976 | L_Sent: 0.0001 | L_DAMSM: -0.9975 | L_KL: 0.0317 | Gamma_DAMSM: 5.0000 | Lambda_KL: 2.0000
Step [277] | D_Loss: 1.3055 | G_Loss: 1.6886 | G_GAN: 6.6104 | L_Words: -0.9974 | L_Sent: 0.0001 | L_DAMSM: -0.9972 | L_KL: 0.0322 | Gamma_DAMSM: 5.0000 | Lambda_KL: 2.0000
Step [278] | D_Loss: 1.0414 | G_Loss: 1.9354 | G_GAN: 6.8574 | L_Words: -0.9979 | L_Sent: 0.0001 | L_DAMSM: -0.9979 | L_KL: 0.0337 | Gamma_DAMSM: 5.0000 | Lambda_KL: 2.0000
Step [279] | D_Loss: 0.9338 | G_Loss: 1.5949 | G_GAN: 6.5136 | L_Words: -0.9977 | L_Sent: 0.0001 | L_DAMSM: -0.9976 | L_KL: 0.0346 | Gamma_DAMSM: 5.0000 | Lambda_KL: 2.0000
Step [280] | D_Loss: 0.6067 | G_Loss: 3.1709 | G_GAN: 8.0773 | L_Words: -0.9960 | L_Sent: 0.0002 | L_DAMSM: -0.9958 | L_KL: 0.0364 | Gamma_DAMSM: 5.0000 | Lambda_KL: 2.0000
Step [281] | D_Loss: 1.4261 | G_Loss: 4.1165 | G_GAN: 9.0309 | L_Words: -0.9983 | L_Sent: 0.0001 | L_DAMSM: -0.9983 | L_KL: 0.0386 | Gamma_DAMSM: 5.0000 | Lambda_KL: 2.0000
Step [282] | D_Loss: 0.7837 | G_Loss: 3.1244 | G_GAN: 8.0372 | L_Words: -0.9987 | L_Sent: 0.0001 | L_DAMSM: -0.9986 | L_KL: 0.0401 | Gamma_DAMSM: 5.0000 | Lambda_KL: 2.0000
Step [283] | D_Loss: 0.8777 | G_Loss: 3.9175 | G_GAN: 8.8235 | L_Words: -0.9979 | L_Sent: 0.0000 | L_DAMSM: -0.9979 | L_KL: 0.0417 | Gamma_DAMSM: 5.0000 | Lambda_KL: 2.0000
Step [284] | D_Loss: 0.9074 | G_Loss: 2.7968 | G_GAN: 7.6985 | L_Words: -0.9974 | L_Sent: 0.0001 | L_DAMSM: -0.9973 | L_KL: 0.0424 | Gamma_DAMSM: 5.0000 | Lambda_KL: 2.0000
Step [285] | D_Loss: 0.7078 | G_Loss: 4.9547 | G_GAN: 9.8488 | L_Words: -0.9959 | L_Sent: 0.0001 | L_DAMSM: -0.9959 | L_KL: 0.0426 | Gamma_DAMSM: 5.0000 | Lambda_KL: 2.0000
Step [286] | D_Loss: 0.5944 | G_Loss: 6.1203 | G_GAN: 11.0288 | L_Words: -0.9987 | L_Sent: 0.0000 | L_DAMSM: -0.9986 | L_KL: 0.0424 | Gamma_DAMSM: 5.0000 | Lambda_KL: 2.0000
Step [287] | D_Loss: 0.7700 | G_Loss: 6.3987 | G_GAN: 11.3005 | L_Words: -0.9974 | L_Sent: 0.0000 | L_DAMSM: -0.9974 | L_KL: 0.0425 | Gamma_DAMSM: 5.0000 | Lambda_KL: 2.0000
Step [288] | D_Loss: 0.9811 | G_Loss: 3.7239 | G_GAN: 8.6230 | L_Words: -0.9971 | L_Sent: 0.0001 | L_DAMSM: -0.9970 | L_KL: 0.0430 | Gamma_DAMSM: 5.0000 | Lambda_KL: 2.0000
Step [289] | D_Loss: 0.8023 | G_Loss: 2.8497 | G_GAN: 7.7530 | L_Words: -0.9980 | L_Sent: 0.0001 | L_DAMSM: -0.9979 | L_KL: 0.0432 | Gamma_DAMSM: 5.0000 | Lambda_KL: 2.0000
Step [290] | D_Loss: 0.7998 | G_Loss: 3.3571 | G_GAN: 8.2579 | L_Words: -0.9980 | L_Sent: 0.0001 | L_DAMSM: -0.9979 | L_KL: 0.0443 | Gamma_DAMSM: 5.0000 | Lambda_KL: 2.0000
Step [291] | D_Loss: 1.2139 | G_Loss: 4.9545 | G_GAN: 9.8532 | L_Words: -0.9974 | L_Sent: 0.0001 | L_DAMSM: -0.9973 | L_KL: 0.0439 | Gamma_DAMSM: 5.0000 | Lambda_KL: 2.0000
Step [292] | D_Loss: 0.4930 | G_Loss: 3.0802 | G_GAN: 7.9830 | L_Words: -0.9972 | L_Sent: 0.0001 | L_DAMSM: -0.9971 | L_KL: 0.0414 | Gamma_DAMSM: 5.0000 | Lambda_KL: 2.0000
Step [293] | D_Loss: 0.9291 | G_Loss: 4.7112 | G_GAN: 9.6171 | L_Words: -0.9977 | L_Sent: 0.0000 | L_DAMSM: -0.9977 | L_KL: 0.0412 | Gamma_DAMSM: 5.0000 | Lambda_KL: 2.0000
Step [294] | D_Loss: 1.0116 | G_Loss: 3.3825 | G_GAN: 8.2888 | L_Words: -0.9972 | L_Sent: 0.0000 | L_DAMSM: -0.9972 | L_KL: 0.0399 | Gamma_DAMSM: 5.0000 | Lambda_KL: 2.0000
Step [295] | D_Loss: 1.2265 | G_Loss: 3.8516 | G_GAN: 8.7512 | L_Words: -0.9971 | L_Sent: 0.0000 | L_DAMSM: -0.9971 | L_KL: 0.0429 | Gamma_DAMSM: 5.0000 | Lambda_KL: 2.0000
Step [296] | D_Loss: 0.7590 | G_Loss: 3.1402 | G_GAN: 8.0432 | L_Words: -0.9982 | L_Sent: 0.0000 | L_DAMSM: -0.9982 | L_KL: 0.0440 | Gamma_DAMSM: 5.0000 | Lambda_KL: 2.0000
Step [297] | D_Loss: 1.4340 | G_Loss: 1.7420 | G_GAN: 6.6476 | L_Words: -0.9984 | L_Sent: 0.0000 | L_DAMSM: -0.9983 | L_KL: 0.0430 | Gamma_DAMSM: 5.0000 | Lambda_KL: 2.0000
Step [298] | D_Loss: 0.8590 | G_Loss: 4.1150 | G_GAN: 9.0226 | L_Words: -0.9984 | L_Sent: 0.0001 | L_DAMSM: -0.9984 | L_KL: 0.0421 | Gamma_DAMSM: 5.0000 | Lambda_KL: 2.0000
Step [299] | D_Loss: 0.9190 | G_Loss: 1.9432 | G_GAN: 6.8477 | L_Words: -0.9976 | L_Sent: 0.0001 | L_DAMSM: -0.9976 | L_KL: 0.0417 | Gamma_DAMSM: 5.0000 | Lambda_KL: 2.0000
Step [300] | D_Loss: 0.6995 | G_Loss: 3.6252 | G_GAN: 8.5314 | L_Words: -0.9974 | L_Sent: 0.0000 | L_DAMSM: -0.9974 | L_KL: 0.0403 | Gamma_DAMSM: 5.0000 | Lambda_KL: 2.0000
Step [301] | D_Loss: 0.6591 | G_Loss: 2.0295 | G_GAN: 6.9312 | L_Words: -0.9964 | L_Sent: 0.0001 | L_DAMSM: -0.9963 | L_KL: 0.0398 | Gamma_DAMSM: 5.0000 | Lambda_KL: 2.0000
Step [302] | D_Loss: 0.7435 | G_Loss: -0.1246 | G_GAN: 4.7846 | L_Words: -0.9978 | L_Sent: 0.0001 | L_DAMSM: -0.9976 | L_KL: 0.0395 | Gamma_DAMSM: 5.0000 | Lambda_KL: 2.0000
Step [303] | D_Loss: 0.9337 | G_Loss: 5.0001 | G_GAN: 9.9142 | L_Words: -0.9985 | L_Sent: 0.0000 | L_DAMSM: -0.9985 | L_KL: 0.0392 | Gamma_DAMSM: 5.0000 | Lambda_KL: 2.0000
Step [304] | D_Loss: 0.5236 | G_Loss: 3.2414 | G_GAN: 8.1527 | L_Words: -0.9982 | L_Sent: 0.0001 | L_DAMSM: -0.9981 | L_KL: 0.0396 | Gamma_DAMSM: 5.0000 | Lambda_KL: 2.0000
Step [305] | D_Loss: 0.6947 | G_Loss: 3.7856 | G_GAN: 8.6909 | L_Words: -0.9973 | L_Sent: 0.0001 | L_DAMSM: -0.9972 | L_KL: 0.0404 | Gamma_DAMSM: 5.0000 | Lambda_KL: 2.0000
Step [306] | D_Loss: 0.7580 | G_Loss: 1.9051 | G_GAN: 6.8080 | L_Words: -0.9970 | L_Sent: 0.0000 | L_DAMSM: -0.9970 | L_KL: 0.0411 | Gamma_DAMSM: 5.0000 | Lambda_KL: 2.0000
Step [307] | D_Loss: 1.5014 | G_Loss: 4.4158 | G_GAN: 9.3178 | L_Words: -0.9977 | L_Sent: 0.0000 | L_DAMSM: -0.9976 | L_KL: 0.0431 | Gamma_DAMSM: 5.0000 | Lambda_KL: 2.0000
Step [308] | D_Loss: 1.0833 | G_Loss: 0.7001 | G_GAN: 5.5956 | L_Words: -0.9972 | L_Sent: 0.0001 | L_DAMSM: -0.9972 | L_KL: 0.0452 | Gamma_DAMSM: 5.0000 | Lambda_KL: 2.0000
Step [309] | D_Loss: 0.9810 | G_Loss: -0.6589 | G_GAN: 4.2355 | L_Words: -0.9973 | L_Sent: 0.0001 | L_DAMSM: -0.9973 | L_KL: 0.0460 | Gamma_DAMSM: 5.0000 | Lambda_KL: 2.0000
Step [310] | D_Loss: 0.9861 | G_Loss: 1.3395 | G_GAN: 6.2383 | L_Words: -0.9980 | L_Sent: 0.0000 | L_DAMSM: -0.9979 | L_KL: 0.0455 | Gamma_DAMSM: 5.0000 | Lambda_KL: 2.0000
Step [311] | D_Loss: 1.1277 | G_Loss: 4.0377 | G_GAN: 8.9327 | L_Words: -0.9974 | L_Sent: 0.0000 | L_DAMSM: -0.9973 | L_KL: 0.0459 | Gamma_DAMSM: 5.0000 | Lambda_KL: 2.0000
Step [312] | D_Loss: 0.6393 | G_Loss: 4.4246 | G_GAN: 9.3226 | L_Words: -0.9983 | L_Sent: 0.0001 | L_DAMSM: -0.9982 | L_KL: 0.0465 | Gamma_DAMSM: 5.0000 | Lambda_KL: 2.0000
Step [313] | D_Loss: 1.8135 | G_Loss: 3.7211 | G_GAN: 8.6157 | L_Words: -0.9977 | L_Sent: 0.0001 | L_DAMSM: -0.9977 | L_KL: 0.0468 | Gamma_DAMSM: 5.0000 | Lambda_KL: 2.0000
Step [314] | D_Loss: 1.7735 | G_Loss: 1.3772 | G_GAN: 6.2727 | L_Words: -0.9972 | L_Sent: 0.0001 | L_DAMSM: -0.9972 | L_KL: 0.0452 | Gamma_DAMSM: 5.0000 | Lambda_KL: 2.0000
Step [315] | D_Loss: 2.0349 | G_Loss: -0.0153 | G_GAN: 4.8835 | L_Words: -0.9977 | L_Sent: 0.0001 | L_DAMSM: -0.9976 | L_KL: 0.0446 | Gamma_DAMSM: 5.0000 | Lambda_KL: 2.0000
Step [316] | D_Loss: 0.6894 | G_Loss: -0.3605 | G_GAN: 4.5386 | L_Words: -0.9974 | L_Sent: 0.0001 | L_DAMSM: -0.9973 | L_KL: 0.0438 | Gamma_DAMSM: 5.0000 | Lambda_KL: 2.0000
Step [317] | D_Loss: 0.6912 | G_Loss: 0.3597 | G_GAN: 5.2584 | L_Words: -0.9971 | L_Sent: 0.0000 | L_DAMSM: -0.9971 | L_KL: 0.0434 | Gamma_DAMSM: 5.0000 | Lambda_KL: 2.0000
Step [318] | D_Loss: 0.9525 | G_Loss: -0.2252 | G_GAN: 4.6682 | L_Words: -0.9970 | L_Sent: 0.0001 | L_DAMSM: -0.9969 | L_KL: 0.0456 | Gamma_DAMSM: 5.0000 | Lambda_KL: 2.0000
Step [319] | D_Loss: 1.2053 | G_Loss: 0.8037 | G_GAN: 5.6951 | L_Words: -0.9967 | L_Sent: 0.0001 | L_DAMSM: -0.9965 | L_KL: 0.0457 | Gamma_DAMSM: 5.0000 | Lambda_KL: 2.0000
Step [320] | D_Loss: 1.1567 | G_Loss: -0.4932 | G_GAN: 4.3965 | L_Words: -0.9961 | L_Sent: 0.0001 | L_DAMSM: -0.9961 | L_KL: 0.0454 | Gamma_DAMSM: 5.0000 | Lambda_KL: 2.0000
Step [321] | D_Loss: 1.5570 | G_Loss: -1.7325 | G_GAN: 3.1650 | L_Words: -0.9976 | L_Sent: 0.0000 | L_DAMSM: -0.9975 | L_KL: 0.0451 | Gamma_DAMSM: 5.0000 | Lambda_KL: 2.0000
Step [322] | D_Loss: 1.2394 | G_Loss: -0.1747 | G_GAN: 4.7171 | L_Words: -0.9964 | L_Sent: 0.0001 | L_DAMSM: -0.9963 | L_KL: 0.0449 | Gamma_DAMSM: 5.0000 | Lambda_KL: 2.0000
Step [323] | D_Loss: 1.0455 | G_Loss: -0.5662 | G_GAN: 4.3320 | L_Words: -0.9979 | L_Sent: 0.0001 | L_DAMSM: -0.9978 | L_KL: 0.0455 | Gamma_DAMSM: 5.0000 | Lambda_KL: 2.0000
Step [324] | D_Loss: 1.1799 | G_Loss: -1.9622 | G_GAN: 2.9396 | L_Words: -0.9988 | L_Sent: 0.0001 | L_DAMSM: -0.9987 | L_KL: 0.0458 | Gamma_DAMSM: 5.0000 | Lambda_KL: 2.0000
Step [325] | D_Loss: 1.5206 | G_Loss: -1.2307 | G_GAN: 3.6661 | L_Words: -0.9977 | L_Sent: 0.0000 | L_DAMSM: -0.9976 | L_KL: 0.0457 | Gamma_DAMSM: 5.0000 | Lambda_KL: 2.0000
Step [326] | D_Loss: 1.1792 | G_Loss: -0.6452 | G_GAN: 4.2488 | L_Words: -0.9971 | L_Sent: 0.0001 | L_DAMSM: -0.9970 | L_KL: 0.0456 | Gamma_DAMSM: 5.0000 | Lambda_KL: 2.0000
Step [327] | D_Loss: 0.7209 | G_Loss: 0.4233 | G_GAN: 5.3238 | L_Words: -0.9985 | L_Sent: 0.0001 | L_DAMSM: -0.9984 | L_KL: 0.0458 | Gamma_DAMSM: 5.0000 | Lambda_KL: 2.0000
Step [328] | D_Loss: 0.7754 | G_Loss: -0.0360 | G_GAN: 4.8564 | L_Words: -0.9974 | L_Sent: 0.0001 | L_DAMSM: -0.9973 | L_KL: 0.0471 | Gamma_DAMSM: 5.0000 | Lambda_KL: 2.0000
Step [329] | D_Loss: 0.6182 | G_Loss: 0.5311 | G_GAN: 5.4254 | L_Words: -0.9981 | L_Sent: 0.0001 | L_DAMSM: -0.9980 | L_KL: 0.0479 | Gamma_DAMSM: 5.0000 | Lambda_KL: 2.0000
Step [330] | D_Loss: 0.8444 | G_Loss: 0.8064 | G_GAN: 5.6890 | L_Words: -0.9961 | L_Sent: 0.0001 | L_DAMSM: -0.9961 | L_KL: 0.0488 | Gamma_DAMSM: 5.0000 | Lambda_KL: 2.0000
Step [331] | D_Loss: 1.3392 | G_Loss: 0.1851 | G_GAN: 5.0775 | L_Words: -0.9985 | L_Sent: 0.0001 | L_DAMSM: -0.9984 | L_KL: 0.0499 | Gamma_DAMSM: 5.0000 | Lambda_KL: 2.0000
Step [332] | D_Loss: 0.8928 | G_Loss: 0.4588 | G_GAN: 5.3462 | L_Words: -0.9979 | L_Sent: 0.0001 | L_DAMSM: -0.9978 | L_KL: 0.0508 | Gamma_DAMSM: 5.0000 | Lambda_KL: 2.0000
Step [333] | D_Loss: 1.3769 | G_Loss: 1.9118 | G_GAN: 6.7948 | L_Words: -0.9984 | L_Sent: 0.0001 | L_DAMSM: -0.9983 | L_KL: 0.0543 | Gamma_DAMSM: 5.0000 | Lambda_KL: 2.0000
Step [334] | D_Loss: 0.7650 | G_Loss: 0.8800 | G_GAN: 5.7604 | L_Words: -0.9981 | L_Sent: 0.0000 | L_DAMSM: -0.9981 | L_KL: 0.0551 | Gamma_DAMSM: 5.0000 | Lambda_KL: 2.0000
Step [335] | D_Loss: 0.7426 | G_Loss: 0.6390 | G_GAN: 5.5076 | L_Words: -0.9958 | L_Sent: 0.0001 | L_DAMSM: -0.9957 | L_KL: 0.0551 | Gamma_DAMSM: 5.0000 | Lambda_KL: 2.0000
Step [336] | D_Loss: 0.7907 | G_Loss: 1.1477 | G_GAN: 6.0273 | L_Words: -0.9975 | L_Sent: 0.0002 | L_DAMSM: -0.9973 | L_KL: 0.0535 | Gamma_DAMSM: 5.0000 | Lambda_KL: 2.0000
Step [337] | D_Loss: 1.1046 | G_Loss: 3.8648 | G_GAN: 8.7408 | L_Words: -0.9975 | L_Sent: 0.0001 | L_DAMSM: -0.9974 | L_KL: 0.0555 | Gamma_DAMSM: 5.0000 | Lambda_KL: 2.0000
Step [338] | D_Loss: 0.9579 | G_Loss: 4.8875 | G_GAN: 9.7714 | L_Words: -0.9985 | L_Sent: 0.0000 | L_DAMSM: -0.9985 | L_KL: 0.0543 | Gamma_DAMSM: 5.0000 | Lambda_KL: 2.0000
Step [339] | D_Loss: 1.0683 | G_Loss: 2.5295 | G_GAN: 7.3959 | L_Words: -0.9943 | L_Sent: 0.0001 | L_DAMSM: -0.9943 | L_KL: 0.0525 | Gamma_DAMSM: 5.0000 | Lambda_KL: 2.0000
Step [340] | D_Loss: 1.0271 | G_Loss: 0.3814 | G_GAN: 5.2688 | L_Words: -0.9981 | L_Sent: 0.0002 | L_DAMSM: -0.9980 | L_KL: 0.0513 | Gamma_DAMSM: 5.0000 | Lambda_KL: 2.0000
Step [341] | D_Loss: 1.6495 | G_Loss: -0.1663 | G_GAN: 4.7160 | L_Words: -0.9961 | L_Sent: 0.0001 | L_DAMSM: -0.9960 | L_KL: 0.0487 | Gamma_DAMSM: 5.0000 | Lambda_KL: 2.0000
Step [342] | D_Loss: 1.1301 | G_Loss: 0.2462 | G_GAN: 5.1411 | L_Words: -0.9977 | L_Sent: 0.0001 | L_DAMSM: -0.9977 | L_KL: 0.0467 | Gamma_DAMSM: 5.0000 | Lambda_KL: 2.0000
Step [343] | D_Loss: 1.0770 | G_Loss: 2.6710 | G_GAN: 7.5671 | L_Words: -0.9974 | L_Sent: 0.0000 | L_DAMSM: -0.9973 | L_KL: 0.0453 | Gamma_DAMSM: 5.0000 | Lambda_KL: 2.0000
Step [344] | D_Loss: 1.4108 | G_Loss: 0.7663 | G_GAN: 5.6603 | L_Words: -0.9970 | L_Sent: 0.0001 | L_DAMSM: -0.9970 | L_KL: 0.0454 | Gamma_DAMSM: 5.0000 | Lambda_KL: 2.0000
Step [345] | D_Loss: 1.2990 | G_Loss: -0.5683 | G_GAN: 4.3325 | L_Words: -0.9983 | L_Sent: 0.0000 | L_DAMSM: -0.9982 | L_KL: 0.0452 | Gamma_DAMSM: 5.0000 | Lambda_KL: 2.0000
Step [346] | D_Loss: 1.4883 | G_Loss: -0.7688 | G_GAN: 4.1177 | L_Words: -0.9957 | L_Sent: 0.0001 | L_DAMSM: -0.9957 | L_KL: 0.0459 | Gamma_DAMSM: 5.0000 | Lambda_KL: 2.0000
Step [347] | D_Loss: 1.0435 | G_Loss: -0.0759 | G_GAN: 4.8105 | L_Words: -0.9957 | L_Sent: 0.0001 | L_DAMSM: -0.9955 | L_KL: 0.0456 | Gamma_DAMSM: 5.0000 | Lambda_KL: 2.0000
Step [348] | D_Loss: 0.8349 | G_Loss: 0.0636 | G_GAN: 4.9556 | L_Words: -0.9976 | L_Sent: 0.0001 | L_DAMSM: -0.9976 | L_KL: 0.0479 | Gamma_DAMSM: 5.0000 | Lambda_KL: 2.0000
Step [349] | D_Loss: 0.7156 | G_Loss: 0.7624 | G_GAN: 5.6516 | L_Words: -0.9975 | L_Sent: 0.0001 | L_DAMSM: -0.9974 | L_KL: 0.0489 | Gamma_DAMSM: 5.0000 | Lambda_KL: 2.0000
Step [350] | D_Loss: 0.7565 | G_Loss: 1.6243 | G_GAN: 6.5139 | L_Words: -0.9979 | L_Sent: 0.0001 | L_DAMSM: -0.9979 | L_KL: 0.0499 | Gamma_DAMSM: 5.0000 | Lambda_KL: 2.0000
Step [351] | D_Loss: 0.9673 | G_Loss: 1.7920 | G_GAN: 6.6755 | L_Words: -0.9975 | L_Sent: 0.0001 | L_DAMSM: -0.9974 | L_KL: 0.0518 | Gamma_DAMSM: 5.0000 | Lambda_KL: 2.0000
Step [352] | D_Loss: 1.0427 | G_Loss: 0.5225 | G_GAN: 5.4037 | L_Words: -0.9978 | L_Sent: 0.0001 | L_DAMSM: -0.9977 | L_KL: 0.0537 | Gamma_DAMSM: 5.0000 | Lambda_KL: 2.0000
Step [353] | D_Loss: 1.6285 | G_Loss: 0.3850 | G_GAN: 5.2632 | L_Words: -0.9976 | L_Sent: 0.0000 | L_DAMSM: -0.9976 | L_KL: 0.0549 | Gamma_DAMSM: 5.0000 | Lambda_KL: 2.0000
Step [354] | D_Loss: 0.8292 | G_Loss: 1.2561 | G_GAN: 6.1391 | L_Words: -0.9986 | L_Sent: 0.0001 | L_DAMSM: -0.9985 | L_KL: 0.0547 | Gamma_DAMSM: 5.0000 | Lambda_KL: 2.0000
Step [355] | D_Loss: 0.9745 | G_Loss: -0.0638 | G_GAN: 4.8110 | L_Words: -0.9967 | L_Sent: 0.0000 | L_DAMSM: -0.9967 | L_KL: 0.0543 | Gamma_DAMSM: 5.0000 | Lambda_KL: 2.0000
Step [356] | D_Loss: 0.9418 | G_Loss: 0.3260 | G_GAN: 5.2056 | L_Words: -0.9973 | L_Sent: 0.0000 | L_DAMSM: -0.9973 | L_KL: 0.0535 | Gamma_DAMSM: 5.0000 | Lambda_KL: 2.0000
Step [357] | D_Loss: 0.7675 | G_Loss: 0.4764 | G_GAN: 5.3591 | L_Words: -0.9979 | L_Sent: 0.0000 | L_DAMSM: -0.9979 | L_KL: 0.0533 | Gamma_DAMSM: 5.0000 | Lambda_KL: 2.0000
Step [358] | D_Loss: 0.7297 | G_Loss: 0.9974 | G_GAN: 5.8749 | L_Words: -0.9970 | L_Sent: 0.0001 | L_DAMSM: -0.9969 | L_KL: 0.0535 | Gamma_DAMSM: 5.0000 | Lambda_KL: 2.0000
Step [359] | D_Loss: 0.7055 | G_Loss: 2.3905 | G_GAN: 7.2717 | L_Words: -0.9981 | L_Sent: 0.0001 | L_DAMSM: -0.9981 | L_KL: 0.0546 | Gamma_DAMSM: 5.0000 | Lambda_KL: 2.0000
Step [360] | D_Loss: 0.6230 | G_Loss: 1.8141 | G_GAN: 6.6917 | L_Words: -0.9973 | L_Sent: 0.0000 | L_DAMSM: -0.9973 | L_KL: 0.0543 | Gamma_DAMSM: 5.0000 | Lambda_KL: 2.0000
Step [361] | D_Loss: 0.6516 | G_Loss: 0.8867 | G_GAN: 5.7593 | L_Words: -0.9964 | L_Sent: 0.0001 | L_DAMSM: -0.9963 | L_KL: 0.0545 | Gamma_DAMSM: 5.0000 | Lambda_KL: 2.0000
Step [362] | D_Loss: 0.9402 | G_Loss: 2.2440 | G_GAN: 7.1246 | L_Words: -0.9978 | L_Sent: 0.0000 | L_DAMSM: -0.9978 | L_KL: 0.0541 | Gamma_DAMSM: 5.0000 | Lambda_KL: 2.0000
Step [363] | D_Loss: 1.4351 | G_Loss: 1.2877 | G_GAN: 6.1661 | L_Words: -0.9974 | L_Sent: 0.0001 | L_DAMSM: -0.9973 | L_KL: 0.0541 | Gamma_DAMSM: 5.0000 | Lambda_KL: 2.0000
Step [364] | D_Loss: 1.3614 | G_Loss: -0.7239 | G_GAN: 4.1572 | L_Words: -0.9979 | L_Sent: 0.0001 | L_DAMSM: -0.9978 | L_KL: 0.0539 | Gamma_DAMSM: 5.0000 | Lambda_KL: 2.0000
Step [365] | D_Loss: 1.3393 | G_Loss: -0.5245 | G_GAN: 4.3540 | L_Words: -0.9973 | L_Sent: 0.0001 | L_DAMSM: -0.9973 | L_KL: 0.0540 | Gamma_DAMSM: 5.0000 | Lambda_KL: 2.0000
Step [366] | D_Loss: 0.7282 | G_Loss: 1.4575 | G_GAN: 6.3381 | L_Words: -0.9976 | L_Sent: 0.0001 | L_DAMSM: -0.9975 | L_KL: 0.0534 | Gamma_DAMSM: 5.0000 | Lambda_KL: 2.0000
Step [367] | D_Loss: 1.4784 | G_Loss: -0.3281 | G_GAN: 4.5498 | L_Words: -0.9970 | L_Sent: 0.0000 | L_DAMSM: -0.9970 | L_KL: 0.0534 | Gamma_DAMSM: 5.0000 | Lambda_KL: 2.0000
Step [368] | D_Loss: 0.8652 | G_Loss: 0.3094 | G_GAN: 5.1921 | L_Words: -0.9982 | L_Sent: 0.0001 | L_DAMSM: -0.9981 | L_KL: 0.0539 | Gamma_DAMSM: 5.0000 | Lambda_KL: 2.0000
Step [369] | D_Loss: 1.1030 | G_Loss: 0.0397 | G_GAN: 4.9020 | L_Words: -0.9942 | L_Sent: 0.0000 | L_DAMSM: -0.9942 | L_KL: 0.0542 | Gamma_DAMSM: 5.0000 | Lambda_KL: 2.0000
Step [370] | D_Loss: 0.8046 | G_Loss: 0.8334 | G_GAN: 5.7134 | L_Words: -0.9978 | L_Sent: 0.0001 | L_DAMSM: -0.9977 | L_KL: 0.0543 | Gamma_DAMSM: 5.0000 | Lambda_KL: 2.0000
Step [371] | D_Loss: 1.1438 | G_Loss: 0.9143 | G_GAN: 5.7812 | L_Words: -0.9958 | L_Sent: 0.0001 | L_DAMSM: -0.9957 | L_KL: 0.0558 | Gamma_DAMSM: 5.0000 | Lambda_KL: 2.0000
Step [372] | D_Loss: 1.3437 | G_Loss: 0.2172 | G_GAN: 5.0835 | L_Words: -0.9974 | L_Sent: 0.0001 | L_DAMSM: -0.9974 | L_KL: 0.0602 | Gamma_DAMSM: 5.0000 | Lambda_KL: 2.0000
Step [373] | D_Loss: 1.5518 | G_Loss: 0.3058 | G_GAN: 5.1684 | L_Words: -0.9976 | L_Sent: 0.0001 | L_DAMSM: -0.9975 | L_KL: 0.0625 | Gamma_DAMSM: 5.0000 | Lambda_KL: 2.0000
Step [374] | D_Loss: 0.8992 | G_Loss: 1.3639 | G_GAN: 6.2252 | L_Words: -0.9976 | L_Sent: 0.0001 | L_DAMSM: -0.9976 | L_KL: 0.0632 | Gamma_DAMSM: 5.0000 | Lambda_KL: 2.0000
Step [375] | D_Loss: 0.8484 | G_Loss: 1.8626 | G_GAN: 6.7228 | L_Words: -0.9977 | L_Sent: 0.0000 | L_DAMSM: -0.9977 | L_KL: 0.0642 | Gamma_DAMSM: 5.0000 | Lambda_KL: 2.0000
Step [376] | D_Loss: 0.7725 | G_Loss: 1.4161 | G_GAN: 6.2750 | L_Words: -0.9982 | L_Sent: 0.0001 | L_DAMSM: -0.9982 | L_KL: 0.0659 | Gamma_DAMSM: 5.0000 | Lambda_KL: 2.0000
Step [377] | D_Loss: 1.5139 | G_Loss: -1.6249 | G_GAN: 3.2323 | L_Words: -0.9983 | L_Sent: 0.0001 | L_DAMSM: -0.9983 | L_KL: 0.0670 | Gamma_DAMSM: 5.0000 | Lambda_KL: 2.0000
Step [378] | D_Loss: 1.6609 | G_Loss: -0.6528 | G_GAN: 4.2017 | L_Words: -0.9982 | L_Sent: 0.0000 | L_DAMSM: -0.9982 | L_KL: 0.0681 | Gamma_DAMSM: 5.0000 | Lambda_KL: 2.0000
Step [379] | D_Loss: 1.4936 | G_Loss: -0.1792 | G_GAN: 4.6752 | L_Words: -0.9987 | L_Sent: 0.0001 | L_DAMSM: -0.9986 | L_KL: 0.0693 | Gamma_DAMSM: 5.0000 | Lambda_KL: 2.0000
Step [380] | D_Loss: 1.0685 | G_Loss: -0.6384 | G_GAN: 4.2112 | L_Words: -0.9980 | L_Sent: 0.0001 | L_DAMSM: -0.9979 | L_KL: 0.0701 | Gamma_DAMSM: 5.0000 | Lambda_KL: 2.0000
Step [381] | D_Loss: 1.0001 | G_Loss: 1.2297 | G_GAN: 6.0802 | L_Words: -0.9977 | L_Sent: 0.0001 | L_DAMSM: -0.9977 | L_KL: 0.0689 | Gamma_DAMSM: 5.0000 | Lambda_KL: 2.0000
Step [382] | D_Loss: 1.0471 | G_Loss: 1.0814 | G_GAN: 5.9228 | L_Words: -0.9963 | L_Sent: 0.0001 | L_DAMSM: -0.9962 | L_KL: 0.0698 | Gamma_DAMSM: 5.0000 | Lambda_KL: 2.0000
Step [383] | D_Loss: 0.8416 | G_Loss: 0.0747 | G_GAN: 4.9231 | L_Words: -0.9976 | L_Sent: 0.0001 | L_DAMSM: -0.9976 | L_KL: 0.0697 | Gamma_DAMSM: 5.0000 | Lambda_KL: 2.0000
Step [384] | D_Loss: 0.6724 | G_Loss: 0.9572 | G_GAN: 5.8016 | L_Words: -0.9967 | L_Sent: 0.0001 | L_DAMSM: -0.9966 | L_KL: 0.0693 | Gamma_DAMSM: 5.0000 | Lambda_KL: 2.0000
Step [385] | D_Loss: 0.8839 | G_Loss: 0.5604 | G_GAN: 5.4101 | L_Words: -0.9979 | L_Sent: 0.0001 | L_DAMSM: -0.9978 | L_KL: 0.0697 | Gamma_DAMSM: 5.0000 | Lambda_KL: 2.0000
Step [386] | D_Loss: 0.9070 | G_Loss: 0.8872 | G_GAN: 5.7328 | L_Words: -0.9972 | L_Sent: 0.0001 | L_DAMSM: -0.9972 | L_KL: 0.0701 | Gamma_DAMSM: 5.0000 | Lambda_KL: 2.0000
Step [387] | D_Loss: 0.8922 | G_Loss: 0.3601 | G_GAN: 5.2000 | L_Words: -0.9978 | L_Sent: 0.0001 | L_DAMSM: -0.9977 | L_KL: 0.0742 | Gamma_DAMSM: 5.0000 | Lambda_KL: 2.0000
Step [388] | D_Loss: 0.8725 | G_Loss: 3.6499 | G_GAN: 8.4798 | L_Words: -0.9966 | L_Sent: 0.0001 | L_DAMSM: -0.9965 | L_KL: 0.0764 | Gamma_DAMSM: 5.0000 | Lambda_KL: 2.0000
Step [389] | D_Loss: 0.8062 | G_Loss: 2.8527 | G_GAN: 7.6880 | L_Words: -0.9978 | L_Sent: 0.0001 | L_DAMSM: -0.9977 | L_KL: 0.0766 | Gamma_DAMSM: 5.0000 | Lambda_KL: 2.0000
Step [390] | D_Loss: 1.2717 | G_Loss: 1.8680 | G_GAN: 6.7057 | L_Words: -0.9975 | L_Sent: 0.0001 | L_DAMSM: -0.9974 | L_KL: 0.0746 | Gamma_DAMSM: 5.0000 | Lambda_KL: 2.0000
Step [391] | D_Loss: 1.2008 | G_Loss: -0.0620 | G_GAN: 4.7870 | L_Words: -0.9987 | L_Sent: 0.0000 | L_DAMSM: -0.9986 | L_KL: 0.0721 | Gamma_DAMSM: 5.0000 | Lambda_KL: 2.0000
Step [392] | D_Loss: 1.0016 | G_Loss: -0.2686 | G_GAN: 4.5770 | L_Words: -0.9979 | L_Sent: 0.0001 | L_DAMSM: -0.9978 | L_KL: 0.0718 | Gamma_DAMSM: 5.0000 | Lambda_KL: 2.0000
Step [393] | D_Loss: 0.8655 | G_Loss: 2.5744 | G_GAN: 7.4107 | L_Words: -0.9953 | L_Sent: 0.0001 | L_DAMSM: -0.9953 | L_KL: 0.0700 | Gamma_DAMSM: 5.0000 | Lambda_KL: 2.0000
Step [394] | D_Loss: 1.2650 | G_Loss: 0.9195 | G_GAN: 5.7648 | L_Words: -0.9959 | L_Sent: 0.0001 | L_DAMSM: -0.9959 | L_KL: 0.0670 | Gamma_DAMSM: 5.0000 | Lambda_KL: 2.0000
Step [395] | D_Loss: 0.8155 | G_Loss: 1.1353 | G_GAN: 5.9905 | L_Words: -0.9972 | L_Sent: 0.0001 | L_DAMSM: -0.9971 | L_KL: 0.0652 | Gamma_DAMSM: 5.0000 | Lambda_KL: 2.0000
Step [396] | D_Loss: 1.0198 | G_Loss: 2.8088 | G_GAN: 7.6611 | L_Words: -0.9960 | L_Sent: 0.0001 | L_DAMSM: -0.9959 | L_KL: 0.0636 | Gamma_DAMSM: 5.0000 | Lambda_KL: 2.0000
Step [397] | D_Loss: 0.8442 | G_Loss: 2.5374 | G_GAN: 7.4069 | L_Words: -0.9979 | L_Sent: 0.0001 | L_DAMSM: -0.9979 | L_KL: 0.0599 | Gamma_DAMSM: 5.0000 | Lambda_KL: 2.0000
Step [398] | D_Loss: 1.2826 | G_Loss: -0.0629 | G_GAN: 4.8059 | L_Words: -0.9969 | L_Sent: 0.0002 | L_DAMSM: -0.9967 | L_KL: 0.0572 | Gamma_DAMSM: 5.0000 | Lambda_KL: 2.0000
Step [399] | D_Loss: 1.2121 | G_Loss: 1.1373 | G_GAN: 6.0100 | L_Words: -0.9969 | L_Sent: 0.0001 | L_DAMSM: -0.9968 | L_KL: 0.0558 | Gamma_DAMSM: 5.0000 | Lambda_KL: 2.0000
Step [400] | D_Loss: 0.9881 | G_Loss: 0.8814 | G_GAN: 5.7613 | L_Words: -0.9977 | L_Sent: 0.0001 | L_DAMSM: -0.9976 | L_KL: 0.0540 | Gamma_DAMSM: 5.0000 | Lambda_KL: 2.0000
Step [401] | D_Loss: 1.0666 | G_Loss: 0.1933 | G_GAN: 5.0758 | L_Words: -0.9981 | L_Sent: 0.0001 | L_DAMSM: -0.9980 | L_KL: 0.0538 | Gamma_DAMSM: 5.0000 | Lambda_KL: 2.0000
Step [402] | D_Loss: 1.1204 | G_Loss: 1.8732 | G_GAN: 6.7529 | L_Words: -0.9977 | L_Sent: 0.0001 | L_DAMSM: -0.9976 | L_KL: 0.0541 | Gamma_DAMSM: 5.0000 | Lambda_KL: 2.0000
Step [403] | D_Loss: 0.9744 | G_Loss: 3.5168 | G_GAN: 8.3908 | L_Words: -0.9970 | L_Sent: 0.0001 | L_DAMSM: -0.9969 | L_KL: 0.0552 | Gamma_DAMSM: 5.0000 | Lambda_KL: 2.0000
Step [404] | D_Loss: 1.9663 | G_Loss: -2.9479 | G_GAN: 1.9263 | L_Words: -0.9974 | L_Sent: 0.0001 | L_DAMSM: -0.9973 | L_KL: 0.0561 | Gamma_DAMSM: 5.0000 | Lambda_KL: 2.0000
Step [405] | D_Loss: 1.4971 | G_Loss: 0.6970 | G_GAN: 5.5703 | L_Words: -0.9971 | L_Sent: 0.0001 | L_DAMSM: -0.9971 | L_KL: 0.0560 | Gamma_DAMSM: 5.0000 | Lambda_KL: 2.0000
Step [406] | D_Loss: 0.7689 | G_Loss: 1.8791 | G_GAN: 6.7451 | L_Words: -0.9960 | L_Sent: 0.0001 | L_DAMSM: -0.9960 | L_KL: 0.0569 | Gamma_DAMSM: 5.0000 | Lambda_KL: 2.0000
Step [407] | D_Loss: 1.2253 | G_Loss: -0.3445 | G_GAN: 4.5322 | L_Words: -0.9983 | L_Sent: 0.0001 | L_DAMSM: -0.9982 | L_KL: 0.0572 | Gamma_DAMSM: 5.0000 | Lambda_KL: 2.0000
Step [408] | D_Loss: 1.1646 | G_Loss: -0.2956 | G_GAN: 4.5813 | L_Words: -0.9980 | L_Sent: 0.0001 | L_DAMSM: -0.9980 | L_KL: 0.0564 | Gamma_DAMSM: 5.0000 | Lambda_KL: 2.0000
Step [409] | D_Loss: 0.8279 | G_Loss: 0.5919 | G_GAN: 5.4643 | L_Words: -0.9968 | L_Sent: 0.0001 | L_DAMSM: -0.9967 | L_KL: 0.0555 | Gamma_DAMSM: 5.0000 | Lambda_KL: 2.0000
Step [410] | D_Loss: 0.6966 | G_Loss: 0.2571 | G_GAN: 5.1310 | L_Words: -0.9968 | L_Sent: 0.0001 | L_DAMSM: -0.9967 | L_KL: 0.0549 | Gamma_DAMSM: 5.0000 | Lambda_KL: 2.0000
Step [411] | D_Loss: 1.0707 | G_Loss: -0.7908 | G_GAN: 4.0887 | L_Words: -0.9979 | L_Sent: 0.0000 | L_DAMSM: -0.9978 | L_KL: 0.0548 | Gamma_DAMSM: 5.0000 | Lambda_KL: 2.0000
Step [412] | D_Loss: 0.7033 | G_Loss: -0.0615 | G_GAN: 4.8214 | L_Words: -0.9982 | L_Sent: 0.0001 | L_DAMSM: -0.9981 | L_KL: 0.0538 | Gamma_DAMSM: 5.0000 | Lambda_KL: 2.0000
Step [413] | D_Loss: 1.1638 | G_Loss: 0.8278 | G_GAN: 5.7105 | L_Words: -0.9978 | L_Sent: 0.0001 | L_DAMSM: -0.9977 | L_KL: 0.0529 | Gamma_DAMSM: 5.0000 | Lambda_KL: 2.0000
Step [414] | D_Loss: 0.7343 | G_Loss: 0.4999 | G_GAN: 5.3821 | L_Words: -0.9976 | L_Sent: 0.0001 | L_DAMSM: -0.9975 | L_KL: 0.0526 | Gamma_DAMSM: 5.0000 | Lambda_KL: 2.0000
Step [415] | D_Loss: 0.6179 | G_Loss: 1.0410 | G_GAN: 5.9230 | L_Words: -0.9978 | L_Sent: 0.0001 | L_DAMSM: -0.9977 | L_KL: 0.0533 | Gamma_DAMSM: 5.0000 | Lambda_KL: 2.0000
Step [416] | D_Loss: 0.7793 | G_Loss: 0.5802 | G_GAN: 5.4623 | L_Words: -0.9975 | L_Sent: 0.0000 | L_DAMSM: -0.9975 | L_KL: 0.0525 | Gamma_DAMSM: 5.0000 | Lambda_KL: 2.0000
Step [417] | D_Loss: 0.9096 | G_Loss: 0.5287 | G_GAN: 5.4099 | L_Words: -0.9974 | L_Sent: 0.0000 | L_DAMSM: -0.9974 | L_KL: 0.0529 | Gamma_DAMSM: 5.0000 | Lambda_KL: 2.0000
Step [418] | D_Loss: 1.2583 | G_Loss: 1.9700 | G_GAN: 6.8520 | L_Words: -0.9974 | L_Sent: 0.0000 | L_DAMSM: -0.9973 | L_KL: 0.0524 | Gamma_DAMSM: 5.0000 | Lambda_KL: 2.0000
Step [419] | D_Loss: 0.9913 | G_Loss: 1.4123 | G_GAN: 6.2925 | L_Words: -0.9971 | L_Sent: 0.0001 | L_DAMSM: -0.9970 | L_KL: 0.0525 | Gamma_DAMSM: 5.0000 | Lambda_KL: 2.0000
Step [420] | D_Loss: 0.9731 | G_Loss: 0.1826 | G_GAN: 5.0717 | L_Words: -0.9983 | L_Sent: 0.0000 | L_DAMSM: -0.9983 | L_KL: 0.0511 | Gamma_DAMSM: 5.0000 | Lambda_KL: 2.0000
Step [421] | D_Loss: 1.0017 | G_Loss: -0.1649 | G_GAN: 4.7110 | L_Words: -0.9964 | L_Sent: 0.0001 | L_DAMSM: -0.9963 | L_KL: 0.0528 | Gamma_DAMSM: 5.0000 | Lambda_KL: 2.0000
Step [422] | D_Loss: 1.3411 | G_Loss: -1.0516 | G_GAN: 3.8299 | L_Words: -0.9980 | L_Sent: 0.0001 | L_DAMSM: -0.9979 | L_KL: 0.0541 | Gamma_DAMSM: 5.0000 | Lambda_KL: 2.0000
Step [423] | D_Loss: 0.9813 | G_Loss: 2.4101 | G_GAN: 7.2774 | L_Words: -0.9970 | L_Sent: 0.0001 | L_DAMSM: -0.9969 | L_KL: 0.0585 | Gamma_DAMSM: 5.0000 | Lambda_KL: 2.0000
Step [424] | D_Loss: 1.0989 | G_Loss: 0.8890 | G_GAN: 5.7501 | L_Words: -0.9969 | L_Sent: 0.0001 | L_DAMSM: -0.9968 | L_KL: 0.0614 | Gamma_DAMSM: 5.0000 | Lambda_KL: 2.0000
Step [425] | D_Loss: 1.1204 | G_Loss: 0.0820 | G_GAN: 4.9451 | L_Words: -0.9980 | L_Sent: 0.0000 | L_DAMSM: -0.9979 | L_KL: 0.0633 | Gamma_DAMSM: 5.0000 | Lambda_KL: 2.0000
Step [426] | D_Loss: 0.8673 | G_Loss: 2.0788 | G_GAN: 6.9413 | L_Words: -0.9983 | L_Sent: 0.0000 | L_DAMSM: -0.9982 | L_KL: 0.0644 | Gamma_DAMSM: 5.0000 | Lambda_KL: 2.0000
Step [427] | D_Loss: 0.6738 | G_Loss: 1.4617 | G_GAN: 6.3231 | L_Words: -0.9966 | L_Sent: 0.0001 | L_DAMSM: -0.9965 | L_KL: 0.0606 | Gamma_DAMSM: 5.0000 | Lambda_KL: 2.0000
Step [428] | D_Loss: 0.7365 | G_Loss: 1.2119 | G_GAN: 6.0754 | L_Words: -0.9968 | L_Sent: 0.0001 | L_DAMSM: -0.9967 | L_KL: 0.0600 | Gamma_DAMSM: 5.0000 | Lambda_KL: 2.0000
Step [429] | D_Loss: 0.9838 | G_Loss: -1.1793 | G_GAN: 3.6922 | L_Words: -0.9985 | L_Sent: 0.0001 | L_DAMSM: -0.9985 | L_KL: 0.0604 | Gamma_DAMSM: 5.0000 | Lambda_KL: 2.0000
Step [430] | D_Loss: 1.1842 | G_Loss: 2.3755 | G_GAN: 7.2399 | L_Words: -0.9969 | L_Sent: 0.0001 | L_DAMSM: -0.9968 | L_KL: 0.0598 | Gamma_DAMSM: 5.0000 | Lambda_KL: 2.0000
Step [431] | D_Loss: 0.9185 | G_Loss: 1.4652 | G_GAN: 6.3292 | L_Words: -0.9964 | L_Sent: 0.0001 | L_DAMSM: -0.9963 | L_KL: 0.0588 | Gamma_DAMSM: 5.0000 | Lambda_KL: 2.0000
Step [432] | D_Loss: 1.4600 | G_Loss: -1.2028 | G_GAN: 3.6718 | L_Words: -0.9982 | L_Sent: 0.0001 | L_DAMSM: -0.9981 | L_KL: 0.0579 | Gamma_DAMSM: 5.0000 | Lambda_KL: 2.0000
Step [433] | D_Loss: 1.5664 | G_Loss: 1.4835 | G_GAN: 6.3515 | L_Words: -0.9971 | L_Sent: 0.0001 | L_DAMSM: -0.9971 | L_KL: 0.0587 | Gamma_DAMSM: 5.0000 | Lambda_KL: 2.0000
Step [434] | D_Loss: 1.3495 | G_Loss: 0.4282 | G_GAN: 5.2961 | L_Words: -0.9970 | L_Sent: 0.0001 | L_DAMSM: -0.9970 | L_KL: 0.0585 | Gamma_DAMSM: 5.0000 | Lambda_KL: 2.0000
Step [435] | D_Loss: 1.1485 | G_Loss: -0.9501 | G_GAN: 3.9215 | L_Words: -0.9981 | L_Sent: 0.0000 | L_DAMSM: -0.9980 | L_KL: 0.0593 | Gamma_DAMSM: 5.0000 | Lambda_KL: 2.0000
Step [436] | D_Loss: 1.1568 | G_Loss: 0.9367 | G_GAN: 5.8026 | L_Words: -0.9968 | L_Sent: 0.0001 | L_DAMSM: -0.9967 | L_KL: 0.0589 | Gamma_DAMSM: 5.0000 | Lambda_KL: 2.0000
Step [437] | D_Loss: 1.4603 | G_Loss: -0.0814 | G_GAN: 4.7887 | L_Words: -0.9984 | L_Sent: 0.0001 | L_DAMSM: -0.9983 | L_KL: 0.0607 | Gamma_DAMSM: 5.0000 | Lambda_KL: 2.0000
Step [438] | D_Loss: 1.1060 | G_Loss: 0.1431 | G_GAN: 5.0080 | L_Words: -0.9981 | L_Sent: 0.0001 | L_DAMSM: -0.9980 | L_KL: 0.0626 | Gamma_DAMSM: 5.0000 | Lambda_KL: 2.0000
Step [439] | D_Loss: 1.2743 | G_Loss: -0.7023 | G_GAN: 4.1590 | L_Words: -0.9979 | L_Sent: 0.0001 | L_DAMSM: -0.9978 | L_KL: 0.0639 | Gamma_DAMSM: 5.0000 | Lambda_KL: 2.0000
Step [440] | D_Loss: 0.9715 | G_Loss: -0.1789 | G_GAN: 4.6839 | L_Words: -0.9983 | L_Sent: 0.0001 | L_DAMSM: -0.9982 | L_KL: 0.0642 | Gamma_DAMSM: 5.0000 | Lambda_KL: 2.0000
Step [441] | D_Loss: 0.8071 | G_Loss: 1.5195 | G_GAN: 6.3817 | L_Words: -0.9977 | L_Sent: 0.0001 | L_DAMSM: -0.9976 | L_KL: 0.0629 | Gamma_DAMSM: 5.0000 | Lambda_KL: 2.0000
Step [442] | D_Loss: 1.0140 | G_Loss: 0.6288 | G_GAN: 5.4972 | L_Words: -0.9977 | L_Sent: 0.0001 | L_DAMSM: -0.9976 | L_KL: 0.0598 | Gamma_DAMSM: 5.0000 | Lambda_KL: 2.0000
Step [443] | D_Loss: 1.3105 | G_Loss: -1.1918 | G_GAN: 3.6834 | L_Words: -0.9981 | L_Sent: 0.0000 | L_DAMSM: -0.9981 | L_KL: 0.0576 | Gamma_DAMSM: 5.0000 | Lambda_KL: 2.0000
Step [444] | D_Loss: 0.8469 | G_Loss: 0.5150 | G_GAN: 5.3932 | L_Words: -0.9979 | L_Sent: 0.0000 | L_DAMSM: -0.9979 | L_KL: 0.0556 | Gamma_DAMSM: 5.0000 | Lambda_KL: 2.0000
Step [445] | D_Loss: 1.1407 | G_Loss: -0.3675 | G_GAN: 4.5108 | L_Words: -0.9981 | L_Sent: 0.0001 | L_DAMSM: -0.9980 | L_KL: 0.0559 | Gamma_DAMSM: 5.0000 | Lambda_KL: 2.0000
Step [446] | D_Loss: 1.1869 | G_Loss: -0.0583 | G_GAN: 4.8066 | L_Words: -0.9962 | L_Sent: 0.0001 | L_DAMSM: -0.9961 | L_KL: 0.0579 | Gamma_DAMSM: 5.0000 | Lambda_KL: 2.0000
Step [447] | D_Loss: 0.9994 | G_Loss: 0.7524 | G_GAN: 5.6256 | L_Words: -0.9987 | L_Sent: 0.0001 | L_DAMSM: -0.9987 | L_KL: 0.0600 | Gamma_DAMSM: 5.0000 | Lambda_KL: 2.0000
Step [448] | D_Loss: 1.0078 | G_Loss: -0.4297 | G_GAN: 4.4378 | L_Words: -0.9984 | L_Sent: 0.0000 | L_DAMSM: -0.9984 | L_KL: 0.0622 | Gamma_DAMSM: 5.0000 | Lambda_KL: 2.0000
Step [449] | D_Loss: 0.9466 | G_Loss: 1.5485 | G_GAN: 6.3990 | L_Words: -0.9963 | L_Sent: 0.0001 | L_DAMSM: -0.9962 | L_KL: 0.0652 | Gamma_DAMSM: 5.0000 | Lambda_KL: 2.0000
Step [450] | D_Loss: 1.2675 | G_Loss: 0.7971 | G_GAN: 5.6510 | L_Words: -0.9977 | L_Sent: 0.0000 | L_DAMSM: -0.9976 | L_KL: 0.0671 | Gamma_DAMSM: 5.0000 | Lambda_KL: 2.0000
Step [451] | D_Loss: 0.9887 | G_Loss: 0.2100 | G_GAN: 5.0602 | L_Words: -0.9984 | L_Sent: 0.0001 | L_DAMSM: -0.9984 | L_KL: 0.0708 | Gamma_DAMSM: 5.0000 | Lambda_KL: 2.0000
Step [452] | D_Loss: 0.7850 | G_Loss: -0.2560 | G_GAN: 4.5867 | L_Words: -0.9979 | L_Sent: 0.0001 | L_DAMSM: -0.9978 | L_KL: 0.0732 | Gamma_DAMSM: 5.0000 | Lambda_KL: 2.0000
Step [453] | D_Loss: 1.3339 | G_Loss: 0.5580 | G_GAN: 5.4014 | L_Words: -0.9977 | L_Sent: 0.0000 | L_DAMSM: -0.9977 | L_KL: 0.0725 | Gamma_DAMSM: 5.0000 | Lambda_KL: 2.0000
Step [454] | D_Loss: 1.2513 | G_Loss: 1.7405 | G_GAN: 6.5804 | L_Words: -0.9963 | L_Sent: 0.0000 | L_DAMSM: -0.9962 | L_KL: 0.0706 | Gamma_DAMSM: 5.0000 | Lambda_KL: 2.0000
Step [455] | D_Loss: 0.8933 | G_Loss: -0.2439 | G_GAN: 4.6153 | L_Words: -0.9983 | L_Sent: 0.0001 | L_DAMSM: -0.9982 | L_KL: 0.0661 | Gamma_DAMSM: 5.0000 | Lambda_KL: 2.0000
Step [456] | D_Loss: 0.9543 | G_Loss: 0.7452 | G_GAN: 5.6083 | L_Words: -0.9975 | L_Sent: 0.0001 | L_DAMSM: -0.9974 | L_KL: 0.0620 | Gamma_DAMSM: 5.0000 | Lambda_KL: 2.0000
Step [457] | D_Loss: 0.8786 | G_Loss: 1.4055 | G_GAN: 6.2826 | L_Words: -0.9987 | L_Sent: 0.0000 | L_DAMSM: -0.9986 | L_KL: 0.0580 | Gamma_DAMSM: 5.0000 | Lambda_KL: 2.0000
Step [458] | D_Loss: 0.9256 | G_Loss: 2.0087 | G_GAN: 6.8879 | L_Words: -0.9983 | L_Sent: 0.0000 | L_DAMSM: -0.9983 | L_KL: 0.0561 | Gamma_DAMSM: 5.0000 | Lambda_KL: 2.0000
Step [459] | D_Loss: 1.2473 | G_Loss: 0.2308 | G_GAN: 5.1108 | L_Words: -0.9980 | L_Sent: 0.0001 | L_DAMSM: -0.9980 | L_KL: 0.0549 | Gamma_DAMSM: 5.0000 | Lambda_KL: 2.0000
Step [460] | D_Loss: 1.0401 | G_Loss: 2.2466 | G_GAN: 7.1262 | L_Words: -0.9967 | L_Sent: 0.0001 | L_DAMSM: -0.9966 | L_KL: 0.0517 | Gamma_DAMSM: 5.0000 | Lambda_KL: 2.0000
Step [461] | D_Loss: 0.7310 | G_Loss: 0.9751 | G_GAN: 5.8466 | L_Words: -0.9947 | L_Sent: 0.0001 | L_DAMSM: -0.9946 | L_KL: 0.0507 | Gamma_DAMSM: 5.0000 | Lambda_KL: 2.0000
Step [462] | D_Loss: 0.8149 | G_Loss: 0.4749 | G_GAN: 5.3593 | L_Words: -0.9968 | L_Sent: 0.0001 | L_DAMSM: -0.9967 | L_KL: 0.0496 | Gamma_DAMSM: 5.0000 | Lambda_KL: 2.0000
Step [463] | D_Loss: 1.0595 | G_Loss: 1.8974 | G_GAN: 6.7901 | L_Words: -0.9977 | L_Sent: 0.0001 | L_DAMSM: -0.9976 | L_KL: 0.0477 | Gamma_DAMSM: 5.0000 | Lambda_KL: 2.0000
Step [464] | D_Loss: 1.6242 | G_Loss: 1.0918 | G_GAN: 5.9842 | L_Words: -0.9975 | L_Sent: 0.0001 | L_DAMSM: -0.9974 | L_KL: 0.0474 | Gamma_DAMSM: 5.0000 | Lambda_KL: 2.0000
Step [465] | D_Loss: 1.2993 | G_Loss: 0.8988 | G_GAN: 5.7874 | L_Words: -0.9967 | L_Sent: 0.0000 | L_DAMSM: -0.9966 | L_KL: 0.0473 | Gamma_DAMSM: 5.0000 | Lambda_KL: 2.0000
Step [466] | D_Loss: 0.8547 | G_Loss: 0.6453 | G_GAN: 5.5415 | L_Words: -0.9982 | L_Sent: 0.0001 | L_DAMSM: -0.9982 | L_KL: 0.0473 | Gamma_DAMSM: 5.0000 | Lambda_KL: 2.0000
Step [467] | D_Loss: 0.6897 | G_Loss: 1.7187 | G_GAN: 6.6135 | L_Words: -0.9973 | L_Sent: 0.0000 | L_DAMSM: -0.9972 | L_KL: 0.0457 | Gamma_DAMSM: 5.0000 | Lambda_KL: 2.0000
Step [468] | D_Loss: 1.2668 | G_Loss: -0.7796 | G_GAN: 4.1171 | L_Words: -0.9978 | L_Sent: 0.0000 | L_DAMSM: -0.9978 | L_KL: 0.0462 | Gamma_DAMSM: 5.0000 | Lambda_KL: 2.0000
Step [469] | D_Loss: 0.9569 | G_Loss: -0.3326 | G_GAN: 4.5503 | L_Words: -0.9956 | L_Sent: 0.0001 | L_DAMSM: -0.9955 | L_KL: 0.0473 | Gamma_DAMSM: 5.0000 | Lambda_KL: 2.0000
Step [470] | D_Loss: 0.9146 | G_Loss: 1.4392 | G_GAN: 6.3328 | L_Words: -0.9980 | L_Sent: 0.0001 | L_DAMSM: -0.9979 | L_KL: 0.0479 | Gamma_DAMSM: 5.0000 | Lambda_KL: 2.0000
Step [471] | D_Loss: 1.2206 | G_Loss: 0.9362 | G_GAN: 5.8249 | L_Words: -0.9969 | L_Sent: 0.0001 | L_DAMSM: -0.9968 | L_KL: 0.0477 | Gamma_DAMSM: 5.0000 | Lambda_KL: 2.0000
Step [472] | D_Loss: 0.8772 | G_Loss: -0.0134 | G_GAN: 4.8738 | L_Words: -0.9970 | L_Sent: 0.0001 | L_DAMSM: -0.9970 | L_KL: 0.0488 | Gamma_DAMSM: 5.0000 | Lambda_KL: 2.0000
Step [473] | D_Loss: 0.7750 | G_Loss: 1.4560 | G_GAN: 6.3435 | L_Words: -0.9974 | L_Sent: 0.0001 | L_DAMSM: -0.9973 | L_KL: 0.0494 | Gamma_DAMSM: 5.0000 | Lambda_KL: 2.0000
Step [474] | D_Loss: 1.0175 | G_Loss: 1.5680 | G_GAN: 6.4613 | L_Words: -0.9982 | L_Sent: 0.0001 | L_DAMSM: -0.9981 | L_KL: 0.0487 | Gamma_DAMSM: 5.0000 | Lambda_KL: 2.0000
Step [475] | D_Loss: 0.8922 | G_Loss: 2.9513 | G_GAN: 7.8382 | L_Words: -0.9972 | L_Sent: 0.0001 | L_DAMSM: -0.9972 | L_KL: 0.0495 | Gamma_DAMSM: 5.0000 | Lambda_KL: 2.0000
Step [476] | D_Loss: 0.9884 | G_Loss: 1.4348 | G_GAN: 6.3233 | L_Words: -0.9978 | L_Sent: 0.0001 | L_DAMSM: -0.9977 | L_KL: 0.0500 | Gamma_DAMSM: 5.0000 | Lambda_KL: 2.0000
Step [477] | D_Loss: 0.7420 | G_Loss: 1.1227 | G_GAN: 6.0094 | L_Words: -0.9975 | L_Sent: 0.0001 | L_DAMSM: -0.9974 | L_KL: 0.0500 | Gamma_DAMSM: 5.0000 | Lambda_KL: 2.0000
Step [478] | D_Loss: 0.7961 | G_Loss: -0.2538 | G_GAN: 4.6346 | L_Words: -0.9981 | L_Sent: 0.0001 | L_DAMSM: -0.9980 | L_KL: 0.0508 | Gamma_DAMSM: 5.0000 | Lambda_KL: 2.0000
Step [479] | D_Loss: 0.6431 | G_Loss: 1.0496 | G_GAN: 5.9388 | L_Words: -0.9980 | L_Sent: 0.0001 | L_DAMSM: -0.9980 | L_KL: 0.0502 | Gamma_DAMSM: 5.0000 | Lambda_KL: 2.0000
Step [480] | D_Loss: 0.6901 | G_Loss: 1.8068 | G_GAN: 6.6933 | L_Words: -0.9978 | L_Sent: 0.0001 | L_DAMSM: -0.9977 | L_KL: 0.0509 | Gamma_DAMSM: 5.0000 | Lambda_KL: 2.0000
Step [481] | D_Loss: 1.1955 | G_Loss: 1.2554 | G_GAN: 6.1395 | L_Words: -0.9977 | L_Sent: 0.0001 | L_DAMSM: -0.9977 | L_KL: 0.0522 | Gamma_DAMSM: 5.0000 | Lambda_KL: 2.0000
Step [482] | D_Loss: 1.0109 | G_Loss: -0.4521 | G_GAN: 4.4235 | L_Words: -0.9961 | L_Sent: 0.0001 | L_DAMSM: -0.9961 | L_KL: 0.0524 | Gamma_DAMSM: 5.0000 | Lambda_KL: 2.0000
Step [483] | D_Loss: 0.9598 | G_Loss: 2.2077 | G_GAN: 7.0910 | L_Words: -0.9977 | L_Sent: 0.0000 | L_DAMSM: -0.9977 | L_KL: 0.0526 | Gamma_DAMSM: 5.0000 | Lambda_KL: 2.0000
Step [484] | D_Loss: 1.0334 | G_Loss: -0.6166 | G_GAN: 4.2699 | L_Words: -0.9980 | L_Sent: 0.0000 | L_DAMSM: -0.9979 | L_KL: 0.0516 | Gamma_DAMSM: 5.0000 | Lambda_KL: 2.0000
Step [485] | D_Loss: 0.9997 | G_Loss: -0.3849 | G_GAN: 4.5068 | L_Words: -0.9985 | L_Sent: 0.0001 | L_DAMSM: -0.9984 | L_KL: 0.0503 | Gamma_DAMSM: 5.0000 | Lambda_KL: 2.0000
Step [486] | D_Loss: 1.5773 | G_Loss: -0.8766 | G_GAN: 4.0118 | L_Words: -0.9972 | L_Sent: 0.0000 | L_DAMSM: -0.9972 | L_KL: 0.0487 | Gamma_DAMSM: 5.0000 | Lambda_KL: 2.0000
Step [487] | D_Loss: 1.8957 | G_Loss: 2.1978 | G_GAN: 7.0898 | L_Words: -0.9974 | L_Sent: 0.0001 | L_DAMSM: -0.9973 | L_KL: 0.0472 | Gamma_DAMSM: 5.0000 | Lambda_KL: 2.0000
Step [488] | D_Loss: 1.0343 | G_Loss: 2.2940 | G_GAN: 7.1845 | L_Words: -0.9969 | L_Sent: 0.0001 | L_DAMSM: -0.9968 | L_KL: 0.0467 | Gamma_DAMSM: 5.0000 | Lambda_KL: 2.0000
Step [489] | D_Loss: 1.3082 | G_Loss: 0.8289 | G_GAN: 5.7209 | L_Words: -0.9968 | L_Sent: 0.0000 | L_DAMSM: -0.9967 | L_KL: 0.0459 | Gamma_DAMSM: 5.0000 | Lambda_KL: 2.0000
Step [490] | D_Loss: 1.2925 | G_Loss: -1.1885 | G_GAN: 3.7125 | L_Words: -0.9985 | L_Sent: 0.0001 | L_DAMSM: -0.9984 | L_KL: 0.0454 | Gamma_DAMSM: 5.0000 | Lambda_KL: 2.0000
Step [491] | D_Loss: 1.0704 | G_Loss: -0.5215 | G_GAN: 4.3773 | L_Words: -0.9979 | L_Sent: 0.0000 | L_DAMSM: -0.9979 | L_KL: 0.0453 | Gamma_DAMSM: 5.0000 | Lambda_KL: 2.0000
Step [492] | D_Loss: 1.1421 | G_Loss: -0.0404 | G_GAN: 4.8561 | L_Words: -0.9979 | L_Sent: 0.0001 | L_DAMSM: -0.9978 | L_KL: 0.0463 | Gamma_DAMSM: 5.0000 | Lambda_KL: 2.0000
Step [493] | D_Loss: 0.8015 | G_Loss: -1.0767 | G_GAN: 3.8163 | L_Words: -0.9971 | L_Sent: 0.0001 | L_DAMSM: -0.9970 | L_KL: 0.0461 | Gamma_DAMSM: 5.0000 | Lambda_KL: 2.0000
Step [494] | D_Loss: 0.8893 | G_Loss: -1.1864 | G_GAN: 3.7089 | L_Words: -0.9971 | L_Sent: 0.0001 | L_DAMSM: -0.9970 | L_KL: 0.0450 | Gamma_DAMSM: 5.0000 | Lambda_KL: 2.0000
Step [495] | D_Loss: 1.0615 | G_Loss: -0.4509 | G_GAN: 4.4487 | L_Words: -0.9981 | L_Sent: 0.0000 | L_DAMSM: -0.9981 | L_KL: 0.0454 | Gamma_DAMSM: 5.0000 | Lambda_KL: 2.0000
Step [496] | D_Loss: 0.7145 | G_Loss: -0.2574 | G_GAN: 4.6394 | L_Words: -0.9977 | L_Sent: 0.0001 | L_DAMSM: -0.9976 | L_KL: 0.0456 | Gamma_DAMSM: 5.0000 | Lambda_KL: 2.0000
Step [497] | D_Loss: 1.0480 | G_Loss: -0.7196 | G_GAN: 4.1723 | L_Words: -0.9966 | L_Sent: 0.0001 | L_DAMSM: -0.9965 | L_KL: 0.0453 | Gamma_DAMSM: 5.0000 | Lambda_KL: 2.0000
Step [498] | D_Loss: 0.8258 | G_Loss: 0.2038 | G_GAN: 5.1035 | L_Words: -0.9982 | L_Sent: 0.0001 | L_DAMSM: -0.9981 | L_KL: 0.0454 | Gamma_DAMSM: 5.0000 | Lambda_KL: 2.0000
Step [499] | D_Loss: 1.1138 | G_Loss: 0.2174 | G_GAN: 5.1117 | L_Words: -0.9975 | L_Sent: 0.0000 | L_DAMSM: -0.9975 | L_KL: 0.0466 | Gamma_DAMSM: 5.0000 | Lambda_KL: 2.0000
Step [500] | D_Loss: 0.9374 | G_Loss: 0.7070 | G_GAN: 5.6017 | L_Words: -0.9978 | L_Sent: 0.0001 | L_DAMSM: -0.9977 | L_KL: 0.0469 | Gamma_DAMSM: 5.0000 | Lambda_KL: 2.0000
Step [501] | D_Loss: 1.2842 | G_Loss: 2.4570 | G_GAN: 7.3580 | L_Words: -0.9985 | L_Sent: 0.0001 | L_DAMSM: -0.9985 | L_KL: 0.0457 | Gamma_DAMSM: 5.0000 | Lambda_KL: 2.0000
Step [502] | D_Loss: 1.2756 | G_Loss: -0.1648 | G_GAN: 4.7290 | L_Words: -0.9976 | L_Sent: 0.0001 | L_DAMSM: -0.9975 | L_KL: 0.0468 | Gamma_DAMSM: 5.0000 | Lambda_KL: 2.0000
Step [503] | D_Loss: 0.9377 | G_Loss: 0.5411 | G_GAN: 5.4283 | L_Words: -0.9967 | L_Sent: 0.0001 | L_DAMSM: -0.9966 | L_KL: 0.0479 | Gamma_DAMSM: 5.0000 | Lambda_KL: 2.0000
Step [504] | D_Loss: 1.0465 | G_Loss: 1.4729 | G_GAN: 6.3440 | L_Words: -0.9936 | L_Sent: 0.0001 | L_DAMSM: -0.9935 | L_KL: 0.0481 | Gamma_DAMSM: 5.0000 | Lambda_KL: 2.0000
Step [505] | D_Loss: 0.5579 | G_Loss: 0.6570 | G_GAN: 5.5475 | L_Words: -0.9972 | L_Sent: 0.0001 | L_DAMSM: -0.9971 | L_KL: 0.0475 | Gamma_DAMSM: 5.0000 | Lambda_KL: 2.0000
Step [506] | D_Loss: 1.3837 | G_Loss: -0.3132 | G_GAN: 4.5793 | L_Words: -0.9982 | L_Sent: 0.0000 | L_DAMSM: -0.9981 | L_KL: 0.0490 | Gamma_DAMSM: 5.0000 | Lambda_KL: 2.0000
Step [507] | D_Loss: 1.0494 | G_Loss: 0.5760 | G_GAN: 5.4659 | L_Words: -0.9980 | L_Sent: 0.0001 | L_DAMSM: -0.9979 | L_KL: 0.0498 | Gamma_DAMSM: 5.0000 | Lambda_KL: 2.0000
Step [508] | D_Loss: 0.8154 | G_Loss: 2.9589 | G_GAN: 7.8427 | L_Words: -0.9978 | L_Sent: 0.0001 | L_DAMSM: -0.9976 | L_KL: 0.0522 | Gamma_DAMSM: 5.0000 | Lambda_KL: 2.0000
Step [509] | D_Loss: 1.1502 | G_Loss: 1.7713 | G_GAN: 6.6516 | L_Words: -0.9977 | L_Sent: 0.0000 | L_DAMSM: -0.9977 | L_KL: 0.0541 | Gamma_DAMSM: 5.0000 | Lambda_KL: 2.0000
Step [510] | D_Loss: 1.0306 | G_Loss: 3.1001 | G_GAN: 7.9736 | L_Words: -0.9972 | L_Sent: 0.0000 | L_DAMSM: -0.9972 | L_KL: 0.0561 | Gamma_DAMSM: 5.0000 | Lambda_KL: 2.0000
Step [511] | D_Loss: 0.6706 | G_Loss: 0.3402 | G_GAN: 5.2089 | L_Words: -0.9967 | L_Sent: 0.0001 | L_DAMSM: -0.9966 | L_KL: 0.0572 | Gamma_DAMSM: 5.0000 | Lambda_KL: 2.0000
Step [512] | D_Loss: 0.5469 | G_Loss: 0.8082 | G_GAN: 5.6651 | L_Words: -0.9955 | L_Sent: 0.0001 | L_DAMSM: -0.9953 | L_KL: 0.0598 | Gamma_DAMSM: 5.0000 | Lambda_KL: 2.0000
Step [513] | D_Loss: 0.6649 | G_Loss: 1.2072 | G_GAN: 6.0695 | L_Words: -0.9970 | L_Sent: 0.0000 | L_DAMSM: -0.9970 | L_KL: 0.0612 | Gamma_DAMSM: 5.0000 | Lambda_KL: 2.0000
Step [514] | D_Loss: 0.6886 | G_Loss: 2.6001 | G_GAN: 7.4618 | L_Words: -0.9978 | L_Sent: 0.0000 | L_DAMSM: -0.9978 | L_KL: 0.0636 | Gamma_DAMSM: 5.0000 | Lambda_KL: 2.0000
Step [515] | D_Loss: 0.5706 | G_Loss: 3.1683 | G_GAN: 8.0255 | L_Words: -0.9977 | L_Sent: 0.0001 | L_DAMSM: -0.9976 | L_KL: 0.0653 | Gamma_DAMSM: 5.0000 | Lambda_KL: 2.0000
Step [516] | D_Loss: 0.6796 | G_Loss: 3.4561 | G_GAN: 8.3127 | L_Words: -0.9980 | L_Sent: 0.0001 | L_DAMSM: -0.9979 | L_KL: 0.0663 | Gamma_DAMSM: 5.0000 | Lambda_KL: 2.0000
Step [517] | D_Loss: 0.8961 | G_Loss: -0.4780 | G_GAN: 4.3860 | L_Words: -0.9975 | L_Sent: 0.0001 | L_DAMSM: -0.9974 | L_KL: 0.0615 | Gamma_DAMSM: 5.0000 | Lambda_KL: 2.0000
Step [518] | D_Loss: 1.3825 | G_Loss: 4.5485 | G_GAN: 9.4060 | L_Words: -0.9953 | L_Sent: 0.0001 | L_DAMSM: -0.9952 | L_KL: 0.0593 | Gamma_DAMSM: 5.0000 | Lambda_KL: 2.0000
Step [519] | D_Loss: 0.6243 | G_Loss: 5.2355 | G_GAN: 10.1090 | L_Words: -0.9975 | L_Sent: 0.0000 | L_DAMSM: -0.9975 | L_KL: 0.0569 | Gamma_DAMSM: 5.0000 | Lambda_KL: 2.0000
Step [520] | D_Loss: 0.8513 | G_Loss: 3.2115 | G_GAN: 8.0897 | L_Words: -0.9982 | L_Sent: 0.0000 | L_DAMSM: -0.9982 | L_KL: 0.0564 | Gamma_DAMSM: 5.0000 | Lambda_KL: 2.0000
Step [521] | D_Loss: 0.8341 | G_Loss: 1.0569 | G_GAN: 5.9381 | L_Words: -0.9983 | L_Sent: 0.0000 | L_DAMSM: -0.9982 | L_KL: 0.0550 | Gamma_DAMSM: 5.0000 | Lambda_KL: 2.0000
Step [522] | D_Loss: 1.0241 | G_Loss: 3.7424 | G_GAN: 8.6164 | L_Words: -0.9977 | L_Sent: 0.0000 | L_DAMSM: -0.9977 | L_KL: 0.0571 | Gamma_DAMSM: 5.0000 | Lambda_KL: 2.0000
Step [523] | D_Loss: 0.8620 | G_Loss: 3.7417 | G_GAN: 8.6142 | L_Words: -0.9975 | L_Sent: 0.0001 | L_DAMSM: -0.9974 | L_KL: 0.0573 | Gamma_DAMSM: 5.0000 | Lambda_KL: 2.0000
Step [524] | D_Loss: 0.9991 | G_Loss: 2.9865 | G_GAN: 7.8625 | L_Words: -0.9982 | L_Sent: 0.0000 | L_DAMSM: -0.9982 | L_KL: 0.0575 | Gamma_DAMSM: 5.0000 | Lambda_KL: 2.0000
Step [525] | D_Loss: 0.8816 | G_Loss: 3.0931 | G_GAN: 7.9612 | L_Words: -0.9970 | L_Sent: 0.0001 | L_DAMSM: -0.9969 | L_KL: 0.0582 | Gamma_DAMSM: 5.0000 | Lambda_KL: 2.0000
Step [526] | D_Loss: 0.9098 | G_Loss: 0.2082 | G_GAN: 5.0767 | L_Words: -0.9969 | L_Sent: 0.0001 | L_DAMSM: -0.9969 | L_KL: 0.0579 | Gamma_DAMSM: 5.0000 | Lambda_KL: 2.0000
Step [527] | D_Loss: 0.5579 | G_Loss: 2.3755 | G_GAN: 7.2533 | L_Words: -0.9981 | L_Sent: 0.0001 | L_DAMSM: -0.9980 | L_KL: 0.0562 | Gamma_DAMSM: 5.0000 | Lambda_KL: 2.0000
Step [528] | D_Loss: 1.2966 | G_Loss: 0.1660 | G_GAN: 5.0436 | L_Words: -0.9976 | L_Sent: 0.0001 | L_DAMSM: -0.9975 | L_KL: 0.0550 | Gamma_DAMSM: 5.0000 | Lambda_KL: 2.0000
Step [529] | D_Loss: 0.9816 | G_Loss: 1.8452 | G_GAN: 6.7218 | L_Words: -0.9974 | L_Sent: 0.0001 | L_DAMSM: -0.9973 | L_KL: 0.0550 | Gamma_DAMSM: 5.0000 | Lambda_KL: 2.0000
Step [530] | D_Loss: 0.9079 | G_Loss: 0.2587 | G_GAN: 5.1326 | L_Words: -0.9966 | L_Sent: 0.0000 | L_DAMSM: -0.9966 | L_KL: 0.0545 | Gamma_DAMSM: 5.0000 | Lambda_KL: 2.0000
Step [531] | D_Loss: 1.2302 | G_Loss: 3.7398 | G_GAN: 8.6147 | L_Words: -0.9969 | L_Sent: 0.0001 | L_DAMSM: -0.9968 | L_KL: 0.0545 | Gamma_DAMSM: 5.0000 | Lambda_KL: 2.0000
Step [532] | D_Loss: 0.9626 | G_Loss: 1.7559 | G_GAN: 6.6400 | L_Words: -0.9982 | L_Sent: 0.0001 | L_DAMSM: -0.9981 | L_KL: 0.0533 | Gamma_DAMSM: 5.0000 | Lambda_KL: 2.0000
Step [533] | D_Loss: 0.9246 | G_Loss: 1.4484 | G_GAN: 6.3129 | L_Words: -0.9937 | L_Sent: 0.0002 | L_DAMSM: -0.9935 | L_KL: 0.0514 | Gamma_DAMSM: 5.0000 | Lambda_KL: 2.0000
Step [534] | D_Loss: 1.0186 | G_Loss: 3.6942 | G_GAN: 8.5818 | L_Words: -0.9984 | L_Sent: 0.0001 | L_DAMSM: -0.9984 | L_KL: 0.0521 | Gamma_DAMSM: 5.0000 | Lambda_KL: 2.0000
Step [535] | D_Loss: 0.5704 | G_Loss: 1.5684 | G_GAN: 6.4554 | L_Words: -0.9983 | L_Sent: 0.0001 | L_DAMSM: -0.9983 | L_KL: 0.0522 | Gamma_DAMSM: 5.0000 | Lambda_KL: 2.0000
Step [536] | D_Loss: 0.7208 | G_Loss: -0.3945 | G_GAN: 4.4833 | L_Words: -0.9968 | L_Sent: 0.0001 | L_DAMSM: -0.9968 | L_KL: 0.0531 | Gamma_DAMSM: 5.0000 | Lambda_KL: 2.0000
Step [537] | D_Loss: 1.0301 | G_Loss: 0.5159 | G_GAN: 5.3960 | L_Words: -0.9974 | L_Sent: 0.0001 | L_DAMSM: -0.9973 | L_KL: 0.0532 | Gamma_DAMSM: 5.0000 | Lambda_KL: 2.0000
Step [538] | D_Loss: 1.0575 | G_Loss: 2.2245 | G_GAN: 7.1032 | L_Words: -0.9975 | L_Sent: 0.0001 | L_DAMSM: -0.9975 | L_KL: 0.0543 | Gamma_DAMSM: 5.0000 | Lambda_KL: 2.0000
Step [539] | D_Loss: 0.2556 | G_Loss: 4.4607 | G_GAN: 9.3434 | L_Words: -0.9987 | L_Sent: 0.0001 | L_DAMSM: -0.9986 | L_KL: 0.0551 | Gamma_DAMSM: 5.0000 | Lambda_KL: 2.0000
Step [540] | D_Loss: 0.4929 | G_Loss: 3.0321 | G_GAN: 7.9101 | L_Words: -0.9980 | L_Sent: 0.0001 | L_DAMSM: -0.9979 | L_KL: 0.0558 | Gamma_DAMSM: 5.0000 | Lambda_KL: 2.0000
Step [541] | D_Loss: 1.4996 | G_Loss: 3.2005 | G_GAN: 8.0781 | L_Words: -0.9986 | L_Sent: 0.0001 | L_DAMSM: -0.9985 | L_KL: 0.0575 | Gamma_DAMSM: 5.0000 | Lambda_KL: 2.0000
Step [542] | D_Loss: 1.7943 | G_Loss: -0.7888 | G_GAN: 4.0813 | L_Words: -0.9973 | L_Sent: 0.0001 | L_DAMSM: -0.9972 | L_KL: 0.0580 | Gamma_DAMSM: 5.0000 | Lambda_KL: 2.0000
Step [543] | D_Loss: 1.4876 | G_Loss: -1.0445 | G_GAN: 3.8295 | L_Words: -0.9982 | L_Sent: 0.0001 | L_DAMSM: -0.9981 | L_KL: 0.0583 | Gamma_DAMSM: 5.0000 | Lambda_KL: 2.0000
Step [544] | D_Loss: 1.1262 | G_Loss: 2.2468 | G_GAN: 7.1139 | L_Words: -0.9969 | L_Sent: 0.0001 | L_DAMSM: -0.9968 | L_KL: 0.0585 | Gamma_DAMSM: 5.0000 | Lambda_KL: 2.0000
Step [545] | D_Loss: 1.1183 | G_Loss: 1.4773 | G_GAN: 6.3505 | L_Words: -0.9980 | L_Sent: 0.0001 | L_DAMSM: -0.9979 | L_KL: 0.0581 | Gamma_DAMSM: 5.0000 | Lambda_KL: 2.0000
Step [546] | D_Loss: 1.2459 | G_Loss: 0.6748 | G_GAN: 5.5453 | L_Words: -0.9971 | L_Sent: 0.0001 | L_DAMSM: -0.9970 | L_KL: 0.0573 | Gamma_DAMSM: 5.0000 | Lambda_KL: 2.0000
Step [547] | D_Loss: 1.4542 | G_Loss: 0.1015 | G_GAN: 4.9688 | L_Words: -0.9968 | L_Sent: 0.0001 | L_DAMSM: -0.9967 | L_KL: 0.0581 | Gamma_DAMSM: 5.0000 | Lambda_KL: 2.0000
Step [548] | D_Loss: 0.8463 | G_Loss: 0.2050 | G_GAN: 5.0796 | L_Words: -0.9977 | L_Sent: 0.0001 | L_DAMSM: -0.9976 | L_KL: 0.0567 | Gamma_DAMSM: 5.0000 | Lambda_KL: 2.0000
Step [549] | D_Loss: 1.3525 | G_Loss: 0.6180 | G_GAN: 5.4943 | L_Words: -0.9977 | L_Sent: 0.0001 | L_DAMSM: -0.9976 | L_KL: 0.0559 | Gamma_DAMSM: 5.0000 | Lambda_KL: 2.0000
Step [550] | D_Loss: 1.4652 | G_Loss: -0.5899 | G_GAN: 4.2844 | L_Words: -0.9977 | L_Sent: 0.0001 | L_DAMSM: -0.9976 | L_KL: 0.0569 | Gamma_DAMSM: 5.0000 | Lambda_KL: 2.0000
Step [551] | D_Loss: 0.9621 | G_Loss: 0.3264 | G_GAN: 5.2034 | L_Words: -0.9975 | L_Sent: 0.0001 | L_DAMSM: -0.9975 | L_KL: 0.0551 | Gamma_DAMSM: 5.0000 | Lambda_KL: 2.0000
Step [552] | D_Loss: 0.8833 | G_Loss: -0.3109 | G_GAN: 4.5592 | L_Words: -0.9964 | L_Sent: 0.0001 | L_DAMSM: -0.9963 | L_KL: 0.0558 | Gamma_DAMSM: 5.0000 | Lambda_KL: 2.0000
Step [553] | D_Loss: 0.8852 | G_Loss: 1.5362 | G_GAN: 6.4086 | L_Words: -0.9973 | L_Sent: 0.0001 | L_DAMSM: -0.9972 | L_KL: 0.0569 | Gamma_DAMSM: 5.0000 | Lambda_KL: 2.0000
Step [554] | D_Loss: 1.3920 | G_Loss: -0.2746 | G_GAN: 4.5997 | L_Words: -0.9981 | L_Sent: 0.0000 | L_DAMSM: -0.9981 | L_KL: 0.0581 | Gamma_DAMSM: 5.0000 | Lambda_KL: 2.0000
Step [555] | D_Loss: 0.8505 | G_Loss: 0.4984 | G_GAN: 5.3711 | L_Words: -0.9979 | L_Sent: 0.0000 | L_DAMSM: -0.9978 | L_KL: 0.0582 | Gamma_DAMSM: 5.0000 | Lambda_KL: 2.0000
Step [556] | D_Loss: 0.4900 | G_Loss: 0.1708 | G_GAN: 5.0365 | L_Words: -0.9966 | L_Sent: 0.0001 | L_DAMSM: -0.9965 | L_KL: 0.0585 | Gamma_DAMSM: 5.0000 | Lambda_KL: 2.0000
Step [557] | D_Loss: 1.4643 | G_Loss: -0.5100 | G_GAN: 4.3612 | L_Words: -0.9976 | L_Sent: 0.0001 | L_DAMSM: -0.9975 | L_KL: 0.0583 | Gamma_DAMSM: 5.0000 | Lambda_KL: 2.0000
Step [558] | D_Loss: 1.0844 | G_Loss: -1.0897 | G_GAN: 3.7836 | L_Words: -0.9984 | L_Sent: 0.0001 | L_DAMSM: -0.9982 | L_KL: 0.0590 | Gamma_DAMSM: 5.0000 | Lambda_KL: 2.0000
Step [559] | D_Loss: 1.0214 | G_Loss: -0.5346 | G_GAN: 4.3385 | L_Words: -0.9982 | L_Sent: 0.0000 | L_DAMSM: -0.9981 | L_KL: 0.0587 | Gamma_DAMSM: 5.0000 | Lambda_KL: 2.0000
Step [560] | D_Loss: 0.6002 | G_Loss: 1.8277 | G_GAN: 6.6979 | L_Words: -0.9977 | L_Sent: 0.0001 | L_DAMSM: -0.9976 | L_KL: 0.0590 | Gamma_DAMSM: 5.0000 | Lambda_KL: 2.0000
Step [561] | D_Loss: 0.7747 | G_Loss: 0.4540 | G_GAN: 5.3272 | L_Words: -0.9984 | L_Sent: 0.0001 | L_DAMSM: -0.9983 | L_KL: 0.0591 | Gamma_DAMSM: 5.0000 | Lambda_KL: 2.0000
Step [562] | D_Loss: 0.6135 | G_Loss: 0.6700 | G_GAN: 5.5329 | L_Words: -0.9966 | L_Sent: 0.0001 | L_DAMSM: -0.9965 | L_KL: 0.0598 | Gamma_DAMSM: 5.0000 | Lambda_KL: 2.0000
Step [563] | D_Loss: 0.7249 | G_Loss: 1.9849 | G_GAN: 6.8486 | L_Words: -0.9970 | L_Sent: 0.0001 | L_DAMSM: -0.9969 | L_KL: 0.0604 | Gamma_DAMSM: 5.0000 | Lambda_KL: 2.0000
Step [564] | D_Loss: 0.8159 | G_Loss: 3.0682 | G_GAN: 7.9298 | L_Words: -0.9968 | L_Sent: 0.0001 | L_DAMSM: -0.9967 | L_KL: 0.0609 | Gamma_DAMSM: 5.0000 | Lambda_KL: 2.0000
Step [565] | D_Loss: 0.6280 | G_Loss: 2.5663 | G_GAN: 7.4290 | L_Words: -0.9979 | L_Sent: 0.0001 | L_DAMSM: -0.9978 | L_KL: 0.0631 | Gamma_DAMSM: 5.0000 | Lambda_KL: 2.0000
Step [566] | D_Loss: 1.0065 | G_Loss: 2.4634 | G_GAN: 7.3235 | L_Words: -0.9979 | L_Sent: 0.0001 | L_DAMSM: -0.9978 | L_KL: 0.0645 | Gamma_DAMSM: 5.0000 | Lambda_KL: 2.0000
Step [567] | D_Loss: 0.9264 | G_Loss: 0.1558 | G_GAN: 5.0074 | L_Words: -0.9970 | L_Sent: 0.0001 | L_DAMSM: -0.9969 | L_KL: 0.0664 | Gamma_DAMSM: 5.0000 | Lambda_KL: 2.0000
Step [568] | D_Loss: 1.0155 | G_Loss: 1.5102 | G_GAN: 6.3713 | L_Words: -0.9986 | L_Sent: 0.0001 | L_DAMSM: -0.9985 | L_KL: 0.0658 | Gamma_DAMSM: 5.0000 | Lambda_KL: 2.0000
Step [569] | D_Loss: 1.1082 | G_Loss: 1.6282 | G_GAN: 6.4812 | L_Words: -0.9974 | L_Sent: 0.0001 | L_DAMSM: -0.9973 | L_KL: 0.0667 | Gamma_DAMSM: 5.0000 | Lambda_KL: 2.0000
Step [570] | D_Loss: 1.1215 | G_Loss: 0.2278 | G_GAN: 5.0823 | L_Words: -0.9978 | L_Sent: 0.0000 | L_DAMSM: -0.9978 | L_KL: 0.0671 | Gamma_DAMSM: 5.0000 | Lambda_KL: 2.0000
Step [571] | D_Loss: 0.8889 | G_Loss: 0.6664 | G_GAN: 5.5225 | L_Words: -0.9983 | L_Sent: 0.0000 | L_DAMSM: -0.9983 | L_KL: 0.0676 | Gamma_DAMSM: 5.0000 | Lambda_KL: 2.0000
Step [572] | D_Loss: 0.8421 | G_Loss: 2.1191 | G_GAN: 6.9738 | L_Words: -0.9983 | L_Sent: 0.0001 | L_DAMSM: -0.9982 | L_KL: 0.0683 | Gamma_DAMSM: 5.0000 | Lambda_KL: 2.0000
Step [573] | D_Loss: 0.5234 | G_Loss: 4.8574 | G_GAN: 9.7038 | L_Words: -0.9979 | L_Sent: 0.0001 | L_DAMSM: -0.9979 | L_KL: 0.0715 | Gamma_DAMSM: 5.0000 | Lambda_KL: 2.0000
Step [574] | D_Loss: 1.0144 | G_Loss: 1.2689 | G_GAN: 6.1134 | L_Words: -0.9982 | L_Sent: 0.0001 | L_DAMSM: -0.9981 | L_KL: 0.0731 | Gamma_DAMSM: 5.0000 | Lambda_KL: 2.0000
Step [575] | D_Loss: 0.8202 | G_Loss: 3.3311 | G_GAN: 8.1766 | L_Words: -0.9989 | L_Sent: 0.0001 | L_DAMSM: -0.9988 | L_KL: 0.0743 | Gamma_DAMSM: 5.0000 | Lambda_KL: 2.0000
Step [576] | D_Loss: 1.1454 | G_Loss: -1.1096 | G_GAN: 3.7337 | L_Words: -0.9982 | L_Sent: 0.0000 | L_DAMSM: -0.9981 | L_KL: 0.0737 | Gamma_DAMSM: 5.0000 | Lambda_KL: 2.0000
Step [577] | D_Loss: 1.0711 | G_Loss: 2.2622 | G_GAN: 7.1046 | L_Words: -0.9984 | L_Sent: 0.0001 | L_DAMSM: -0.9983 | L_KL: 0.0745 | Gamma_DAMSM: 5.0000 | Lambda_KL: 2.0000
Step [578] | D_Loss: 0.5177 | G_Loss: 1.2623 | G_GAN: 6.1008 | L_Words: -0.9976 | L_Sent: 0.0000 | L_DAMSM: -0.9975 | L_KL: 0.0746 | Gamma_DAMSM: 5.0000 | Lambda_KL: 2.0000
Step [579] | D_Loss: 0.7415 | G_Loss: 1.4510 | G_GAN: 6.2882 | L_Words: -0.9959 | L_Sent: 0.0001 | L_DAMSM: -0.9958 | L_KL: 0.0710 | Gamma_DAMSM: 5.0000 | Lambda_KL: 2.0000
Step [580] | D_Loss: 2.5317 | G_Loss: -1.2153 | G_GAN: 3.6353 | L_Words: -0.9979 | L_Sent: 0.0001 | L_DAMSM: -0.9978 | L_KL: 0.0693 | Gamma_DAMSM: 5.0000 | Lambda_KL: 2.0000
Step [581] | D_Loss: 1.1343 | G_Loss: -0.5341 | G_GAN: 4.3010 | L_Words: -0.9945 | L_Sent: 0.0001 | L_DAMSM: -0.9944 | L_KL: 0.0685 | Gamma_DAMSM: 5.0000 | Lambda_KL: 2.0000
Step [582] | D_Loss: 0.7873 | G_Loss: 0.2163 | G_GAN: 5.0730 | L_Words: -0.9984 | L_Sent: 0.0001 | L_DAMSM: -0.9983 | L_KL: 0.0675 | Gamma_DAMSM: 5.0000 | Lambda_KL: 2.0000
Step [583] | D_Loss: 1.2897 | G_Loss: -0.7702 | G_GAN: 4.0729 | L_Words: -0.9959 | L_Sent: 0.0001 | L_DAMSM: -0.9958 | L_KL: 0.0679 | Gamma_DAMSM: 5.0000 | Lambda_KL: 2.0000
Step [584] | D_Loss: 0.8895 | G_Loss: -0.7833 | G_GAN: 4.0673 | L_Words: -0.9978 | L_Sent: 0.0001 | L_DAMSM: -0.9977 | L_KL: 0.0691 | Gamma_DAMSM: 5.0000 | Lambda_KL: 2.0000
Step [585] | D_Loss: 0.9981 | G_Loss: 0.8577 | G_GAN: 5.7085 | L_Words: -0.9978 | L_Sent: 0.0001 | L_DAMSM: -0.9977 | L_KL: 0.0690 | Gamma_DAMSM: 5.0000 | Lambda_KL: 2.0000
Step [586] | D_Loss: 0.7550 | G_Loss: 1.5121 | G_GAN: 6.3629 | L_Words: -0.9980 | L_Sent: 0.0001 | L_DAMSM: -0.9980 | L_KL: 0.0695 | Gamma_DAMSM: 5.0000 | Lambda_KL: 2.0000
Step [587] | D_Loss: 0.8283 | G_Loss: 2.1277 | G_GAN: 6.9754 | L_Words: -0.9977 | L_Sent: 0.0001 | L_DAMSM: -0.9976 | L_KL: 0.0701 | Gamma_DAMSM: 5.0000 | Lambda_KL: 2.0000
Step [588] | D_Loss: 0.9725 | G_Loss: 1.1561 | G_GAN: 6.0028 | L_Words: -0.9979 | L_Sent: 0.0001 | L_DAMSM: -0.9979 | L_KL: 0.0713 | Gamma_DAMSM: 5.0000 | Lambda_KL: 2.0000
Step [589] | D_Loss: 0.8363 | G_Loss: -0.2745 | G_GAN: 4.5636 | L_Words: -0.9968 | L_Sent: 0.0001 | L_DAMSM: -0.9967 | L_KL: 0.0727 | Gamma_DAMSM: 5.0000 | Lambda_KL: 2.0000
Step [590] | D_Loss: 1.0558 | G_Loss: 2.7924 | G_GAN: 7.6344 | L_Words: -0.9976 | L_Sent: 0.0001 | L_DAMSM: -0.9975 | L_KL: 0.0726 | Gamma_DAMSM: 5.0000 | Lambda_KL: 2.0000
Step [591] | D_Loss: 1.1880 | G_Loss: 1.9045 | G_GAN: 6.7518 | L_Words: -0.9986 | L_Sent: 0.0001 | L_DAMSM: -0.9985 | L_KL: 0.0726 | Gamma_DAMSM: 5.0000 | Lambda_KL: 2.0000
Step [592] | D_Loss: 0.8442 | G_Loss: 1.9132 | G_GAN: 6.7533 | L_Words: -0.9976 | L_Sent: 0.0002 | L_DAMSM: -0.9973 | L_KL: 0.0732 | Gamma_DAMSM: 5.0000 | Lambda_KL: 2.0000
Step [593] | D_Loss: 0.8068 | G_Loss: 0.8855 | G_GAN: 5.7235 | L_Words: -0.9975 | L_Sent: 0.0001 | L_DAMSM: -0.9974 | L_KL: 0.0745 | Gamma_DAMSM: 5.0000 | Lambda_KL: 2.0000
Step [594] | D_Loss: 0.8511 | G_Loss: 1.4894 | G_GAN: 6.3274 | L_Words: -0.9977 | L_Sent: 0.0001 | L_DAMSM: -0.9977 | L_KL: 0.0752 | Gamma_DAMSM: 5.0000 | Lambda_KL: 2.0000
Step [595] | D_Loss: 0.9341 | G_Loss: 1.5152 | G_GAN: 6.3582 | L_Words: -0.9985 | L_Sent: 0.0003 | L_DAMSM: -0.9983 | L_KL: 0.0742 | Gamma_DAMSM: 5.0000 | Lambda_KL: 2.0000
Step [596] | D_Loss: 0.9015 | G_Loss: 1.8460 | G_GAN: 6.6931 | L_Words: -0.9986 | L_Sent: 0.0000 | L_DAMSM: -0.9985 | L_KL: 0.0728 | Gamma_DAMSM: 5.0000 | Lambda_KL: 2.0000
Step [597] | D_Loss: 1.3159 | G_Loss: -0.6323 | G_GAN: 4.2082 | L_Words: -0.9980 | L_Sent: 0.0001 | L_DAMSM: -0.9979 | L_KL: 0.0746 | Gamma_DAMSM: 5.0000 | Lambda_KL: 2.0000
Step [598] | D_Loss: 1.1360 | G_Loss: 0.3912 | G_GAN: 5.2279 | L_Words: -0.9974 | L_Sent: 0.0001 | L_DAMSM: -0.9974 | L_KL: 0.0750 | Gamma_DAMSM: 5.0000 | Lambda_KL: 2.0000
Step [599] | D_Loss: 1.0363 | G_Loss: 0.8692 | G_GAN: 5.7122 | L_Words: -0.9981 | L_Sent: 0.0002 | L_DAMSM: -0.9979 | L_KL: 0.0733 | Gamma_DAMSM: 5.0000 | Lambda_KL: 2.0000
Step [600] | D_Loss: 0.9356 | G_Loss: -0.0667 | G_GAN: 4.7725 | L_Words: -0.9969 | L_Sent: 0.0000 | L_DAMSM: -0.9969 | L_KL: 0.0726 | Gamma_DAMSM: 5.0000 | Lambda_KL: 2.0000
Step [601] | D_Loss: 0.7803 | G_Loss: 1.1172 | G_GAN: 5.9527 | L_Words: -0.9968 | L_Sent: 0.0001 | L_DAMSM: -0.9967 | L_KL: 0.0741 | Gamma_DAMSM: 5.0000 | Lambda_KL: 2.0000
Step [602] | D_Loss: 0.8708 | G_Loss: 0.7470 | G_GAN: 5.5663 | L_Words: -0.9947 | L_Sent: 0.0001 | L_DAMSM: -0.9946 | L_KL: 0.0768 | Gamma_DAMSM: 5.0000 | Lambda_KL: 2.0000
Step [603] | D_Loss: 1.2280 | G_Loss: -0.9911 | G_GAN: 3.8406 | L_Words: -0.9981 | L_Sent: 0.0001 | L_DAMSM: -0.9980 | L_KL: 0.0792 | Gamma_DAMSM: 5.0000 | Lambda_KL: 2.0000
Step [604] | D_Loss: 1.1728 | G_Loss: -0.9509 | G_GAN: 3.8788 | L_Words: -0.9980 | L_Sent: 0.0001 | L_DAMSM: -0.9980 | L_KL: 0.0801 | Gamma_DAMSM: 5.0000 | Lambda_KL: 2.0000
Step [605] | D_Loss: 0.8360 | G_Loss: 1.2081 | G_GAN: 6.0353 | L_Words: -0.9978 | L_Sent: 0.0001 | L_DAMSM: -0.9977 | L_KL: 0.0806 | Gamma_DAMSM: 5.0000 | Lambda_KL: 2.0000
Step [606] | D_Loss: 0.8549 | G_Loss: 2.6365 | G_GAN: 7.4603 | L_Words: -0.9978 | L_Sent: 0.0001 | L_DAMSM: -0.9977 | L_KL: 0.0823 | Gamma_DAMSM: 5.0000 | Lambda_KL: 2.0000
Step [607] | D_Loss: 0.7715 | G_Loss: 2.6900 | G_GAN: 7.5081 | L_Words: -0.9970 | L_Sent: 0.0001 | L_DAMSM: -0.9970 | L_KL: 0.0833 | Gamma_DAMSM: 5.0000 | Lambda_KL: 2.0000
Step [608] | D_Loss: 1.0844 | G_Loss: 0.8551 | G_GAN: 5.6673 | L_Words: -0.9962 | L_Sent: 0.0002 | L_DAMSM: -0.9960 | L_KL: 0.0839 | Gamma_DAMSM: 5.0000 | Lambda_KL: 2.0000
Step [609] | D_Loss: 1.1908 | G_Loss: -1.2296 | G_GAN: 3.5958 | L_Words: -0.9977 | L_Sent: 0.0001 | L_DAMSM: -0.9976 | L_KL: 0.0815 | Gamma_DAMSM: 5.0000 | Lambda_KL: 2.0000
Step [610] | D_Loss: 1.3040 | G_Loss: 1.5252 | G_GAN: 6.3588 | L_Words: -0.9982 | L_Sent: 0.0001 | L_DAMSM: -0.9981 | L_KL: 0.0785 | Gamma_DAMSM: 5.0000 | Lambda_KL: 2.0000
Step [611] | D_Loss: 1.2061 | G_Loss: 1.1855 | G_GAN: 6.0204 | L_Words: -0.9975 | L_Sent: 0.0001 | L_DAMSM: -0.9974 | L_KL: 0.0761 | Gamma_DAMSM: 5.0000 | Lambda_KL: 2.0000
Step [612] | D_Loss: 0.7355 | G_Loss: 1.1386 | G_GAN: 5.9794 | L_Words: -0.9983 | L_Sent: 0.0001 | L_DAMSM: -0.9982 | L_KL: 0.0752 | Gamma_DAMSM: 5.0000 | Lambda_KL: 2.0000
Step [613] | D_Loss: 0.5196 | G_Loss: 0.7916 | G_GAN: 5.6316 | L_Words: -0.9982 | L_Sent: 0.0001 | L_DAMSM: -0.9982 | L_KL: 0.0754 | Gamma_DAMSM: 5.0000 | Lambda_KL: 2.0000
Step [614] | D_Loss: 0.5958 | G_Loss: 0.7663 | G_GAN: 5.6003 | L_Words: -0.9970 | L_Sent: 0.0001 | L_DAMSM: -0.9969 | L_KL: 0.0754 | Gamma_DAMSM: 5.0000 | Lambda_KL: 2.0000
Step [615] | D_Loss: 0.5472 | G_Loss: 0.6490 | G_GAN: 5.4870 | L_Words: -0.9979 | L_Sent: 0.0001 | L_DAMSM: -0.9978 | L_KL: 0.0756 | Gamma_DAMSM: 5.0000 | Lambda_KL: 2.0000
Step [616] | D_Loss: 0.7986 | G_Loss: 2.9276 | G_GAN: 7.7587 | L_Words: -0.9969 | L_Sent: 0.0001 | L_DAMSM: -0.9968 | L_KL: 0.0765 | Gamma_DAMSM: 5.0000 | Lambda_KL: 2.0000
Step [617] | D_Loss: 0.2746 | G_Loss: 4.8310 | G_GAN: 9.6672 | L_Words: -0.9981 | L_Sent: 0.0001 | L_DAMSM: -0.9981 | L_KL: 0.0771 | Gamma_DAMSM: 5.0000 | Lambda_KL: 2.0000
Step [618] | D_Loss: 0.5218 | G_Loss: 3.9862 | G_GAN: 8.8199 | L_Words: -0.9980 | L_Sent: 0.0001 | L_DAMSM: -0.9979 | L_KL: 0.0780 | Gamma_DAMSM: 5.0000 | Lambda_KL: 2.0000
Step [619] | D_Loss: 1.4489 | G_Loss: -1.5683 | G_GAN: 3.2453 | L_Words: -0.9943 | L_Sent: 0.0001 | L_DAMSM: -0.9942 | L_KL: 0.0786 | Gamma_DAMSM: 5.0000 | Lambda_KL: 2.0000
Step [620] | D_Loss: 1.8656 | G_Loss: 1.9841 | G_GAN: 6.8194 | L_Words: -0.9982 | L_Sent: 0.0001 | L_DAMSM: -0.9981 | L_KL: 0.0776 | Gamma_DAMSM: 5.0000 | Lambda_KL: 2.0000
Step [621] | D_Loss: 0.8064 | G_Loss: 1.8883 | G_GAN: 6.7200 | L_Words: -0.9975 | L_Sent: 0.0000 | L_DAMSM: -0.9975 | L_KL: 0.0778 | Gamma_DAMSM: 5.0000 | Lambda_KL: 2.0000
Step [622] | D_Loss: 0.9493 | G_Loss: 0.1337 | G_GAN: 4.9696 | L_Words: -0.9982 | L_Sent: 0.0001 | L_DAMSM: -0.9981 | L_KL: 0.0774 | Gamma_DAMSM: 5.0000 | Lambda_KL: 2.0000
Step [623] | D_Loss: 1.0249 | G_Loss: 0.4072 | G_GAN: 5.2325 | L_Words: -0.9961 | L_Sent: 0.0001 | L_DAMSM: -0.9960 | L_KL: 0.0774 | Gamma_DAMSM: 5.0000 | Lambda_KL: 2.0000
Step [624] | D_Loss: 1.1654 | G_Loss: 0.4648 | G_GAN: 5.3012 | L_Words: -0.9984 | L_Sent: 0.0001 | L_DAMSM: -0.9983 | L_KL: 0.0776 | Gamma_DAMSM: 5.0000 | Lambda_KL: 2.0000
Step [625] | D_Loss: 0.6670 | G_Loss: -0.0845 | G_GAN: 4.7521 | L_Words: -0.9982 | L_Sent: 0.0001 | L_DAMSM: -0.9981 | L_KL: 0.0771 | Gamma_DAMSM: 5.0000 | Lambda_KL: 2.0000
Step [626] | D_Loss: 0.7075 | G_Loss: 2.2767 | G_GAN: 7.1148 | L_Words: -0.9984 | L_Sent: 0.0000 | L_DAMSM: -0.9984 | L_KL: 0.0768 | Gamma_DAMSM: 5.0000 | Lambda_KL: 2.0000
Step [627] | D_Loss: 0.8096 | G_Loss: 3.2896 | G_GAN: 8.1253 | L_Words: -0.9980 | L_Sent: 0.0001 | L_DAMSM: -0.9980 | L_KL: 0.0770 | Gamma_DAMSM: 5.0000 | Lambda_KL: 2.0000
Step [628] | D_Loss: 0.6187 | G_Loss: 2.1521 | G_GAN: 6.9845 | L_Words: -0.9982 | L_Sent: 0.0000 | L_DAMSM: -0.9982 | L_KL: 0.0792 | Gamma_DAMSM: 5.0000 | Lambda_KL: 2.0000
Step [629] | D_Loss: 0.8004 | G_Loss: 2.1126 | G_GAN: 6.9422 | L_Words: -0.9981 | L_Sent: 0.0001 | L_DAMSM: -0.9980 | L_KL: 0.0803 | Gamma_DAMSM: 5.0000 | Lambda_KL: 2.0000
Step [630] | D_Loss: 1.1798 | G_Loss: -0.4151 | G_GAN: 4.4095 | L_Words: -0.9974 | L_Sent: 0.0001 | L_DAMSM: -0.9974 | L_KL: 0.0811 | Gamma_DAMSM: 5.0000 | Lambda_KL: 2.0000
Step [631] | D_Loss: 1.1789 | G_Loss: 3.8562 | G_GAN: 8.6751 | L_Words: -0.9969 | L_Sent: 0.0001 | L_DAMSM: -0.9968 | L_KL: 0.0826 | Gamma_DAMSM: 5.0000 | Lambda_KL: 2.0000
Step [632] | D_Loss: 0.8325 | G_Loss: 4.8461 | G_GAN: 9.6699 | L_Words: -0.9981 | L_Sent: 0.0001 | L_DAMSM: -0.9981 | L_KL: 0.0833 | Gamma_DAMSM: 5.0000 | Lambda_KL: 2.0000
Step [633] | D_Loss: 1.2222 | G_Loss: 0.5189 | G_GAN: 5.3421 | L_Words: -0.9980 | L_Sent: 0.0001 | L_DAMSM: -0.9979 | L_KL: 0.0831 | Gamma_DAMSM: 5.0000 | Lambda_KL: 2.0000
Step [634] | D_Loss: 0.8687 | G_Loss: 0.7367 | G_GAN: 5.5608 | L_Words: -0.9987 | L_Sent: 0.0000 | L_DAMSM: -0.9987 | L_KL: 0.0846 | Gamma_DAMSM: 5.0000 | Lambda_KL: 2.0000
Step [635] | D_Loss: 1.2793 | G_Loss: 1.6695 | G_GAN: 6.4830 | L_Words: -0.9971 | L_Sent: 0.0001 | L_DAMSM: -0.9970 | L_KL: 0.0858 | Gamma_DAMSM: 5.0000 | Lambda_KL: 2.0000
Step [636] | D_Loss: 1.0349 | G_Loss: 1.3871 | G_GAN: 6.2011 | L_Words: -0.9974 | L_Sent: 0.0001 | L_DAMSM: -0.9974 | L_KL: 0.0864 | Gamma_DAMSM: 5.0000 | Lambda_KL: 2.0000
Step [637] | D_Loss: 0.7522 | G_Loss: 1.9057 | G_GAN: 6.7144 | L_Words: -0.9967 | L_Sent: 0.0001 | L_DAMSM: -0.9966 | L_KL: 0.0872 | Gamma_DAMSM: 5.0000 | Lambda_KL: 2.0000
Step [638] | D_Loss: 0.4812 | G_Loss: 1.9286 | G_GAN: 6.7463 | L_Words: -0.9982 | L_Sent: 0.0001 | L_DAMSM: -0.9981 | L_KL: 0.0865 | Gamma_DAMSM: 5.0000 | Lambda_KL: 2.0000
Step [639] | D_Loss: 0.9466 | G_Loss: 2.8633 | G_GAN: 7.6799 | L_Words: -0.9974 | L_Sent: 0.0000 | L_DAMSM: -0.9973 | L_KL: 0.0851 | Gamma_DAMSM: 5.0000 | Lambda_KL: 2.0000
Step [640] | D_Loss: 0.8466 | G_Loss: 1.1518 | G_GAN: 5.9730 | L_Words: -0.9981 | L_Sent: 0.0001 | L_DAMSM: -0.9980 | L_KL: 0.0845 | Gamma_DAMSM: 5.0000 | Lambda_KL: 2.0000
Step [641] | D_Loss: 0.6312 | G_Loss: 2.3833 | G_GAN: 7.2077 | L_Words: -0.9981 | L_Sent: 0.0001 | L_DAMSM: -0.9981 | L_KL: 0.0830 | Gamma_DAMSM: 5.0000 | Lambda_KL: 2.0000
Step [642] | D_Loss: 0.8367 | G_Loss: 0.9022 | G_GAN: 5.7286 | L_Words: -0.9984 | L_Sent: 0.0000 | L_DAMSM: -0.9984 | L_KL: 0.0828 | Gamma_DAMSM: 5.0000 | Lambda_KL: 2.0000
Step [643] | D_Loss: 0.8023 | G_Loss: 3.6303 | G_GAN: 8.4443 | L_Words: -0.9958 | L_Sent: 0.0001 | L_DAMSM: -0.9957 | L_KL: 0.0823 | Gamma_DAMSM: 5.0000 | Lambda_KL: 2.0000
Step [644] | D_Loss: 0.5524 | G_Loss: 3.1783 | G_GAN: 8.0023 | L_Words: -0.9966 | L_Sent: 0.0002 | L_DAMSM: -0.9964 | L_KL: 0.0791 | Gamma_DAMSM: 5.0000 | Lambda_KL: 2.0000
Step [645] | D_Loss: 0.5803 | G_Loss: 2.4392 | G_GAN: 7.2719 | L_Words: -0.9974 | L_Sent: 0.0001 | L_DAMSM: -0.9973 | L_KL: 0.0769 | Gamma_DAMSM: 5.0000 | Lambda_KL: 2.0000
Step [646] | D_Loss: 0.7486 | G_Loss: 2.5029 | G_GAN: 7.3296 | L_Words: -0.9960 | L_Sent: 0.0001 | L_DAMSM: -0.9959 | L_KL: 0.0765 | Gamma_DAMSM: 5.0000 | Lambda_KL: 2.0000
Step [647] | D_Loss: 0.7583 | G_Loss: 4.1501 | G_GAN: 8.9815 | L_Words: -0.9968 | L_Sent: 0.0001 | L_DAMSM: -0.9967 | L_KL: 0.0760 | Gamma_DAMSM: 5.0000 | Lambda_KL: 2.0000
Step [648] | D_Loss: 0.9994 | G_Loss: 3.3128 | G_GAN: 8.1523 | L_Words: -0.9987 | L_Sent: 0.0001 | L_DAMSM: -0.9986 | L_KL: 0.0768 | Gamma_DAMSM: 5.0000 | Lambda_KL: 2.0000
Step [649] | D_Loss: 1.1988 | G_Loss: 3.9416 | G_GAN: 8.7713 | L_Words: -0.9971 | L_Sent: 0.0001 | L_DAMSM: -0.9970 | L_KL: 0.0776 | Gamma_DAMSM: 5.0000 | Lambda_KL: 2.0000
Step [650] | D_Loss: 0.4309 | G_Loss: 2.9983 | G_GAN: 7.8294 | L_Words: -0.9978 | L_Sent: 0.0001 | L_DAMSM: -0.9977 | L_KL: 0.0788 | Gamma_DAMSM: 5.0000 | Lambda_KL: 2.0000
Step [651] | D_Loss: 0.6291 | G_Loss: 2.6549 | G_GAN: 7.4767 | L_Words: -0.9963 | L_Sent: 0.0001 | L_DAMSM: -0.9962 | L_KL: 0.0796 | Gamma_DAMSM: 5.0000 | Lambda_KL: 2.0000
Step [652] | D_Loss: 1.3655 | G_Loss: 1.0391 | G_GAN: 5.8559 | L_Words: -0.9953 | L_Sent: 0.0001 | L_DAMSM: -0.9953 | L_KL: 0.0797 | Gamma_DAMSM: 5.0000 | Lambda_KL: 2.0000
Step [653] | D_Loss: 1.2052 | G_Loss: 6.9384 | G_GAN: 11.7694 | L_Words: -0.9978 | L_Sent: 0.0000 | L_DAMSM: -0.9978 | L_KL: 0.0789 | Gamma_DAMSM: 5.0000 | Lambda_KL: 2.0000
Step [654] | D_Loss: 0.6237 | G_Loss: 5.5924 | G_GAN: 10.4236 | L_Words: -0.9981 | L_Sent: 0.0000 | L_DAMSM: -0.9981 | L_KL: 0.0795 | Gamma_DAMSM: 5.0000 | Lambda_KL: 2.0000
Step [655] | D_Loss: 1.0619 | G_Loss: -0.0406 | G_GAN: 4.7929 | L_Words: -0.9983 | L_Sent: 0.0000 | L_DAMSM: -0.9982 | L_KL: 0.0788 | Gamma_DAMSM: 5.0000 | Lambda_KL: 2.0000
Step [656] | D_Loss: 2.0252 | G_Loss: -1.4174 | G_GAN: 3.4176 | L_Words: -0.9980 | L_Sent: 0.0000 | L_DAMSM: -0.9980 | L_KL: 0.0774 | Gamma_DAMSM: 5.0000 | Lambda_KL: 2.0000
Step [657] | D_Loss: 0.8424 | G_Loss: 0.5931 | G_GAN: 5.4287 | L_Words: -0.9981 | L_Sent: 0.0001 | L_DAMSM: -0.9980 | L_KL: 0.0772 | Gamma_DAMSM: 5.0000 | Lambda_KL: 2.0000
Step [658] | D_Loss: 0.7674 | G_Loss: 1.8436 | G_GAN: 6.6828 | L_Words: -0.9986 | L_Sent: 0.0001 | L_DAMSM: -0.9986 | L_KL: 0.0768 | Gamma_DAMSM: 5.0000 | Lambda_KL: 2.0000
Step [659] | D_Loss: 0.3637 | G_Loss: 2.8483 | G_GAN: 7.6797 | L_Words: -0.9966 | L_Sent: 0.0001 | L_DAMSM: -0.9965 | L_KL: 0.0756 | Gamma_DAMSM: 5.0000 | Lambda_KL: 2.0000
Step [660] | D_Loss: 0.6133 | G_Loss: 2.2082 | G_GAN: 7.0483 | L_Words: -0.9982 | L_Sent: 0.0004 | L_DAMSM: -0.9978 | L_KL: 0.0744 | Gamma_DAMSM: 5.0000 | Lambda_KL: 2.0000
Step [661] | D_Loss: 1.1403 | G_Loss: -1.5915 | G_GAN: 3.2478 | L_Words: -0.9982 | L_Sent: 0.0001 | L_DAMSM: -0.9981 | L_KL: 0.0757 | Gamma_DAMSM: 5.0000 | Lambda_KL: 2.0000
Step [662] | D_Loss: 1.3242 | G_Loss: 2.8688 | G_GAN: 7.7046 | L_Words: -0.9978 | L_Sent: 0.0000 | L_DAMSM: -0.9978 | L_KL: 0.0766 | Gamma_DAMSM: 5.0000 | Lambda_KL: 2.0000
Step [663] | D_Loss: 0.4773 | G_Loss: 4.1574 | G_GAN: 8.9876 | L_Words: -0.9974 | L_Sent: 0.0001 | L_DAMSM: -0.9973 | L_KL: 0.0781 | Gamma_DAMSM: 5.0000 | Lambda_KL: 2.0000
Step [664] | D_Loss: 1.6135 | G_Loss: 1.6041 | G_GAN: 6.4252 | L_Words: -0.9962 | L_Sent: 0.0001 | L_DAMSM: -0.9961 | L_KL: 0.0797 | Gamma_DAMSM: 5.0000 | Lambda_KL: 2.0000
Step [665] | D_Loss: 0.8596 | G_Loss: 1.0711 | G_GAN: 5.8935 | L_Words: -0.9964 | L_Sent: 0.0000 | L_DAMSM: -0.9963 | L_KL: 0.0796 | Gamma_DAMSM: 5.0000 | Lambda_KL: 2.0000
Step [666] | D_Loss: 1.0038 | G_Loss: -0.0947 | G_GAN: 4.7355 | L_Words: -0.9979 | L_Sent: 0.0001 | L_DAMSM: -0.9979 | L_KL: 0.0796 | Gamma_DAMSM: 5.0000 | Lambda_KL: 2.0000
Step [667] | D_Loss: 0.7573 | G_Loss: 2.1396 | G_GAN: 6.9713 | L_Words: -0.9986 | L_Sent: 0.0000 | L_DAMSM: -0.9985 | L_KL: 0.0805 | Gamma_DAMSM: 5.0000 | Lambda_KL: 2.0000
Step [668] | D_Loss: 0.7019 | G_Loss: 0.7552 | G_GAN: 5.5787 | L_Words: -0.9979 | L_Sent: 0.0001 | L_DAMSM: -0.9979 | L_KL: 0.0829 | Gamma_DAMSM: 5.0000 | Lambda_KL: 2.0000
Step [669] | D_Loss: 0.3855 | G_Loss: 1.0586 | G_GAN: 5.8768 | L_Words: -0.9980 | L_Sent: 0.0001 | L_DAMSM: -0.9980 | L_KL: 0.0858 | Gamma_DAMSM: 5.0000 | Lambda_KL: 2.0000
Step [670] | D_Loss: 1.0179 | G_Loss: 1.0295 | G_GAN: 5.8388 | L_Words: -0.9974 | L_Sent: 0.0000 | L_DAMSM: -0.9973 | L_KL: 0.0886 | Gamma_DAMSM: 5.0000 | Lambda_KL: 2.0000
Step [671] | D_Loss: 0.9456 | G_Loss: 1.6813 | G_GAN: 6.4930 | L_Words: -0.9984 | L_Sent: 0.0000 | L_DAMSM: -0.9984 | L_KL: 0.0900 | Gamma_DAMSM: 5.0000 | Lambda_KL: 2.0000
Step [672] | D_Loss: 0.5188 | G_Loss: 2.4601 | G_GAN: 7.2683 | L_Words: -0.9979 | L_Sent: 0.0001 | L_DAMSM: -0.9978 | L_KL: 0.0904 | Gamma_DAMSM: 5.0000 | Lambda_KL: 2.0000
Step [673] | D_Loss: 1.4226 | G_Loss: 2.2309 | G_GAN: 7.0313 | L_Words: -0.9970 | L_Sent: 0.0001 | L_DAMSM: -0.9969 | L_KL: 0.0921 | Gamma_DAMSM: 5.0000 | Lambda_KL: 2.0000
Step [674] | D_Loss: 1.0069 | G_Loss: 0.5798 | G_GAN: 5.3747 | L_Words: -0.9980 | L_Sent: 0.0000 | L_DAMSM: -0.9980 | L_KL: 0.0976 | Gamma_DAMSM: 5.0000 | Lambda_KL: 2.0000
Step [675] | D_Loss: 0.9232 | G_Loss: 1.9064 | G_GAN: 6.6951 | L_Words: -0.9983 | L_Sent: 0.0000 | L_DAMSM: -0.9983 | L_KL: 0.1013 | Gamma_DAMSM: 5.0000 | Lambda_KL: 2.0000
Step [676] | D_Loss: 0.7761 | G_Loss: -0.2609 | G_GAN: 4.5226 | L_Words: -0.9977 | L_Sent: 0.0001 | L_DAMSM: -0.9976 | L_KL: 0.1021 | Gamma_DAMSM: 5.0000 | Lambda_KL: 2.0000
Step [677] | D_Loss: 0.7010 | G_Loss: 1.9672 | G_GAN: 6.7517 | L_Words: -0.9980 | L_Sent: 0.0001 | L_DAMSM: -0.9980 | L_KL: 0.1027 | Gamma_DAMSM: 5.0000 | Lambda_KL: 2.0000
Step [678] | D_Loss: 0.9011 | G_Loss: 3.5953 | G_GAN: 8.3679 | L_Words: -0.9962 | L_Sent: 0.0001 | L_DAMSM: -0.9961 | L_KL: 0.1040 | Gamma_DAMSM: 5.0000 | Lambda_KL: 2.0000
Step [679] | D_Loss: 0.8280 | G_Loss: 2.1012 | G_GAN: 6.8753 | L_Words: -0.9969 | L_Sent: 0.0001 | L_DAMSM: -0.9968 | L_KL: 0.1050 | Gamma_DAMSM: 5.0000 | Lambda_KL: 2.0000
Step [680] | D_Loss: 1.0002 | G_Loss: 2.7935 | G_GAN: 7.5685 | L_Words: -0.9972 | L_Sent: 0.0001 | L_DAMSM: -0.9972 | L_KL: 0.1054 | Gamma_DAMSM: 5.0000 | Lambda_KL: 2.0000
Step [681] | D_Loss: 0.6698 | G_Loss: 2.6264 | G_GAN: 7.4026 | L_Words: -0.9973 | L_Sent: 0.0001 | L_DAMSM: -0.9972 | L_KL: 0.1050 | Gamma_DAMSM: 5.0000 | Lambda_KL: 2.0000
Step [682] | D_Loss: 0.5971 | G_Loss: 2.4461 | G_GAN: 7.2164 | L_Words: -0.9964 | L_Sent: 0.0001 | L_DAMSM: -0.9963 | L_KL: 0.1056 | Gamma_DAMSM: 5.0000 | Lambda_KL: 2.0000
Step [683] | D_Loss: 1.1263 | G_Loss: 1.2347 | G_GAN: 6.0098 | L_Words: -0.9976 | L_Sent: 0.0001 | L_DAMSM: -0.9974 | L_KL: 0.1060 | Gamma_DAMSM: 5.0000 | Lambda_KL: 2.0000
Step [684] | D_Loss: 0.6594 | G_Loss: 3.6675 | G_GAN: 8.4420 | L_Words: -0.9974 | L_Sent: 0.0000 | L_DAMSM: -0.9973 | L_KL: 0.1061 | Gamma_DAMSM: 5.0000 | Lambda_KL: 2.0000
Step [685] | D_Loss: 1.3597 | G_Loss: 3.5769 | G_GAN: 8.3475 | L_Words: -0.9969 | L_Sent: 0.0001 | L_DAMSM: -0.9968 | L_KL: 0.1067 | Gamma_DAMSM: 5.0000 | Lambda_KL: 2.0000
Step [686] | D_Loss: 0.6555 | G_Loss: 4.9444 | G_GAN: 9.7246 | L_Words: -0.9981 | L_Sent: 0.0000 | L_DAMSM: -0.9981 | L_KL: 0.1051 | Gamma_DAMSM: 5.0000 | Lambda_KL: 2.0000
Step [687] | D_Loss: 0.3347 | G_Loss: 4.0586 | G_GAN: 8.8336 | L_Words: -0.9964 | L_Sent: 0.0001 | L_DAMSM: -0.9963 | L_KL: 0.1033 | Gamma_DAMSM: 5.0000 | Lambda_KL: 2.0000
Step [688] | D_Loss: 2.2259 | G_Loss: -0.6447 | G_GAN: 4.1286 | L_Words: -0.9960 | L_Sent: 0.0001 | L_DAMSM: -0.9959 | L_KL: 0.1031 | Gamma_DAMSM: 5.0000 | Lambda_KL: 2.0000
Step [689] | D_Loss: 0.8328 | G_Loss: 1.2254 | G_GAN: 6.0093 | L_Words: -0.9982 | L_Sent: 0.0001 | L_DAMSM: -0.9981 | L_KL: 0.1033 | Gamma_DAMSM: 5.0000 | Lambda_KL: 2.0000
Step [690] | D_Loss: 0.5192 | G_Loss: 3.0176 | G_GAN: 7.8028 | L_Words: -0.9987 | L_Sent: 0.0001 | L_DAMSM: -0.9986 | L_KL: 0.1039 | Gamma_DAMSM: 5.0000 | Lambda_KL: 2.0000
Step [691] | D_Loss: 0.9449 | G_Loss: 1.3911 | G_GAN: 6.1714 | L_Words: -0.9980 | L_Sent: 0.0001 | L_DAMSM: -0.9979 | L_KL: 0.1047 | Gamma_DAMSM: 5.0000 | Lambda_KL: 2.0000
Step [692] | D_Loss: 1.0419 | G_Loss: 0.3178 | G_GAN: 5.0911 | L_Words: -0.9975 | L_Sent: 0.0001 | L_DAMSM: -0.9974 | L_KL: 0.1068 | Gamma_DAMSM: 5.0000 | Lambda_KL: 2.0000
Step [693] | D_Loss: 0.6414 | G_Loss: -0.6366 | G_GAN: 4.1362 | L_Words: -0.9974 | L_Sent: 0.0000 | L_DAMSM: -0.9973 | L_KL: 0.1069 | Gamma_DAMSM: 5.0000 | Lambda_KL: 2.0000
Step [694] | D_Loss: 0.8968 | G_Loss: 2.7377 | G_GAN: 7.5123 | L_Words: -0.9973 | L_Sent: 0.0001 | L_DAMSM: -0.9972 | L_KL: 0.1056 | Gamma_DAMSM: 5.0000 | Lambda_KL: 2.0000
Step [695] | D_Loss: 0.4344 | G_Loss: 2.5211 | G_GAN: 7.3025 | L_Words: -0.9981 | L_Sent: 0.0001 | L_DAMSM: -0.9980 | L_KL: 0.1043 | Gamma_DAMSM: 5.0000 | Lambda_KL: 2.0000
Step [696] | D_Loss: 0.7278 | G_Loss: 2.5264 | G_GAN: 7.2998 | L_Words: -0.9961 | L_Sent: 0.0001 | L_DAMSM: -0.9960 | L_KL: 0.1034 | Gamma_DAMSM: 5.0000 | Lambda_KL: 2.0000
Step [697] | D_Loss: 0.3958 | G_Loss: 3.6474 | G_GAN: 8.4291 | L_Words: -0.9981 | L_Sent: 0.0001 | L_DAMSM: -0.9980 | L_KL: 0.1042 | Gamma_DAMSM: 5.0000 | Lambda_KL: 2.0000
Step [698] | D_Loss: 0.6822 | G_Loss: 3.9473 | G_GAN: 8.7254 | L_Words: -0.9979 | L_Sent: 0.0001 | L_DAMSM: -0.9978 | L_KL: 0.1055 | Gamma_DAMSM: 5.0000 | Lambda_KL: 2.0000
Step [699] | D_Loss: 0.6060 | G_Loss: 3.5847 | G_GAN: 8.3639 | L_Words: -0.9981 | L_Sent: 0.0001 | L_DAMSM: -0.9980 | L_KL: 0.1054 | Gamma_DAMSM: 5.0000 | Lambda_KL: 2.0000
Step [700] | D_Loss: 0.4307 | G_Loss: 4.1079 | G_GAN: 8.8801 | L_Words: -0.9971 | L_Sent: 0.0001 | L_DAMSM: -0.9970 | L_KL: 0.1064 | Gamma_DAMSM: 5.0000 | Lambda_KL: 2.0000
Step [701] | D_Loss: 0.3797 | G_Loss: 6.1931 | G_GAN: 10.9723 | L_Words: -0.9985 | L_Sent: 0.0000 | L_DAMSM: -0.9985 | L_KL: 0.1066 | Gamma_DAMSM: 5.0000 | Lambda_KL: 2.0000
Step [702] | D_Loss: 0.7093 | G_Loss: 3.5395 | G_GAN: 8.3095 | L_Words: -0.9963 | L_Sent: 0.0001 | L_DAMSM: -0.9962 | L_KL: 0.1056 | Gamma_DAMSM: 5.0000 | Lambda_KL: 2.0000
Step [703] | D_Loss: 0.3947 | G_Loss: 2.1446 | G_GAN: 6.9201 | L_Words: -0.9978 | L_Sent: 0.0001 | L_DAMSM: -0.9977 | L_KL: 0.1065 | Gamma_DAMSM: 5.0000 | Lambda_KL: 2.0000
Step [704] | D_Loss: 0.7590 | G_Loss: 6.1025 | G_GAN: 10.8664 | L_Words: -0.9978 | L_Sent: 0.0001 | L_DAMSM: -0.9977 | L_KL: 0.1122 | Gamma_DAMSM: 5.0000 | Lambda_KL: 2.0000
Step [705] | D_Loss: 1.5287 | G_Loss: 1.8779 | G_GAN: 6.6414 | L_Words: -0.9984 | L_Sent: 0.0000 | L_DAMSM: -0.9984 | L_KL: 0.1141 | Gamma_DAMSM: 5.0000 | Lambda_KL: 2.0000
Step [706] | D_Loss: 1.3513 | G_Loss: 1.7710 | G_GAN: 6.5332 | L_Words: -0.9982 | L_Sent: 0.0000 | L_DAMSM: -0.9982 | L_KL: 0.1144 | Gamma_DAMSM: 5.0000 | Lambda_KL: 2.0000
Step [707] | D_Loss: 1.1896 | G_Loss: 1.4472 | G_GAN: 6.2067 | L_Words: -0.9982 | L_Sent: 0.0000 | L_DAMSM: -0.9982 | L_KL: 0.1157 | Gamma_DAMSM: 5.0000 | Lambda_KL: 2.0000
Step [708] | D_Loss: 1.1655 | G_Loss: 4.1803 | G_GAN: 8.9361 | L_Words: -0.9982 | L_Sent: 0.0001 | L_DAMSM: -0.9981 | L_KL: 0.1173 | Gamma_DAMSM: 5.0000 | Lambda_KL: 2.0000
Step [709] | D_Loss: 0.5949 | G_Loss: 4.3995 | G_GAN: 9.1474 | L_Words: -0.9979 | L_Sent: 0.0000 | L_DAMSM: -0.9978 | L_KL: 0.1206 | Gamma_DAMSM: 5.0000 | Lambda_KL: 2.0000
Step [710] | D_Loss: 0.7265 | G_Loss: 2.9931 | G_GAN: 7.7359 | L_Words: -0.9980 | L_Sent: 0.0001 | L_DAMSM: -0.9979 | L_KL: 0.1235 | Gamma_DAMSM: 5.0000 | Lambda_KL: 2.0000
Step [711] | D_Loss: 0.7478 | G_Loss: -0.8548 | G_GAN: 3.8826 | L_Words: -0.9975 | L_Sent: 0.0001 | L_DAMSM: -0.9975 | L_KL: 0.1250 | Gamma_DAMSM: 5.0000 | Lambda_KL: 2.0000
Step [712] | D_Loss: 0.6542 | G_Loss: 1.2247 | G_GAN: 5.9651 | L_Words: -0.9980 | L_Sent: 0.0001 | L_DAMSM: -0.9980 | L_KL: 0.1248 | Gamma_DAMSM: 5.0000 | Lambda_KL: 2.0000
Step [713] | D_Loss: 0.5626 | G_Loss: 1.3463 | G_GAN: 6.0849 | L_Words: -0.9982 | L_Sent: 0.0000 | L_DAMSM: -0.9981 | L_KL: 0.1260 | Gamma_DAMSM: 5.0000 | Lambda_KL: 2.0000
Step [714] | D_Loss: 0.8019 | G_Loss: 2.1542 | G_GAN: 6.8942 | L_Words: -0.9985 | L_Sent: 0.0001 | L_DAMSM: -0.9985 | L_KL: 0.1262 | Gamma_DAMSM: 5.0000 | Lambda_KL: 2.0000
Step [715] | D_Loss: 0.5979 | G_Loss: 1.6850 | G_GAN: 6.4152 | L_Words: -0.9968 | L_Sent: 0.0001 | L_DAMSM: -0.9967 | L_KL: 0.1267 | Gamma_DAMSM: 5.0000 | Lambda_KL: 2.0000
Step [716] | D_Loss: 0.6233 | G_Loss: 2.7325 | G_GAN: 7.4669 | L_Words: -0.9979 | L_Sent: 0.0001 | L_DAMSM: -0.9978 | L_KL: 0.1274 | Gamma_DAMSM: 5.0000 | Lambda_KL: 2.0000
Step [717] | D_Loss: 0.9919 | G_Loss: 3.2796 | G_GAN: 8.0114 | L_Words: -0.9972 | L_Sent: 0.0001 | L_DAMSM: -0.9971 | L_KL: 0.1269 | Gamma_DAMSM: 5.0000 | Lambda_KL: 2.0000
Step [718] | D_Loss: 1.3588 | G_Loss: 2.9411 | G_GAN: 7.6647 | L_Words: -0.9954 | L_Sent: 0.0001 | L_DAMSM: -0.9953 | L_KL: 0.1265 | Gamma_DAMSM: 5.0000 | Lambda_KL: 2.0000
Step [719] | D_Loss: 0.8070 | G_Loss: 1.5450 | G_GAN: 6.2822 | L_Words: -0.9984 | L_Sent: 0.0000 | L_DAMSM: -0.9983 | L_KL: 0.1272 | Gamma_DAMSM: 5.0000 | Lambda_KL: 2.0000
Step [720] | D_Loss: 1.2230 | G_Loss: 0.5457 | G_GAN: 5.2798 | L_Words: -0.9982 | L_Sent: 0.0001 | L_DAMSM: -0.9981 | L_KL: 0.1283 | Gamma_DAMSM: 5.0000 | Lambda_KL: 2.0000
Step [721] | D_Loss: 0.6666 | G_Loss: 1.4670 | G_GAN: 6.1988 | L_Words: -0.9977 | L_Sent: 0.0001 | L_DAMSM: -0.9976 | L_KL: 0.1282 | Gamma_DAMSM: 5.0000 | Lambda_KL: 2.0000
Step [722] | D_Loss: 1.1294 | G_Loss: 1.6751 | G_GAN: 6.4098 | L_Words: -0.9981 | L_Sent: 0.0001 | L_DAMSM: -0.9981 | L_KL: 0.1279 | Gamma_DAMSM: 5.0000 | Lambda_KL: 2.0000
Step [723] | D_Loss: 0.8018 | G_Loss: 2.4280 | G_GAN: 7.1658 | L_Words: -0.9982 | L_Sent: 0.0001 | L_DAMSM: -0.9981 | L_KL: 0.1263 | Gamma_DAMSM: 5.0000 | Lambda_KL: 2.0000
Step [724] | D_Loss: 0.5988 | G_Loss: 2.3822 | G_GAN: 7.1234 | L_Words: -0.9973 | L_Sent: 0.0000 | L_DAMSM: -0.9972 | L_KL: 0.1225 | Gamma_DAMSM: 5.0000 | Lambda_KL: 2.0000
Step [725] | D_Loss: 0.6222 | G_Loss: 1.2426 | G_GAN: 5.9794 | L_Words: -0.9960 | L_Sent: 0.0001 | L_DAMSM: -0.9960 | L_KL: 0.1215 | Gamma_DAMSM: 5.0000 | Lambda_KL: 2.0000
Step [726] | D_Loss: 1.1503 | G_Loss: 3.4740 | G_GAN: 8.2186 | L_Words: -0.9980 | L_Sent: 0.0000 | L_DAMSM: -0.9979 | L_KL: 0.1225 | Gamma_DAMSM: 5.0000 | Lambda_KL: 2.0000
Step [727] | D_Loss: 0.9161 | G_Loss: 0.0409 | G_GAN: 4.7811 | L_Words: -0.9975 | L_Sent: 0.0002 | L_DAMSM: -0.9973 | L_KL: 0.1233 | Gamma_DAMSM: 5.0000 | Lambda_KL: 2.0000
Step [728] | D_Loss: 1.0609 | G_Loss: 2.2238 | G_GAN: 6.9666 | L_Words: -0.9981 | L_Sent: 0.0000 | L_DAMSM: -0.9981 | L_KL: 0.1237 | Gamma_DAMSM: 5.0000 | Lambda_KL: 2.0000
Step [729] | D_Loss: 0.7563 | G_Loss: 3.3311 | G_GAN: 8.0716 | L_Words: -0.9982 | L_Sent: 0.0000 | L_DAMSM: -0.9982 | L_KL: 0.1252 | Gamma_DAMSM: 5.0000 | Lambda_KL: 2.0000
Step [730] | D_Loss: 0.7486 | G_Loss: 1.5474 | G_GAN: 6.2851 | L_Words: -0.9983 | L_Sent: 0.0000 | L_DAMSM: -0.9983 | L_KL: 0.1268 | Gamma_DAMSM: 5.0000 | Lambda_KL: 2.0000
Step [731] | D_Loss: 0.7685 | G_Loss: 2.6280 | G_GAN: 7.3631 | L_Words: -0.9979 | L_Sent: 0.0000 | L_DAMSM: -0.9979 | L_KL: 0.1271 | Gamma_DAMSM: 5.0000 | Lambda_KL: 2.0000
Step [732] | D_Loss: 0.6914 | G_Loss: 2.2214 | G_GAN: 6.9509 | L_Words: -0.9980 | L_Sent: 0.0001 | L_DAMSM: -0.9979 | L_KL: 0.1300 | Gamma_DAMSM: 5.0000 | Lambda_KL: 2.0000
Step [733] | D_Loss: 0.9453 | G_Loss: 5.1928 | G_GAN: 9.9226 | L_Words: -0.9983 | L_Sent: 0.0001 | L_DAMSM: -0.9981 | L_KL: 0.1305 | Gamma_DAMSM: 5.0000 | Lambda_KL: 2.0000
Step [734] | D_Loss: 0.5189 | G_Loss: 4.5555 | G_GAN: 9.2805 | L_Words: -0.9969 | L_Sent: 0.0001 | L_DAMSM: -0.9968 | L_KL: 0.1296 | Gamma_DAMSM: 5.0000 | Lambda_KL: 2.0000
Step [735] | D_Loss: 0.8570 | G_Loss: -0.0117 | G_GAN: 4.7173 | L_Words: -0.9981 | L_Sent: 0.0000 | L_DAMSM: -0.9981 | L_KL: 0.1307 | Gamma_DAMSM: 5.0000 | Lambda_KL: 2.0000
Step [736] | D_Loss: 1.5074 | G_Loss: 5.5554 | G_GAN: 10.2795 | L_Words: -0.9986 | L_Sent: 0.0000 | L_DAMSM: -0.9986 | L_KL: 0.1344 | Gamma_DAMSM: 5.0000 | Lambda_KL: 2.0000
Step [737] | D_Loss: 0.8571 | G_Loss: 5.5461 | G_GAN: 10.2588 | L_Words: -0.9976 | L_Sent: 0.0001 | L_DAMSM: -0.9975 | L_KL: 0.1375 | Gamma_DAMSM: 5.0000 | Lambda_KL: 2.0000
Step [738] | D_Loss: 1.0871 | G_Loss: 0.4505 | G_GAN: 5.1637 | L_Words: -0.9979 | L_Sent: 0.0001 | L_DAMSM: -0.9978 | L_KL: 0.1379 | Gamma_DAMSM: 5.0000 | Lambda_KL: 2.0000
Step [739] | D_Loss: 0.7327 | G_Loss: 3.9999 | G_GAN: 8.7130 | L_Words: -0.9981 | L_Sent: 0.0001 | L_DAMSM: -0.9980 | L_KL: 0.1385 | Gamma_DAMSM: 5.0000 | Lambda_KL: 2.0000
Step [740] | D_Loss: 0.9166 | G_Loss: 5.0643 | G_GAN: 9.7752 | L_Words: -0.9982 | L_Sent: 0.0001 | L_DAMSM: -0.9981 | L_KL: 0.1399 | Gamma_DAMSM: 5.0000 | Lambda_KL: 2.0000
Step [741] | D_Loss: 0.6136 | G_Loss: 3.4015 | G_GAN: 8.1055 | L_Words: -0.9974 | L_Sent: 0.0001 | L_DAMSM: -0.9974 | L_KL: 0.1414 | Gamma_DAMSM: 5.0000 | Lambda_KL: 2.0000
Step [742] | D_Loss: 0.5811 | G_Loss: 5.6615 | G_GAN: 10.3697 | L_Words: -0.9983 | L_Sent: 0.0000 | L_DAMSM: -0.9982 | L_KL: 0.1415 | Gamma_DAMSM: 5.0000 | Lambda_KL: 2.0000
Step [743] | D_Loss: 0.9730 | G_Loss: 4.3231 | G_GAN: 9.0226 | L_Words: -0.9976 | L_Sent: 0.0001 | L_DAMSM: -0.9975 | L_KL: 0.1440 | Gamma_DAMSM: 5.0000 | Lambda_KL: 2.0000
Step [744] | D_Loss: 0.8825 | G_Loss: 4.4029 | G_GAN: 9.1041 | L_Words: -0.9983 | L_Sent: 0.0001 | L_DAMSM: -0.9982 | L_KL: 0.1449 | Gamma_DAMSM: 5.0000 | Lambda_KL: 2.0000
Step [745] | D_Loss: 0.6953 | G_Loss: 3.8640 | G_GAN: 8.5701 | L_Words: -0.9985 | L_Sent: 0.0000 | L_DAMSM: -0.9985 | L_KL: 0.1432 | Gamma_DAMSM: 5.0000 | Lambda_KL: 2.0000
Step [746] | D_Loss: 0.7011 | G_Loss: 5.4801 | G_GAN: 10.1838 | L_Words: -0.9980 | L_Sent: 0.0001 | L_DAMSM: -0.9979 | L_KL: 0.1429 | Gamma_DAMSM: 5.0000 | Lambda_KL: 2.0000
Step [747] | D_Loss: 0.5892 | G_Loss: 4.8349 | G_GAN: 9.5229 | L_Words: -0.9945 | L_Sent: 0.0001 | L_DAMSM: -0.9944 | L_KL: 0.1419 | Gamma_DAMSM: 5.0000 | Lambda_KL: 2.0000
Step [748] | D_Loss: 0.8047 | G_Loss: 2.9318 | G_GAN: 7.6474 | L_Words: -0.9983 | L_Sent: 0.0001 | L_DAMSM: -0.9983 | L_KL: 0.1379 | Gamma_DAMSM: 5.0000 | Lambda_KL: 2.0000
Step [749] | D_Loss: 1.3503 | G_Loss: 2.6383 | G_GAN: 7.3372 | L_Words: -0.9968 | L_Sent: 0.0001 | L_DAMSM: -0.9967 | L_KL: 0.1422 | Gamma_DAMSM: 5.0000 | Lambda_KL: 2.0000
Step [750] | D_Loss: 0.5223 | G_Loss: 3.4011 | G_GAN: 8.0906 | L_Words: -0.9966 | L_Sent: 0.0001 | L_DAMSM: -0.9965 | L_KL: 0.1466 | Gamma_DAMSM: 5.0000 | Lambda_KL: 2.0000
Step [751] | D_Loss: 0.4600 | G_Loss: 4.1730 | G_GAN: 8.8602 | L_Words: -0.9967 | L_Sent: 0.0001 | L_DAMSM: -0.9966 | L_KL: 0.1479 | Gamma_DAMSM: 5.0000 | Lambda_KL: 2.0000
Step [752] | D_Loss: 1.2426 | G_Loss: 3.4179 | G_GAN: 8.1002 | L_Words: -0.9961 | L_Sent: 0.0001 | L_DAMSM: -0.9960 | L_KL: 0.1489 | Gamma_DAMSM: 5.0000 | Lambda_KL: 2.0000
Step [753] | D_Loss: 1.2256 | G_Loss: 6.3783 | G_GAN: 11.0688 | L_Words: -0.9978 | L_Sent: 0.0000 | L_DAMSM: -0.9978 | L_KL: 0.1492 | Gamma_DAMSM: 5.0000 | Lambda_KL: 2.0000
Step [754] | D_Loss: 0.6170 | G_Loss: 5.1682 | G_GAN: 9.8624 | L_Words: -0.9983 | L_Sent: 0.0001 | L_DAMSM: -0.9982 | L_KL: 0.1485 | Gamma_DAMSM: 5.0000 | Lambda_KL: 2.0000
Step [755] | D_Loss: 0.3944 | G_Loss: 2.9881 | G_GAN: 7.6878 | L_Words: -0.9981 | L_Sent: 0.0001 | L_DAMSM: -0.9981 | L_KL: 0.1453 | Gamma_DAMSM: 5.0000 | Lambda_KL: 2.0000
Step [756] | D_Loss: 0.5860 | G_Loss: 5.0598 | G_GAN: 9.7609 | L_Words: -0.9982 | L_Sent: 0.0001 | L_DAMSM: -0.9982 | L_KL: 0.1448 | Gamma_DAMSM: 5.0000 | Lambda_KL: 2.0000
Step [757] | D_Loss: 0.6946 | G_Loss: 2.4237 | G_GAN: 7.1276 | L_Words: -0.9977 | L_Sent: 0.0000 | L_DAMSM: -0.9976 | L_KL: 0.1421 | Gamma_DAMSM: 5.0000 | Lambda_KL: 2.0000
Step [758] | D_Loss: 0.4452 | G_Loss: 2.5658 | G_GAN: 7.2717 | L_Words: -0.9977 | L_Sent: 0.0001 | L_DAMSM: -0.9976 | L_KL: 0.1411 | Gamma_DAMSM: 5.0000 | Lambda_KL: 2.0000
Step [759] | D_Loss: 0.6131 | G_Loss: 1.6010 | G_GAN: 6.2937 | L_Words: -0.9963 | L_Sent: 0.0000 | L_DAMSM: -0.9963 | L_KL: 0.1444 | Gamma_DAMSM: 5.0000 | Lambda_KL: 2.0000
Step [760] | D_Loss: 0.8026 | G_Loss: 2.3077 | G_GAN: 7.0073 | L_Words: -0.9978 | L_Sent: 0.0000 | L_DAMSM: -0.9978 | L_KL: 0.1446 | Gamma_DAMSM: 5.0000 | Lambda_KL: 2.0000
Step [761] | D_Loss: 0.5855 | G_Loss: 6.3038 | G_GAN: 11.0060 | L_Words: -0.9983 | L_Sent: 0.0001 | L_DAMSM: -0.9982 | L_KL: 0.1445 | Gamma_DAMSM: 5.0000 | Lambda_KL: 2.0000
Step [762] | D_Loss: 0.5131 | G_Loss: 4.0891 | G_GAN: 8.7880 | L_Words: -0.9974 | L_Sent: 0.0001 | L_DAMSM: -0.9973 | L_KL: 0.1437 | Gamma_DAMSM: 5.0000 | Lambda_KL: 2.0000
Step [763] | D_Loss: 0.2923 | G_Loss: 4.1617 | G_GAN: 8.8666 | L_Words: -0.9981 | L_Sent: 0.0001 | L_DAMSM: -0.9980 | L_KL: 0.1426 | Gamma_DAMSM: 5.0000 | Lambda_KL: 2.0000
Step [764] | D_Loss: 0.2901 | G_Loss: 4.6452 | G_GAN: 9.3435 | L_Words: -0.9980 | L_Sent: 0.0001 | L_DAMSM: -0.9979 | L_KL: 0.1456 | Gamma_DAMSM: 5.0000 | Lambda_KL: 2.0000
Step [765] | D_Loss: 0.7199 | G_Loss: 2.2311 | G_GAN: 6.9249 | L_Words: -0.9983 | L_Sent: 0.0001 | L_DAMSM: -0.9982 | L_KL: 0.1486 | Gamma_DAMSM: 5.0000 | Lambda_KL: 2.0000
Step [766] | D_Loss: 1.1042 | G_Loss: 7.2922 | G_GAN: 11.9788 | L_Words: -0.9974 | L_Sent: 0.0000 | L_DAMSM: -0.9973 | L_KL: 0.1501 | Gamma_DAMSM: 5.0000 | Lambda_KL: 2.0000
Step [767] | D_Loss: 0.3233 | G_Loss: 6.1145 | G_GAN: 10.8030 | L_Words: -0.9979 | L_Sent: 0.0000 | L_DAMSM: -0.9979 | L_KL: 0.1504 | Gamma_DAMSM: 5.0000 | Lambda_KL: 2.0000
Step [768] | D_Loss: 1.7256 | G_Loss: 3.3762 | G_GAN: 8.0606 | L_Words: -0.9972 | L_Sent: 0.0001 | L_DAMSM: -0.9972 | L_KL: 0.1507 | Gamma_DAMSM: 5.0000 | Lambda_KL: 2.0000
Step [769] | D_Loss: 0.6638 | G_Loss: 3.1809 | G_GAN: 7.8660 | L_Words: -0.9976 | L_Sent: 0.0001 | L_DAMSM: -0.9975 | L_KL: 0.1512 | Gamma_DAMSM: 5.0000 | Lambda_KL: 2.0000
Step [770] | D_Loss: 1.3490 | G_Loss: 0.2892 | G_GAN: 4.9784 | L_Words: -0.9979 | L_Sent: 0.0001 | L_DAMSM: -0.9978 | L_KL: 0.1500 | Gamma_DAMSM: 5.0000 | Lambda_KL: 2.0000
Step [771] | D_Loss: 1.2271 | G_Loss: 2.5026 | G_GAN: 7.1947 | L_Words: -0.9977 | L_Sent: 0.0001 | L_DAMSM: -0.9976 | L_KL: 0.1479 | Gamma_DAMSM: 5.0000 | Lambda_KL: 2.0000
Step [772] | D_Loss: 0.4589 | G_Loss: 4.2301 | G_GAN: 8.9200 | L_Words: -0.9981 | L_Sent: 0.0000 | L_DAMSM: -0.9980 | L_KL: 0.1501 | Gamma_DAMSM: 5.0000 | Lambda_KL: 2.0000
Step [773] | D_Loss: 0.8982 | G_Loss: 2.3630 | G_GAN: 7.0457 | L_Words: -0.9971 | L_Sent: 0.0001 | L_DAMSM: -0.9970 | L_KL: 0.1510 | Gamma_DAMSM: 5.0000 | Lambda_KL: 2.0000
Step [774] | D_Loss: 0.7504 | G_Loss: 4.0132 | G_GAN: 8.6936 | L_Words: -0.9973 | L_Sent: 0.0001 | L_DAMSM: -0.9972 | L_KL: 0.1528 | Gamma_DAMSM: 5.0000 | Lambda_KL: 2.0000
Step [775] | D_Loss: 0.4466 | G_Loss: 4.6613 | G_GAN: 9.3396 | L_Words: -0.9962 | L_Sent: 0.0001 | L_DAMSM: -0.9961 | L_KL: 0.1510 | Gamma_DAMSM: 5.0000 | Lambda_KL: 2.0000
Step [776] | D_Loss: 0.8195 | G_Loss: 4.5082 | G_GAN: 9.2017 | L_Words: -0.9982 | L_Sent: 0.0001 | L_DAMSM: -0.9981 | L_KL: 0.1485 | Gamma_DAMSM: 5.0000 | Lambda_KL: 2.0000
Step [777] | D_Loss: 0.9394 | G_Loss: 1.5960 | G_GAN: 6.2918 | L_Words: -0.9986 | L_Sent: 0.0000 | L_DAMSM: -0.9986 | L_KL: 0.1486 | Gamma_DAMSM: 5.0000 | Lambda_KL: 2.0000
Step [778] | D_Loss: 0.6528 | G_Loss: 4.8017 | G_GAN: 9.4969 | L_Words: -0.9975 | L_Sent: 0.0001 | L_DAMSM: -0.9974 | L_KL: 0.1458 | Gamma_DAMSM: 5.0000 | Lambda_KL: 2.0000
Step [779] | D_Loss: 0.9108 | G_Loss: 2.7098 | G_GAN: 7.4091 | L_Words: -0.9977 | L_Sent: 0.0001 | L_DAMSM: -0.9976 | L_KL: 0.1443 | Gamma_DAMSM: 5.0000 | Lambda_KL: 2.0000
Step [780] | D_Loss: 1.2517 | G_Loss: 4.1306 | G_GAN: 8.8325 | L_Words: -0.9974 | L_Sent: 0.0001 | L_DAMSM: -0.9974 | L_KL: 0.1425 | Gamma_DAMSM: 5.0000 | Lambda_KL: 2.0000
Step [781] | D_Loss: 0.5815 | G_Loss: 0.9751 | G_GAN: 5.6791 | L_Words: -0.9977 | L_Sent: 0.0001 | L_DAMSM: -0.9976 | L_KL: 0.1421 | Gamma_DAMSM: 5.0000 | Lambda_KL: 2.0000
Step [782] | D_Loss: 0.7141 | G_Loss: 1.7879 | G_GAN: 6.4982 | L_Words: -0.9983 | L_Sent: 0.0001 | L_DAMSM: -0.9983 | L_KL: 0.1406 | Gamma_DAMSM: 5.0000 | Lambda_KL: 2.0000
Step [783] | D_Loss: 0.7347 | G_Loss: 3.1720 | G_GAN: 7.8836 | L_Words: -0.9981 | L_Sent: 0.0001 | L_DAMSM: -0.9981 | L_KL: 0.1394 | Gamma_DAMSM: 5.0000 | Lambda_KL: 2.0000
Step [784] | D_Loss: 1.1101 | G_Loss: 1.9073 | G_GAN: 6.6137 | L_Words: -0.9978 | L_Sent: 0.0000 | L_DAMSM: -0.9978 | L_KL: 0.1412 | Gamma_DAMSM: 5.0000 | Lambda_KL: 2.0000
Step [785] | D_Loss: 0.7578 | G_Loss: 0.8621 | G_GAN: 5.5711 | L_Words: -0.9985 | L_Sent: 0.0001 | L_DAMSM: -0.9984 | L_KL: 0.1416 | Gamma_DAMSM: 5.0000 | Lambda_KL: 2.0000
Step [786] | D_Loss: 0.3805 | G_Loss: 2.5223 | G_GAN: 7.2263 | L_Words: -0.9982 | L_Sent: 0.0000 | L_DAMSM: -0.9981 | L_KL: 0.1433 | Gamma_DAMSM: 5.0000 | Lambda_KL: 2.0000
Step [787] | D_Loss: 0.6088 | G_Loss: 2.4596 | G_GAN: 7.1518 | L_Words: -0.9976 | L_Sent: 0.0000 | L_DAMSM: -0.9976 | L_KL: 0.1478 | Gamma_DAMSM: 5.0000 | Lambda_KL: 2.0000
Step [788] | D_Loss: 0.5069 | G_Loss: 2.1645 | G_GAN: 6.8526 | L_Words: -0.9978 | L_Sent: 0.0000 | L_DAMSM: -0.9978 | L_KL: 0.1504 | Gamma_DAMSM: 5.0000 | Lambda_KL: 2.0000
Step [789] | D_Loss: 0.7801 | G_Loss: 0.9847 | G_GAN: 5.6692 | L_Words: -0.9975 | L_Sent: 0.0001 | L_DAMSM: -0.9974 | L_KL: 0.1512 | Gamma_DAMSM: 5.0000 | Lambda_KL: 2.0000
Step [790] | D_Loss: 0.4842 | G_Loss: 5.6683 | G_GAN: 10.3481 | L_Words: -0.9974 | L_Sent: 0.0001 | L_DAMSM: -0.9973 | L_KL: 0.1535 | Gamma_DAMSM: 5.0000 | Lambda_KL: 2.0000
Step [791] | D_Loss: 1.4271 | G_Loss: 3.5320 | G_GAN: 8.2131 | L_Words: -0.9975 | L_Sent: 0.0001 | L_DAMSM: -0.9974 | L_KL: 0.1530 | Gamma_DAMSM: 5.0000 | Lambda_KL: 2.0000
Step [792] | D_Loss: 1.5632 | G_Loss: 1.2400 | G_GAN: 5.9181 | L_Words: -0.9977 | L_Sent: 0.0000 | L_DAMSM: -0.9976 | L_KL: 0.1551 | Gamma_DAMSM: 5.0000 | Lambda_KL: 2.0000
Step [793] | D_Loss: 0.7569 | G_Loss: 2.5105 | G_GAN: 7.1755 | L_Words: -0.9964 | L_Sent: 0.0001 | L_DAMSM: -0.9963 | L_KL: 0.1582 | Gamma_DAMSM: 5.0000 | Lambda_KL: 2.0000
Step [794] | D_Loss: 0.4505 | G_Loss: 2.3391 | G_GAN: 7.0151 | L_Words: -0.9985 | L_Sent: 0.0001 | L_DAMSM: -0.9984 | L_KL: 0.1581 | Gamma_DAMSM: 5.0000 | Lambda_KL: 2.0000
Step [795] | D_Loss: 0.8709 | G_Loss: 3.0469 | G_GAN: 7.7279 | L_Words: -0.9983 | L_Sent: 0.0001 | L_DAMSM: -0.9982 | L_KL: 0.1550 | Gamma_DAMSM: 5.0000 | Lambda_KL: 2.0000
Step [796] | D_Loss: 0.6272 | G_Loss: 1.9829 | G_GAN: 6.6612 | L_Words: -0.9959 | L_Sent: 0.0001 | L_DAMSM: -0.9957 | L_KL: 0.1502 | Gamma_DAMSM: 5.0000 | Lambda_KL: 2.0000
Step [797] | D_Loss: 2.0619 | G_Loss: 3.2156 | G_GAN: 7.9056 | L_Words: -0.9971 | L_Sent: 0.0001 | L_DAMSM: -0.9970 | L_KL: 0.1475 | Gamma_DAMSM: 5.0000 | Lambda_KL: 2.0000
Step [798] | D_Loss: 0.9653 | G_Loss: 2.9205 | G_GAN: 7.6153 | L_Words: -0.9975 | L_Sent: 0.0000 | L_DAMSM: -0.9974 | L_KL: 0.1462 | Gamma_DAMSM: 5.0000 | Lambda_KL: 2.0000
Step [799] | D_Loss: 0.9536 | G_Loss: 1.7333 | G_GAN: 6.4291 | L_Words: -0.9981 | L_Sent: 0.0001 | L_DAMSM: -0.9981 | L_KL: 0.1472 | Gamma_DAMSM: 5.0000 | Lambda_KL: 2.0000
Step [800] | D_Loss: 0.8734 | G_Loss: 1.0180 | G_GAN: 5.7094 | L_Words: -0.9974 | L_Sent: 0.0000 | L_DAMSM: -0.9974 | L_KL: 0.1478 | Gamma_DAMSM: 5.0000 | Lambda_KL: 2.0000
Step [801] | D_Loss: 0.7638 | G_Loss: 2.2471 | G_GAN: 6.9328 | L_Words: -0.9971 | L_Sent: 0.0001 | L_DAMSM: -0.9970 | L_KL: 0.1496 | Gamma_DAMSM: 5.0000 | Lambda_KL: 2.0000
Step [802] | D_Loss: 0.4688 | G_Loss: 4.4479 | G_GAN: 9.1331 | L_Words: -0.9974 | L_Sent: 0.0001 | L_DAMSM: -0.9973 | L_KL: 0.1507 | Gamma_DAMSM: 5.0000 | Lambda_KL: 2.0000
Step [803] | D_Loss: 0.8494 | G_Loss: 4.1877 | G_GAN: 8.8706 | L_Words: -0.9982 | L_Sent: 0.0001 | L_DAMSM: -0.9981 | L_KL: 0.1538 | Gamma_DAMSM: 5.0000 | Lambda_KL: 2.0000
Step [804] | D_Loss: 0.5790 | G_Loss: 2.7678 | G_GAN: 7.4496 | L_Words: -0.9978 | L_Sent: 0.0001 | L_DAMSM: -0.9978 | L_KL: 0.1534 | Gamma_DAMSM: 5.0000 | Lambda_KL: 2.0000
Step [805] | D_Loss: 1.2666 | G_Loss: 1.5929 | G_GAN: 6.2788 | L_Words: -0.9984 | L_Sent: 0.0001 | L_DAMSM: -0.9983 | L_KL: 0.1529 | Gamma_DAMSM: 5.0000 | Lambda_KL: 2.0000
Step [806] | D_Loss: 0.6827 | G_Loss: 2.2610 | G_GAN: 6.9466 | L_Words: -0.9980 | L_Sent: 0.0001 | L_DAMSM: -0.9979 | L_KL: 0.1520 | Gamma_DAMSM: 5.0000 | Lambda_KL: 2.0000
Step [807] | D_Loss: 0.7610 | G_Loss: 2.5245 | G_GAN: 7.2049 | L_Words: -0.9966 | L_Sent: 0.0001 | L_DAMSM: -0.9964 | L_KL: 0.1510 | Gamma_DAMSM: 5.0000 | Lambda_KL: 2.0000
Step [808] | D_Loss: 0.5343 | G_Loss: 3.5579 | G_GAN: 8.2552 | L_Words: -0.9985 | L_Sent: 0.0000 | L_DAMSM: -0.9984 | L_KL: 0.1474 | Gamma_DAMSM: 5.0000 | Lambda_KL: 2.0000
Step [809] | D_Loss: 0.5805 | G_Loss: 2.4772 | G_GAN: 7.1706 | L_Words: -0.9976 | L_Sent: 0.0001 | L_DAMSM: -0.9975 | L_KL: 0.1471 | Gamma_DAMSM: 5.0000 | Lambda_KL: 2.0000
Step [810] | D_Loss: 0.7072 | G_Loss: 1.2266 | G_GAN: 5.9133 | L_Words: -0.9983 | L_Sent: 0.0000 | L_DAMSM: -0.9982 | L_KL: 0.1522 | Gamma_DAMSM: 5.0000 | Lambda_KL: 2.0000
Step [811] | D_Loss: 1.3579 | G_Loss: 3.6489 | G_GAN: 8.3236 | L_Words: -0.9979 | L_Sent: 0.0000 | L_DAMSM: -0.9978 | L_KL: 0.1572 | Gamma_DAMSM: 5.0000 | Lambda_KL: 2.0000
Step [812] | D_Loss: 0.5863 | G_Loss: 6.2155 | G_GAN: 10.8810 | L_Words: -0.9982 | L_Sent: 0.0001 | L_DAMSM: -0.9981 | L_KL: 0.1626 | Gamma_DAMSM: 5.0000 | Lambda_KL: 2.0000
Step [813] | D_Loss: 0.3718 | G_Loss: 2.7398 | G_GAN: 7.4041 | L_Words: -0.9982 | L_Sent: 0.0001 | L_DAMSM: -0.9981 | L_KL: 0.1631 | Gamma_DAMSM: 5.0000 | Lambda_KL: 2.0000
Step [814] | D_Loss: 0.5572 | G_Loss: 4.6446 | G_GAN: 9.3021 | L_Words: -0.9978 | L_Sent: 0.0001 | L_DAMSM: -0.9977 | L_KL: 0.1654 | Gamma_DAMSM: 5.0000 | Lambda_KL: 2.0000
Step [815] | D_Loss: 0.4877 | G_Loss: 4.0999 | G_GAN: 8.7563 | L_Words: -0.9984 | L_Sent: 0.0000 | L_DAMSM: -0.9984 | L_KL: 0.1678 | Gamma_DAMSM: 5.0000 | Lambda_KL: 2.0000
Step [816] | D_Loss: 0.7613 | G_Loss: 7.0025 | G_GAN: 11.6566 | L_Words: -0.9985 | L_Sent: 0.0000 | L_DAMSM: -0.9985 | L_KL: 0.1692 | Gamma_DAMSM: 5.0000 | Lambda_KL: 2.0000
Step [817] | D_Loss: 1.0797 | G_Loss: 2.7331 | G_GAN: 7.3782 | L_Words: -0.9981 | L_Sent: 0.0001 | L_DAMSM: -0.9980 | L_KL: 0.1724 | Gamma_DAMSM: 5.0000 | Lambda_KL: 2.0000
Step [818] | D_Loss: 1.7146 | G_Loss: 2.8086 | G_GAN: 7.4442 | L_Words: -0.9974 | L_Sent: 0.0000 | L_DAMSM: -0.9973 | L_KL: 0.1756 | Gamma_DAMSM: 5.0000 | Lambda_KL: 2.0000
Step [819] | D_Loss: 1.8777 | G_Loss: 2.5833 | G_GAN: 7.2248 | L_Words: -0.9979 | L_Sent: 0.0001 | L_DAMSM: -0.9978 | L_KL: 0.1737 | Gamma_DAMSM: 5.0000 | Lambda_KL: 2.0000
Step [820] | D_Loss: 0.9212 | G_Loss: 0.8202 | G_GAN: 5.4636 | L_Words: -0.9973 | L_Sent: 0.0000 | L_DAMSM: -0.9973 | L_KL: 0.1714 | Gamma_DAMSM: 5.0000 | Lambda_KL: 2.0000
Step [821] | D_Loss: 0.7976 | G_Loss: 1.0676 | G_GAN: 5.7149 | L_Words: -0.9984 | L_Sent: 0.0000 | L_DAMSM: -0.9983 | L_KL: 0.1722 | Gamma_DAMSM: 5.0000 | Lambda_KL: 2.0000
Step [822] | D_Loss: 0.9144 | G_Loss: 0.3317 | G_GAN: 4.9758 | L_Words: -0.9983 | L_Sent: 0.0001 | L_DAMSM: -0.9983 | L_KL: 0.1736 | Gamma_DAMSM: 5.0000 | Lambda_KL: 2.0000
Step [823] | D_Loss: 0.6349 | G_Loss: 1.1638 | G_GAN: 5.7995 | L_Words: -0.9971 | L_Sent: 0.0001 | L_DAMSM: -0.9970 | L_KL: 0.1747 | Gamma_DAMSM: 5.0000 | Lambda_KL: 2.0000
Step [824] | D_Loss: 0.6381 | G_Loss: 1.0185 | G_GAN: 5.6512 | L_Words: -0.9978 | L_Sent: 0.0001 | L_DAMSM: -0.9977 | L_KL: 0.1779 | Gamma_DAMSM: 5.0000 | Lambda_KL: 2.0000
Step [825] | D_Loss: 0.5685 | G_Loss: 4.4673 | G_GAN: 9.0976 | L_Words: -0.9976 | L_Sent: 0.0001 | L_DAMSM: -0.9975 | L_KL: 0.1786 | Gamma_DAMSM: 5.0000 | Lambda_KL: 2.0000
Step [826] | D_Loss: 0.6252 | G_Loss: 3.5951 | G_GAN: 8.2243 | L_Words: -0.9972 | L_Sent: 0.0001 | L_DAMSM: -0.9972 | L_KL: 0.1783 | Gamma_DAMSM: 5.0000 | Lambda_KL: 2.0000
Step [827] | D_Loss: 0.5678 | G_Loss: 1.2430 | G_GAN: 5.8689 | L_Words: -0.9969 | L_Sent: 0.0001 | L_DAMSM: -0.9968 | L_KL: 0.1791 | Gamma_DAMSM: 5.0000 | Lambda_KL: 2.0000
Step [828] | D_Loss: 0.5448 | G_Loss: 2.4425 | G_GAN: 7.0800 | L_Words: -0.9975 | L_Sent: 0.0001 | L_DAMSM: -0.9975 | L_KL: 0.1749 | Gamma_DAMSM: 5.0000 | Lambda_KL: 2.0000
Step [829] | D_Loss: 0.3203 | G_Loss: 3.2744 | G_GAN: 7.9176 | L_Words: -0.9971 | L_Sent: 0.0001 | L_DAMSM: -0.9970 | L_KL: 0.1710 | Gamma_DAMSM: 5.0000 | Lambda_KL: 2.0000
Step [830] | D_Loss: 0.4633 | G_Loss: 4.2660 | G_GAN: 8.9159 | L_Words: -0.9978 | L_Sent: 0.0001 | L_DAMSM: -0.9977 | L_KL: 0.1693 | Gamma_DAMSM: 5.0000 | Lambda_KL: 2.0000
Step [831] | D_Loss: 0.4110 | G_Loss: 3.4310 | G_GAN: 8.0889 | L_Words: -0.9982 | L_Sent: 0.0000 | L_DAMSM: -0.9982 | L_KL: 0.1665 | Gamma_DAMSM: 5.0000 | Lambda_KL: 2.0000
Step [832] | D_Loss: 1.2914 | G_Loss: 3.8163 | G_GAN: 8.4689 | L_Words: -0.9980 | L_Sent: 0.0000 | L_DAMSM: -0.9979 | L_KL: 0.1686 | Gamma_DAMSM: 5.0000 | Lambda_KL: 2.0000
Step [833] | D_Loss: 0.3374 | G_Loss: 4.6055 | G_GAN: 9.2537 | L_Words: -0.9976 | L_Sent: 0.0001 | L_DAMSM: -0.9976 | L_KL: 0.1698 | Gamma_DAMSM: 5.0000 | Lambda_KL: 2.0000
Step [834] | D_Loss: 0.5177 | G_Loss: 6.9568 | G_GAN: 11.6045 | L_Words: -0.9980 | L_Sent: 0.0001 | L_DAMSM: -0.9979 | L_KL: 0.1708 | Gamma_DAMSM: 5.0000 | Lambda_KL: 2.0000
Step [835] | D_Loss: 0.2838 | G_Loss: 7.3405 | G_GAN: 11.9890 | L_Words: -0.9976 | L_Sent: 0.0001 | L_DAMSM: -0.9975 | L_KL: 0.1696 | Gamma_DAMSM: 5.0000 | Lambda_KL: 2.0000
Step [836] | D_Loss: 0.5473 | G_Loss: 3.6021 | G_GAN: 8.2457 | L_Words: -0.9971 | L_Sent: 0.0001 | L_DAMSM: -0.9970 | L_KL: 0.1708 | Gamma_DAMSM: 5.0000 | Lambda_KL: 2.0000
Step [837] | D_Loss: 0.5462 | G_Loss: 6.9760 | G_GAN: 11.6242 | L_Words: -0.9981 | L_Sent: 0.0001 | L_DAMSM: -0.9980 | L_KL: 0.1710 | Gamma_DAMSM: 5.0000 | Lambda_KL: 2.0000
Step [838] | D_Loss: 0.5635 | G_Loss: 2.2519 | G_GAN: 6.8997 | L_Words: -0.9979 | L_Sent: 0.0000 | L_DAMSM: -0.9978 | L_KL: 0.1706 | Gamma_DAMSM: 5.0000 | Lambda_KL: 2.0000
Step [839] | D_Loss: 0.5367 | G_Loss: 7.3210 | G_GAN: 11.9702 | L_Words: -0.9974 | L_Sent: 0.0000 | L_DAMSM: -0.9974 | L_KL: 0.1689 | Gamma_DAMSM: 5.0000 | Lambda_KL: 2.0000
Step [840] | D_Loss: 0.6236 | G_Loss: 6.0745 | G_GAN: 10.7239 | L_Words: -0.9982 | L_Sent: 0.0001 | L_DAMSM: -0.9981 | L_KL: 0.1705 | Gamma_DAMSM: 5.0000 | Lambda_KL: 2.0000
Step [841] | D_Loss: 0.2575 | G_Loss: 5.2309 | G_GAN: 9.8823 | L_Words: -0.9981 | L_Sent: 0.0001 | L_DAMSM: -0.9980 | L_KL: 0.1694 | Gamma_DAMSM: 5.0000 | Lambda_KL: 2.0000
Step [842] | D_Loss: 0.4206 | G_Loss: 2.4027 | G_GAN: 7.0522 | L_Words: -0.9975 | L_Sent: 0.0001 | L_DAMSM: -0.9974 | L_KL: 0.1687 | Gamma_DAMSM: 5.0000 | Lambda_KL: 2.0000
Step [843] | D_Loss: 0.6036 | G_Loss: 4.3047 | G_GAN: 8.9528 | L_Words: -0.9961 | L_Sent: 0.0001 | L_DAMSM: -0.9960 | L_KL: 0.1659 | Gamma_DAMSM: 5.0000 | Lambda_KL: 2.0000
Step [844] | D_Loss: 0.7146 | G_Loss: 9.0694 | G_GAN: 13.7130 | L_Words: -0.9977 | L_Sent: 0.0000 | L_DAMSM: -0.9976 | L_KL: 0.1723 | Gamma_DAMSM: 5.0000 | Lambda_KL: 2.0000
Step [845] | D_Loss: 1.0079 | G_Loss: 6.7197 | G_GAN: 11.3527 | L_Words: -0.9974 | L_Sent: 0.0000 | L_DAMSM: -0.9974 | L_KL: 0.1769 | Gamma_DAMSM: 5.0000 | Lambda_KL: 2.0000
Step [846] | D_Loss: 1.4505 | G_Loss: 0.1092 | G_GAN: 4.7433 | L_Words: -0.9989 | L_Sent: 0.0000 | L_DAMSM: -0.9989 | L_KL: 0.1801 | Gamma_DAMSM: 5.0000 | Lambda_KL: 2.0000
Step [847] | D_Loss: 1.0488 | G_Loss: 2.8803 | G_GAN: 7.4963 | L_Words: -0.9972 | L_Sent: 0.0002 | L_DAMSM: -0.9970 | L_KL: 0.1845 | Gamma_DAMSM: 5.0000 | Lambda_KL: 2.0000
Step [848] | D_Loss: 2.3184 | G_Loss: -0.0017 | G_GAN: 4.6153 | L_Words: -0.9982 | L_Sent: 0.0001 | L_DAMSM: -0.9981 | L_KL: 0.1868 | Gamma_DAMSM: 5.0000 | Lambda_KL: 2.0000
Step [849] | D_Loss: 0.6061 | G_Loss: 1.7382 | G_GAN: 6.3557 | L_Words: -0.9982 | L_Sent: 0.0000 | L_DAMSM: -0.9981 | L_KL: 0.1866 | Gamma_DAMSM: 5.0000 | Lambda_KL: 2.0000
Step [850] | D_Loss: 0.6319 | G_Loss: 2.8551 | G_GAN: 7.4705 | L_Words: -0.9977 | L_Sent: 0.0001 | L_DAMSM: -0.9976 | L_KL: 0.1864 | Gamma_DAMSM: 5.0000 | Lambda_KL: 2.0000
Step [851] | D_Loss: 0.8218 | G_Loss: 3.0118 | G_GAN: 7.6232 | L_Words: -0.9973 | L_Sent: 0.0000 | L_DAMSM: -0.9973 | L_KL: 0.1876 | Gamma_DAMSM: 5.0000 | Lambda_KL: 2.0000
Step [852] | D_Loss: 0.8775 | G_Loss: 3.3324 | G_GAN: 7.9426 | L_Words: -0.9984 | L_Sent: 0.0001 | L_DAMSM: -0.9984 | L_KL: 0.1908 | Gamma_DAMSM: 5.0000 | Lambda_KL: 2.0000
Step [853] | D_Loss: 0.7985 | G_Loss: 1.1983 | G_GAN: 5.8097 | L_Words: -0.9979 | L_Sent: 0.0001 | L_DAMSM: -0.9978 | L_KL: 0.1888 | Gamma_DAMSM: 5.0000 | Lambda_KL: 2.0000
Step [854] | D_Loss: 0.6673 | G_Loss: 2.8979 | G_GAN: 7.4800 | L_Words: -0.9932 | L_Sent: 0.0001 | L_DAMSM: -0.9931 | L_KL: 0.1916 | Gamma_DAMSM: 5.0000 | Lambda_KL: 2.0000
Step [855] | D_Loss: 0.7017 | G_Loss: 1.9953 | G_GAN: 6.5975 | L_Words: -0.9975 | L_Sent: 0.0002 | L_DAMSM: -0.9973 | L_KL: 0.1923 | Gamma_DAMSM: 5.0000 | Lambda_KL: 2.0000
Step [856] | D_Loss: 0.6746 | G_Loss: 3.2908 | G_GAN: 7.8883 | L_Words: -0.9973 | L_Sent: 0.0001 | L_DAMSM: -0.9973 | L_KL: 0.1944 | Gamma_DAMSM: 5.0000 | Lambda_KL: 2.0000
Step [857] | D_Loss: 0.4564 | G_Loss: 4.4627 | G_GAN: 9.0607 | L_Words: -0.9979 | L_Sent: 0.0001 | L_DAMSM: -0.9978 | L_KL: 0.1955 | Gamma_DAMSM: 5.0000 | Lambda_KL: 2.0000
Step [858] | D_Loss: 0.4407 | G_Loss: 2.8317 | G_GAN: 7.4294 | L_Words: -0.9981 | L_Sent: 0.0001 | L_DAMSM: -0.9980 | L_KL: 0.1963 | Gamma_DAMSM: 5.0000 | Lambda_KL: 2.0000
Step [859] | D_Loss: 0.4471 | G_Loss: 1.9534 | G_GAN: 6.5495 | L_Words: -0.9974 | L_Sent: 0.0001 | L_DAMSM: -0.9973 | L_KL: 0.1951 | Gamma_DAMSM: 5.0000 | Lambda_KL: 2.0000
Step [860] | D_Loss: 0.5234 | G_Loss: 7.8013 | G_GAN: 12.3989 | L_Words: -0.9975 | L_Sent: 0.0000 | L_DAMSM: -0.9974 | L_KL: 0.1948 | Gamma_DAMSM: 5.0000 | Lambda_KL: 2.0000
Step [861] | D_Loss: 1.2607 | G_Loss: 4.3130 | G_GAN: 8.9175 | L_Words: -0.9979 | L_Sent: 0.0001 | L_DAMSM: -0.9978 | L_KL: 0.1923 | Gamma_DAMSM: 5.0000 | Lambda_KL: 2.0000
Step [862] | D_Loss: 0.4434 | G_Loss: 4.4585 | G_GAN: 9.0613 | L_Words: -0.9973 | L_Sent: 0.0001 | L_DAMSM: -0.9972 | L_KL: 0.1916 | Gamma_DAMSM: 5.0000 | Lambda_KL: 2.0000
Step [863] | D_Loss: 0.3729 | G_Loss: 7.1196 | G_GAN: 11.7177 | L_Words: -0.9966 | L_Sent: 0.0000 | L_DAMSM: -0.9966 | L_KL: 0.1924 | Gamma_DAMSM: 5.0000 | Lambda_KL: 2.0000
Step [864] | D_Loss: 1.4209 | G_Loss: 3.6346 | G_GAN: 8.2403 | L_Words: -0.9978 | L_Sent: 0.0000 | L_DAMSM: -0.9977 | L_KL: 0.1914 | Gamma_DAMSM: 5.0000 | Lambda_KL: 2.0000
Step [865] | D_Loss: 0.6443 | G_Loss: 3.9559 | G_GAN: 8.5656 | L_Words: -0.9985 | L_Sent: 0.0001 | L_DAMSM: -0.9984 | L_KL: 0.1912 | Gamma_DAMSM: 5.0000 | Lambda_KL: 2.0000
Step [866] | D_Loss: 0.9284 | G_Loss: 3.0325 | G_GAN: 7.6301 | L_Words: -0.9967 | L_Sent: 0.0001 | L_DAMSM: -0.9966 | L_KL: 0.1928 | Gamma_DAMSM: 5.0000 | Lambda_KL: 2.0000
Step [867] | D_Loss: 0.8448 | G_Loss: 2.9699 | G_GAN: 7.5698 | L_Words: -0.9970 | L_Sent: 0.0000 | L_DAMSM: -0.9970 | L_KL: 0.1926 | Gamma_DAMSM: 5.0000 | Lambda_KL: 2.0000
Step [868] | D_Loss: 0.4267 | G_Loss: 6.1917 | G_GAN: 10.7780 | L_Words: -0.9941 | L_Sent: 0.0000 | L_DAMSM: -0.9940 | L_KL: 0.1919 | Gamma_DAMSM: 5.0000 | Lambda_KL: 2.0000
Step [869] | D_Loss: 0.5506 | G_Loss: 1.9886 | G_GAN: 6.5927 | L_Words: -0.9978 | L_Sent: 0.0001 | L_DAMSM: -0.9977 | L_KL: 0.1923 | Gamma_DAMSM: 5.0000 | Lambda_KL: 2.0000
Step [870] | D_Loss: 0.8593 | G_Loss: 3.4012 | G_GAN: 8.0035 | L_Words: -0.9977 | L_Sent: 0.0001 | L_DAMSM: -0.9976 | L_KL: 0.1929 | Gamma_DAMSM: 5.0000 | Lambda_KL: 2.0000
Step [871] | D_Loss: 0.8177 | G_Loss: 5.8360 | G_GAN: 10.4339 | L_Words: -0.9977 | L_Sent: 0.0001 | L_DAMSM: -0.9976 | L_KL: 0.1951 | Gamma_DAMSM: 5.0000 | Lambda_KL: 2.0000
Step [872] | D_Loss: 1.3078 | G_Loss: 2.2686 | G_GAN: 6.8705 | L_Words: -0.9985 | L_Sent: 0.0001 | L_DAMSM: -0.9985 | L_KL: 0.1953 | Gamma_DAMSM: 5.0000 | Lambda_KL: 2.0000
Step [873] | D_Loss: 0.9795 | G_Loss: 4.1040 | G_GAN: 8.7048 | L_Words: -0.9983 | L_Sent: 0.0001 | L_DAMSM: -0.9982 | L_KL: 0.1951 | Gamma_DAMSM: 5.0000 | Lambda_KL: 2.0000
Step [874] | D_Loss: 0.2673 | G_Loss: 4.5879 | G_GAN: 9.1862 | L_Words: -0.9977 | L_Sent: 0.0001 | L_DAMSM: -0.9976 | L_KL: 0.1949 | Gamma_DAMSM: 5.0000 | Lambda_KL: 2.0000
Step [875] | D_Loss: 0.2017 | G_Loss: 5.2865 | G_GAN: 9.8888 | L_Words: -0.9983 | L_Sent: 0.0000 | L_DAMSM: -0.9983 | L_KL: 0.1946 | Gamma_DAMSM: 5.0000 | Lambda_KL: 2.0000
Step [876] | D_Loss: 0.3993 | G_Loss: 5.7162 | G_GAN: 10.3096 | L_Words: -0.9981 | L_Sent: 0.0001 | L_DAMSM: -0.9981 | L_KL: 0.1985 | Gamma_DAMSM: 5.0000 | Lambda_KL: 2.0000
Step [877] | D_Loss: 1.1552 | G_Loss: 1.1682 | G_GAN: 5.7337 | L_Words: -0.9945 | L_Sent: 0.0001 | L_DAMSM: -0.9944 | L_KL: 0.2033 | Gamma_DAMSM: 5.0000 | Lambda_KL: 2.0000
Step [878] | D_Loss: 0.5183 | G_Loss: 2.3069 | G_GAN: 6.8796 | L_Words: -0.9956 | L_Sent: 0.0001 | L_DAMSM: -0.9955 | L_KL: 0.2024 | Gamma_DAMSM: 5.0000 | Lambda_KL: 2.0000
Step [879] | D_Loss: 0.7344 | G_Loss: 4.9153 | G_GAN: 9.4925 | L_Words: -0.9972 | L_Sent: 0.0001 | L_DAMSM: -0.9971 | L_KL: 0.2042 | Gamma_DAMSM: 5.0000 | Lambda_KL: 2.0000
Step [880] | D_Loss: 0.3403 | G_Loss: 6.3256 | G_GAN: 10.8882 | L_Words: -0.9965 | L_Sent: 0.0001 | L_DAMSM: -0.9964 | L_KL: 0.2098 | Gamma_DAMSM: 5.0000 | Lambda_KL: 2.0000
Step [881] | D_Loss: 0.6797 | G_Loss: 2.0392 | G_GAN: 6.5967 | L_Words: -0.9971 | L_Sent: 0.0001 | L_DAMSM: -0.9970 | L_KL: 0.2137 | Gamma_DAMSM: 5.0000 | Lambda_KL: 2.0000
Step [882] | D_Loss: 0.5343 | G_Loss: 3.5522 | G_GAN: 8.1087 | L_Words: -0.9975 | L_Sent: 0.0000 | L_DAMSM: -0.9975 | L_KL: 0.2155 | Gamma_DAMSM: 5.0000 | Lambda_KL: 2.0000
Step [883] | D_Loss: 0.6778 | G_Loss: 1.6484 | G_GAN: 6.2055 | L_Words: -0.9982 | L_Sent: 0.0001 | L_DAMSM: -0.9981 | L_KL: 0.2168 | Gamma_DAMSM: 5.0000 | Lambda_KL: 2.0000
Step [884] | D_Loss: 1.1542 | G_Loss: 3.8930 | G_GAN: 8.4397 | L_Words: -0.9965 | L_Sent: 0.0001 | L_DAMSM: -0.9964 | L_KL: 0.2176 | Gamma_DAMSM: 5.0000 | Lambda_KL: 2.0000
Step [885] | D_Loss: 1.9869 | G_Loss: 3.3227 | G_GAN: 7.8757 | L_Words: -0.9983 | L_Sent: 0.0000 | L_DAMSM: -0.9983 | L_KL: 0.2193 | Gamma_DAMSM: 5.0000 | Lambda_KL: 2.0000
Step [886] | D_Loss: 0.5913 | G_Loss: 5.6060 | G_GAN: 10.1585 | L_Words: -0.9980 | L_Sent: 0.0001 | L_DAMSM: -0.9980 | L_KL: 0.2187 | Gamma_DAMSM: 5.0000 | Lambda_KL: 2.0000
Step [887] | D_Loss: 0.5508 | G_Loss: 5.7764 | G_GAN: 10.3234 | L_Words: -0.9977 | L_Sent: 0.0001 | L_DAMSM: -0.9975 | L_KL: 0.2203 | Gamma_DAMSM: 5.0000 | Lambda_KL: 2.0000
Step [888] | D_Loss: 0.3994 | G_Loss: 5.0831 | G_GAN: 9.6195 | L_Words: -0.9972 | L_Sent: 0.0001 | L_DAMSM: -0.9971 | L_KL: 0.2245 | Gamma_DAMSM: 5.0000 | Lambda_KL: 2.0000
Step [889] | D_Loss: 0.9228 | G_Loss: 3.4981 | G_GAN: 8.0353 | L_Words: -0.9979 | L_Sent: 0.0001 | L_DAMSM: -0.9979 | L_KL: 0.2261 | Gamma_DAMSM: 5.0000 | Lambda_KL: 2.0000
Step [890] | D_Loss: 0.5237 | G_Loss: 6.4841 | G_GAN: 11.0245 | L_Words: -0.9978 | L_Sent: 0.0001 | L_DAMSM: -0.9977 | L_KL: 0.2241 | Gamma_DAMSM: 5.0000 | Lambda_KL: 2.0000
Step [891] | D_Loss: 0.6400 | G_Loss: 5.7325 | G_GAN: 10.2709 | L_Words: -0.9974 | L_Sent: 0.0000 | L_DAMSM: -0.9974 | L_KL: 0.2244 | Gamma_DAMSM: 5.0000 | Lambda_KL: 2.0000
Step [892] | D_Loss: 0.9805 | G_Loss: 0.2250 | G_GAN: 4.7612 | L_Words: -0.9978 | L_Sent: 0.0000 | L_DAMSM: -0.9978 | L_KL: 0.2264 | Gamma_DAMSM: 5.0000 | Lambda_KL: 2.0000
Step [893] | D_Loss: 1.2766 | G_Loss: 5.7763 | G_GAN: 10.3162 | L_Words: -0.9986 | L_Sent: 0.0000 | L_DAMSM: -0.9985 | L_KL: 0.2263 | Gamma_DAMSM: 5.0000 | Lambda_KL: 2.0000
Step [894] | D_Loss: 0.9055 | G_Loss: 3.2734 | G_GAN: 7.8109 | L_Words: -0.9976 | L_Sent: 0.0001 | L_DAMSM: -0.9975 | L_KL: 0.2250 | Gamma_DAMSM: 5.0000 | Lambda_KL: 2.0000
Step [895] | D_Loss: 0.6946 | G_Loss: 2.0607 | G_GAN: 6.6046 | L_Words: -0.9981 | L_Sent: 0.0001 | L_DAMSM: -0.9980 | L_KL: 0.2231 | Gamma_DAMSM: 5.0000 | Lambda_KL: 2.0000
Step [896] | D_Loss: 0.7977 | G_Loss: 1.3802 | G_GAN: 5.9308 | L_Words: -0.9983 | L_Sent: 0.0001 | L_DAMSM: -0.9983 | L_KL: 0.2204 | Gamma_DAMSM: 5.0000 | Lambda_KL: 2.0000
Step [897] | D_Loss: 0.3997 | G_Loss: 3.0863 | G_GAN: 7.6218 | L_Words: -0.9970 | L_Sent: 0.0001 | L_DAMSM: -0.9969 | L_KL: 0.2245 | Gamma_DAMSM: 5.0000 | Lambda_KL: 2.0000
Step [898] | D_Loss: 0.4396 | G_Loss: 4.3073 | G_GAN: 8.8553 | L_Words: -0.9980 | L_Sent: 0.0001 | L_DAMSM: -0.9979 | L_KL: 0.2209 | Gamma_DAMSM: 5.0000 | Lambda_KL: 2.0000
Step [899] | D_Loss: 0.7723 | G_Loss: 1.3793 | G_GAN: 5.9278 | L_Words: -0.9981 | L_Sent: 0.0001 | L_DAMSM: -0.9980 | L_KL: 0.2208 | Gamma_DAMSM: 5.0000 | Lambda_KL: 2.0000
Step [900] | D_Loss: 0.7310 | G_Loss: 2.8645 | G_GAN: 7.4151 | L_Words: -0.9980 | L_Sent: 0.0000 | L_DAMSM: -0.9979 | L_KL: 0.2195 | Gamma_DAMSM: 5.0000 | Lambda_KL: 2.0000
Step [901] | D_Loss: 1.1468 | G_Loss: 0.8334 | G_GAN: 5.3759 | L_Words: -0.9972 | L_Sent: 0.0001 | L_DAMSM: -0.9971 | L_KL: 0.2215 | Gamma_DAMSM: 5.0000 | Lambda_KL: 2.0000
Step [902] | D_Loss: 0.9047 | G_Loss: 3.7130 | G_GAN: 8.2492 | L_Words: -0.9966 | L_Sent: 0.0001 | L_DAMSM: -0.9966 | L_KL: 0.2234 | Gamma_DAMSM: 5.0000 | Lambda_KL: 2.0000
Step [903] | D_Loss: 0.3263 | G_Loss: 4.5598 | G_GAN: 9.0977 | L_Words: -0.9978 | L_Sent: 0.0000 | L_DAMSM: -0.9978 | L_KL: 0.2256 | Gamma_DAMSM: 5.0000 | Lambda_KL: 2.0000
Step [904] | D_Loss: 0.3047 | G_Loss: 4.7804 | G_GAN: 9.3087 | L_Words: -0.9962 | L_Sent: 0.0002 | L_DAMSM: -0.9961 | L_KL: 0.2260 | Gamma_DAMSM: 5.0000 | Lambda_KL: 2.0000
Step [905] | D_Loss: 0.6908 | G_Loss: 4.4431 | G_GAN: 8.9821 | L_Words: -0.9979 | L_Sent: 0.0000 | L_DAMSM: -0.9979 | L_KL: 0.2252 | Gamma_DAMSM: 5.0000 | Lambda_KL: 2.0000
Step [906] | D_Loss: 0.8685 | G_Loss: 3.0971 | G_GAN: 7.6336 | L_Words: -0.9981 | L_Sent: 0.0000 | L_DAMSM: -0.9981 | L_KL: 0.2269 | Gamma_DAMSM: 5.0000 | Lambda_KL: 2.0000
Step [907] | D_Loss: 0.9706 | G_Loss: -0.0875 | G_GAN: 4.4451 | L_Words: -0.9983 | L_Sent: 0.0001 | L_DAMSM: -0.9982 | L_KL: 0.2291 | Gamma_DAMSM: 5.0000 | Lambda_KL: 2.0000
Step [908] | D_Loss: 0.8162 | G_Loss: 4.3762 | G_GAN: 8.9130 | L_Words: -0.9983 | L_Sent: 0.0000 | L_DAMSM: -0.9982 | L_KL: 0.2272 | Gamma_DAMSM: 5.0000 | Lambda_KL: 2.0000
Step [909] | D_Loss: 1.3207 | G_Loss: 9.4249 | G_GAN: 13.9490 | L_Words: -0.9967 | L_Sent: 0.0001 | L_DAMSM: -0.9966 | L_KL: 0.2296 | Gamma_DAMSM: 5.0000 | Lambda_KL: 2.0000
Step [910] | D_Loss: 2.2533 | G_Loss: 3.8221 | G_GAN: 8.3496 | L_Words: -0.9971 | L_Sent: 0.0001 | L_DAMSM: -0.9970 | L_KL: 0.2288 | Gamma_DAMSM: 5.0000 | Lambda_KL: 2.0000
Step [911] | D_Loss: 0.4401 | G_Loss: 3.0574 | G_GAN: 7.5924 | L_Words: -0.9975 | L_Sent: 0.0000 | L_DAMSM: -0.9975 | L_KL: 0.2261 | Gamma_DAMSM: 5.0000 | Lambda_KL: 2.0000
Step [912] | D_Loss: 0.4506 | G_Loss: 3.3165 | G_GAN: 7.8479 | L_Words: -0.9965 | L_Sent: 0.0001 | L_DAMSM: -0.9964 | L_KL: 0.2253 | Gamma_DAMSM: 5.0000 | Lambda_KL: 2.0000
Step [913] | D_Loss: 0.7883 | G_Loss: 1.7667 | G_GAN: 6.3045 | L_Words: -0.9977 | L_Sent: 0.0001 | L_DAMSM: -0.9977 | L_KL: 0.2253 | Gamma_DAMSM: 5.0000 | Lambda_KL: 2.0000
Step [914] | D_Loss: 0.8509 | G_Loss: 2.8346 | G_GAN: 7.3597 | L_Words: -0.9954 | L_Sent: 0.0001 | L_DAMSM: -0.9952 | L_KL: 0.2255 | Gamma_DAMSM: 5.0000 | Lambda_KL: 2.0000
Step [915] | D_Loss: 0.3747 | G_Loss: 4.9351 | G_GAN: 9.4740 | L_Words: -0.9976 | L_Sent: 0.0001 | L_DAMSM: -0.9976 | L_KL: 0.2244 | Gamma_DAMSM: 5.0000 | Lambda_KL: 2.0000
Step [916] | D_Loss: 0.6614 | G_Loss: 3.2674 | G_GAN: 7.8088 | L_Words: -0.9974 | L_Sent: 0.0000 | L_DAMSM: -0.9973 | L_KL: 0.2226 | Gamma_DAMSM: 5.0000 | Lambda_KL: 2.0000
Step [917] | D_Loss: 0.6151 | G_Loss: 5.3112 | G_GAN: 9.8561 | L_Words: -0.9978 | L_Sent: 0.0000 | L_DAMSM: -0.9977 | L_KL: 0.2218 | Gamma_DAMSM: 5.0000 | Lambda_KL: 2.0000
Step [918] | D_Loss: 0.5193 | G_Loss: 6.6282 | G_GAN: 11.1737 | L_Words: -0.9970 | L_Sent: 0.0001 | L_DAMSM: -0.9969 | L_KL: 0.2195 | Gamma_DAMSM: 5.0000 | Lambda_KL: 2.0000
Step [919] | D_Loss: 1.2715 | G_Loss: 3.4561 | G_GAN: 8.0118 | L_Words: -0.9982 | L_Sent: 0.0002 | L_DAMSM: -0.9980 | L_KL: 0.2173 | Gamma_DAMSM: 5.0000 | Lambda_KL: 2.0000
Step [920] | D_Loss: 0.7425 | G_Loss: 1.1456 | G_GAN: 5.7010 | L_Words: -0.9980 | L_Sent: 0.0002 | L_DAMSM: -0.9978 | L_KL: 0.2168 | Gamma_DAMSM: 5.0000 | Lambda_KL: 2.0000
Step [921] | D_Loss: 1.3143 | G_Loss: 1.9192 | G_GAN: 6.4671 | L_Words: -0.9968 | L_Sent: 0.0001 | L_DAMSM: -0.9967 | L_KL: 0.2179 | Gamma_DAMSM: 5.0000 | Lambda_KL: 2.0000
Step [922] | D_Loss: 0.7003 | G_Loss: 2.4902 | G_GAN: 7.0273 | L_Words: -0.9947 | L_Sent: 0.0001 | L_DAMSM: -0.9946 | L_KL: 0.2180 | Gamma_DAMSM: 5.0000 | Lambda_KL: 2.0000
Step [923] | D_Loss: 0.3342 | G_Loss: 2.8896 | G_GAN: 7.4410 | L_Words: -0.9985 | L_Sent: 0.0001 | L_DAMSM: -0.9985 | L_KL: 0.2205 | Gamma_DAMSM: 5.0000 | Lambda_KL: 2.0000
Step [924] | D_Loss: 0.4321 | G_Loss: 3.3872 | G_GAN: 7.9364 | L_Words: -0.9982 | L_Sent: 0.0000 | L_DAMSM: -0.9981 | L_KL: 0.2207 | Gamma_DAMSM: 5.0000 | Lambda_KL: 2.0000
Step [925] | D_Loss: 0.2934 | G_Loss: 5.2356 | G_GAN: 9.7911 | L_Words: -0.9983 | L_Sent: 0.0001 | L_DAMSM: -0.9983 | L_KL: 0.2179 | Gamma_DAMSM: 5.0000 | Lambda_KL: 2.0000
Step [926] | D_Loss: 0.4848 | G_Loss: 3.1079 | G_GAN: 7.6587 | L_Words: -0.9968 | L_Sent: 0.0001 | L_DAMSM: -0.9967 | L_KL: 0.2164 | Gamma_DAMSM: 5.0000 | Lambda_KL: 2.0000
Step [927] | D_Loss: 0.7197 | G_Loss: 2.3942 | G_GAN: 6.9477 | L_Words: -0.9977 | L_Sent: 0.0001 | L_DAMSM: -0.9976 | L_KL: 0.2172 | Gamma_DAMSM: 5.0000 | Lambda_KL: 2.0000
Step [928] | D_Loss: 0.3897 | G_Loss: 4.5047 | G_GAN: 9.0495 | L_Words: -0.9968 | L_Sent: 0.0001 | L_DAMSM: -0.9967 | L_KL: 0.2194 | Gamma_DAMSM: 5.0000 | Lambda_KL: 2.0000
Step [929] | D_Loss: 0.4800 | G_Loss: 2.0459 | G_GAN: 6.5924 | L_Words: -0.9974 | L_Sent: 0.0001 | L_DAMSM: -0.9974 | L_KL: 0.2202 | Gamma_DAMSM: 5.0000 | Lambda_KL: 2.0000
Step [930] | D_Loss: 0.9413 | G_Loss: 4.0587 | G_GAN: 8.6111 | L_Words: -0.9980 | L_Sent: 0.0000 | L_DAMSM: -0.9979 | L_KL: 0.2186 | Gamma_DAMSM: 5.0000 | Lambda_KL: 2.0000
Step [931] | D_Loss: 0.8317 | G_Loss: 7.6284 | G_GAN: 12.1839 | L_Words: -0.9980 | L_Sent: 0.0001 | L_DAMSM: -0.9980 | L_KL: 0.2173 | Gamma_DAMSM: 5.0000 | Lambda_KL: 2.0000
Step [932] | D_Loss: 0.9328 | G_Loss: 5.0827 | G_GAN: 9.6396 | L_Words: -0.9986 | L_Sent: 0.0001 | L_DAMSM: -0.9985 | L_KL: 0.2177 | Gamma_DAMSM: 5.0000 | Lambda_KL: 2.0000
Step [933] | D_Loss: 1.7615 | G_Loss: 2.5978 | G_GAN: 7.1444 | L_Words: -0.9976 | L_Sent: 0.0001 | L_DAMSM: -0.9975 | L_KL: 0.2203 | Gamma_DAMSM: 5.0000 | Lambda_KL: 2.0000
Step [934] | D_Loss: 0.5427 | G_Loss: 1.8103 | G_GAN: 6.3598 | L_Words: -0.9977 | L_Sent: 0.0001 | L_DAMSM: -0.9976 | L_KL: 0.2192 | Gamma_DAMSM: 5.0000 | Lambda_KL: 2.0000
Step [935] | D_Loss: 0.5123 | G_Loss: 4.7956 | G_GAN: 9.3440 | L_Words: -0.9969 | L_Sent: 0.0000 | L_DAMSM: -0.9969 | L_KL: 0.2181 | Gamma_DAMSM: 5.0000 | Lambda_KL: 2.0000
Step [936] | D_Loss: 0.8991 | G_Loss: 1.9619 | G_GAN: 6.5153 | L_Words: -0.9979 | L_Sent: 0.0000 | L_DAMSM: -0.9979 | L_KL: 0.2180 | Gamma_DAMSM: 5.0000 | Lambda_KL: 2.0000
Step [937] | D_Loss: 0.5000 | G_Loss: 2.7269 | G_GAN: 7.2780 | L_Words: -0.9979 | L_Sent: 0.0000 | L_DAMSM: -0.9978 | L_KL: 0.2191 | Gamma_DAMSM: 5.0000 | Lambda_KL: 2.0000
Step [938] | D_Loss: 0.5959 | G_Loss: 4.4687 | G_GAN: 9.0232 | L_Words: -0.9982 | L_Sent: 0.0001 | L_DAMSM: -0.9981 | L_KL: 0.2180 | Gamma_DAMSM: 5.0000 | Lambda_KL: 2.0000
Step [939] | D_Loss: 0.2011 | G_Loss: 4.7709 | G_GAN: 9.3272 | L_Words: -0.9985 | L_Sent: 0.0000 | L_DAMSM: -0.9984 | L_KL: 0.2180 | Gamma_DAMSM: 5.0000 | Lambda_KL: 2.0000
Step [940] | D_Loss: 0.5694 | G_Loss: 3.6998 | G_GAN: 8.2547 | L_Words: -0.9974 | L_Sent: 0.0001 | L_DAMSM: -0.9973 | L_KL: 0.2157 | Gamma_DAMSM: 5.0000 | Lambda_KL: 2.0000
Step [941] | D_Loss: 0.9420 | G_Loss: 3.3430 | G_GAN: 7.9058 | L_Words: -0.9981 | L_Sent: 0.0000 | L_DAMSM: -0.9981 | L_KL: 0.2137 | Gamma_DAMSM: 5.0000 | Lambda_KL: 2.0000
Step [942] | D_Loss: 0.4877 | G_Loss: 4.4721 | G_GAN: 9.0293 | L_Words: -0.9970 | L_Sent: 0.0001 | L_DAMSM: -0.9969 | L_KL: 0.2137 | Gamma_DAMSM: 5.0000 | Lambda_KL: 2.0000
Step [943] | D_Loss: 0.1353 | G_Loss: 7.2094 | G_GAN: 11.7738 | L_Words: -0.9979 | L_Sent: 0.0000 | L_DAMSM: -0.9979 | L_KL: 0.2124 | Gamma_DAMSM: 5.0000 | Lambda_KL: 2.0000
Step [944] | D_Loss: 0.2434 | G_Loss: 6.7961 | G_GAN: 11.3531 | L_Words: -0.9966 | L_Sent: 0.0001 | L_DAMSM: -0.9965 | L_KL: 0.2128 | Gamma_DAMSM: 5.0000 | Lambda_KL: 2.0000
Step [945] | D_Loss: 0.4123 | G_Loss: 8.4144 | G_GAN: 12.9751 | L_Words: -0.9981 | L_Sent: 0.0001 | L_DAMSM: -0.9980 | L_KL: 0.2147 | Gamma_DAMSM: 5.0000 | Lambda_KL: 2.0000
Step [946] | D_Loss: 0.4543 | G_Loss: 6.4021 | G_GAN: 10.9622 | L_Words: -0.9983 | L_Sent: 0.0001 | L_DAMSM: -0.9982 | L_KL: 0.2155 | Gamma_DAMSM: 5.0000 | Lambda_KL: 2.0000
Step [947] | D_Loss: 0.5416 | G_Loss: 10.0888 | G_GAN: 14.6428 | L_Words: -0.9968 | L_Sent: 0.0000 | L_DAMSM: -0.9968 | L_KL: 0.2149 | Gamma_DAMSM: 5.0000 | Lambda_KL: 2.0000
Step [948] | D_Loss: 0.6533 | G_Loss: 5.4747 | G_GAN: 10.0382 | L_Words: -0.9982 | L_Sent: 0.0001 | L_DAMSM: -0.9980 | L_KL: 0.2134 | Gamma_DAMSM: 5.0000 | Lambda_KL: 2.0000
Step [949] | D_Loss: 0.8789 | G_Loss: 7.4831 | G_GAN: 12.0328 | L_Words: -0.9941 | L_Sent: 0.0001 | L_DAMSM: -0.9940 | L_KL: 0.2102 | Gamma_DAMSM: 5.0000 | Lambda_KL: 2.0000
Step [950] | D_Loss: 1.2283 | G_Loss: 7.4379 | G_GAN: 12.0087 | L_Words: -0.9974 | L_Sent: 0.0000 | L_DAMSM: -0.9973 | L_KL: 0.2079 | Gamma_DAMSM: 5.0000 | Lambda_KL: 2.0000
Step [951] | D_Loss: 0.5486 | G_Loss: 6.3450 | G_GAN: 10.9169 | L_Words: -0.9974 | L_Sent: 0.0000 | L_DAMSM: -0.9974 | L_KL: 0.2076 | Gamma_DAMSM: 5.0000 | Lambda_KL: 2.0000
Step [952] | D_Loss: 0.5310 | G_Loss: 5.1701 | G_GAN: 9.7406 | L_Words: -0.9975 | L_Sent: 0.0000 | L_DAMSM: -0.9975 | L_KL: 0.2084 | Gamma_DAMSM: 5.0000 | Lambda_KL: 2.0000
Step [953] | D_Loss: 0.5648 | G_Loss: 2.1122 | G_GAN: 6.6757 | L_Words: -0.9963 | L_Sent: 0.0001 | L_DAMSM: -0.9963 | L_KL: 0.2089 | Gamma_DAMSM: 5.0000 | Lambda_KL: 2.0000
Step [954] | D_Loss: 0.6586 | G_Loss: 7.6193 | G_GAN: 12.1867 | L_Words: -0.9971 | L_Sent: 0.0001 | L_DAMSM: -0.9970 | L_KL: 0.2088 | Gamma_DAMSM: 5.0000 | Lambda_KL: 2.0000
Step [955] | D_Loss: 0.7429 | G_Loss: 5.6749 | G_GAN: 10.2469 | L_Words: -0.9979 | L_Sent: 0.0001 | L_DAMSM: -0.9978 | L_KL: 0.2085 | Gamma_DAMSM: 5.0000 | Lambda_KL: 2.0000
Step [956] | D_Loss: 0.7559 | G_Loss: 5.0769 | G_GAN: 9.6523 | L_Words: -0.9981 | L_Sent: 0.0001 | L_DAMSM: -0.9980 | L_KL: 0.2073 | Gamma_DAMSM: 5.0000 | Lambda_KL: 2.0000
Step [957] | D_Loss: 0.5410 | G_Loss: 4.7022 | G_GAN: 9.2812 | L_Words: -0.9971 | L_Sent: 0.0001 | L_DAMSM: -0.9971 | L_KL: 0.2032 | Gamma_DAMSM: 5.0000 | Lambda_KL: 2.0000
Step [958] | D_Loss: 1.0318 | G_Loss: 9.6129 | G_GAN: 14.1975 | L_Words: -0.9982 | L_Sent: 0.0000 | L_DAMSM: -0.9981 | L_KL: 0.2030 | Gamma_DAMSM: 5.0000 | Lambda_KL: 2.0000
Step [959] | D_Loss: 1.0764 | G_Loss: 6.1212 | G_GAN: 10.6982 | L_Words: -0.9966 | L_Sent: 0.0000 | L_DAMSM: -0.9965 | L_KL: 0.2028 | Gamma_DAMSM: 5.0000 | Lambda_KL: 2.0000
Step [960] | D_Loss: 0.5629 | G_Loss: 4.0958 | G_GAN: 8.6649 | L_Words: -0.9976 | L_Sent: 0.0001 | L_DAMSM: -0.9975 | L_KL: 0.2092 | Gamma_DAMSM: 5.0000 | Lambda_KL: 2.0000
Step [961] | D_Loss: 0.4485 | G_Loss: 2.9617 | G_GAN: 7.5231 | L_Words: -0.9973 | L_Sent: 0.0001 | L_DAMSM: -0.9972 | L_KL: 0.2122 | Gamma_DAMSM: 5.0000 | Lambda_KL: 2.0000
Step [962] | D_Loss: 0.4671 | G_Loss: 7.0286 | G_GAN: 11.5816 | L_Words: -0.9967 | L_Sent: 0.0001 | L_DAMSM: -0.9966 | L_KL: 0.2149 | Gamma_DAMSM: 5.0000 | Lambda_KL: 2.0000
Step [963] | D_Loss: 0.7812 | G_Loss: 3.4447 | G_GAN: 7.9852 | L_Words: -0.9947 | L_Sent: 0.0001 | L_DAMSM: -0.9947 | L_KL: 0.2165 | Gamma_DAMSM: 5.0000 | Lambda_KL: 2.0000
Step [964] | D_Loss: 0.5189 | G_Loss: 4.4858 | G_GAN: 9.0353 | L_Words: -0.9968 | L_Sent: 0.0001 | L_DAMSM: -0.9967 | L_KL: 0.2170 | Gamma_DAMSM: 5.0000 | Lambda_KL: 2.0000
Step [965] | D_Loss: 1.1444 | G_Loss: 0.6466 | G_GAN: 5.1942 | L_Words: -0.9982 | L_Sent: 0.0001 | L_DAMSM: -0.9981 | L_KL: 0.2214 | Gamma_DAMSM: 5.0000 | Lambda_KL: 2.0000
Step [966] | D_Loss: 1.4382 | G_Loss: 4.5298 | G_GAN: 9.0657 | L_Words: -0.9983 | L_Sent: 0.0001 | L_DAMSM: -0.9982 | L_KL: 0.2276 | Gamma_DAMSM: 5.0000 | Lambda_KL: 2.0000
Step [967] | D_Loss: 0.3346 | G_Loss: 5.1765 | G_GAN: 9.7025 | L_Words: -0.9974 | L_Sent: 0.0001 | L_DAMSM: -0.9973 | L_KL: 0.2303 | Gamma_DAMSM: 5.0000 | Lambda_KL: 2.0000
Step [968] | D_Loss: 1.0020 | G_Loss: 3.5785 | G_GAN: 8.1107 | L_Words: -0.9985 | L_Sent: 0.0001 | L_DAMSM: -0.9985 | L_KL: 0.2301 | Gamma_DAMSM: 5.0000 | Lambda_KL: 2.0000
Step [969] | D_Loss: 0.4571 | G_Loss: 2.2180 | G_GAN: 6.7334 | L_Words: -0.9949 | L_Sent: 0.0001 | L_DAMSM: -0.9948 | L_KL: 0.2292 | Gamma_DAMSM: 5.0000 | Lambda_KL: 2.0000
Step [970] | D_Loss: 0.8849 | G_Loss: 2.3399 | G_GAN: 6.8705 | L_Words: -0.9978 | L_Sent: 0.0001 | L_DAMSM: -0.9978 | L_KL: 0.2292 | Gamma_DAMSM: 5.0000 | Lambda_KL: 2.0000
Step [971] | D_Loss: 0.8592 | G_Loss: 2.1070 | G_GAN: 6.6271 | L_Words: -0.9966 | L_Sent: 0.0001 | L_DAMSM: -0.9965 | L_KL: 0.2312 | Gamma_DAMSM: 5.0000 | Lambda_KL: 2.0000
Step [972] | D_Loss: 0.5582 | G_Loss: 4.1516 | G_GAN: 8.6841 | L_Words: -0.9983 | L_Sent: 0.0001 | L_DAMSM: -0.9982 | L_KL: 0.2293 | Gamma_DAMSM: 5.0000 | Lambda_KL: 2.0000
Step [973] | D_Loss: 0.3633 | G_Loss: 3.0824 | G_GAN: 7.6097 | L_Words: -0.9971 | L_Sent: 0.0000 | L_DAMSM: -0.9970 | L_KL: 0.2290 | Gamma_DAMSM: 5.0000 | Lambda_KL: 2.0000
Step [974] | D_Loss: 0.4495 | G_Loss: 5.6386 | G_GAN: 10.1673 | L_Words: -0.9965 | L_Sent: 0.0001 | L_DAMSM: -0.9964 | L_KL: 0.2267 | Gamma_DAMSM: 5.0000 | Lambda_KL: 2.0000
Step [975] | D_Loss: 1.2558 | G_Loss: -0.7361 | G_GAN: 3.7941 | L_Words: -0.9965 | L_Sent: 0.0001 | L_DAMSM: -0.9964 | L_KL: 0.2260 | Gamma_DAMSM: 5.0000 | Lambda_KL: 2.0000
Step [976] | D_Loss: 0.7355 | G_Loss: 1.0222 | G_GAN: 5.5614 | L_Words: -0.9977 | L_Sent: 0.0001 | L_DAMSM: -0.9976 | L_KL: 0.2245 | Gamma_DAMSM: 5.0000 | Lambda_KL: 2.0000
Step [977] | D_Loss: 1.5899 | G_Loss: 4.9918 | G_GAN: 9.5320 | L_Words: -0.9977 | L_Sent: 0.0001 | L_DAMSM: -0.9976 | L_KL: 0.2240 | Gamma_DAMSM: 5.0000 | Lambda_KL: 2.0000
Step [978] | D_Loss: 0.6275 | G_Loss: 4.1831 | G_GAN: 8.7219 | L_Words: -0.9969 | L_Sent: 0.0001 | L_DAMSM: -0.9968 | L_KL: 0.2227 | Gamma_DAMSM: 5.0000 | Lambda_KL: 2.0000
Step [979] | D_Loss: 0.7207 | G_Loss: 2.8659 | G_GAN: 7.4099 | L_Words: -0.9976 | L_Sent: 0.0001 | L_DAMSM: -0.9976 | L_KL: 0.2219 | Gamma_DAMSM: 5.0000 | Lambda_KL: 2.0000
Step [980] | D_Loss: 0.7705 | G_Loss: 4.0381 | G_GAN: 8.5742 | L_Words: -0.9967 | L_Sent: 0.0002 | L_DAMSM: -0.9966 | L_KL: 0.2233 | Gamma_DAMSM: 5.0000 | Lambda_KL: 2.0000
Step [981] | D_Loss: 0.4308 | G_Loss: 3.7451 | G_GAN: 8.2860 | L_Words: -0.9976 | L_Sent: 0.0001 | L_DAMSM: -0.9975 | L_KL: 0.2233 | Gamma_DAMSM: 5.0000 | Lambda_KL: 2.0000
Step [982] | D_Loss: 0.4036 | G_Loss: 1.8179 | G_GAN: 6.3552 | L_Words: -0.9976 | L_Sent: 0.0001 | L_DAMSM: -0.9975 | L_KL: 0.2250 | Gamma_DAMSM: 5.0000 | Lambda_KL: 2.0000
Step [983] | D_Loss: 0.5095 | G_Loss: 3.8495 | G_GAN: 8.3872 | L_Words: -0.9975 | L_Sent: 0.0000 | L_DAMSM: -0.9975 | L_KL: 0.2249 | Gamma_DAMSM: 5.0000 | Lambda_KL: 2.0000
Step [984] | D_Loss: 0.6238 | G_Loss: 6.9622 | G_GAN: 11.5032 | L_Words: -0.9978 | L_Sent: 0.0001 | L_DAMSM: -0.9977 | L_KL: 0.2237 | Gamma_DAMSM: 5.0000 | Lambda_KL: 2.0000
Step [985] | D_Loss: 0.7273 | G_Loss: 7.7350 | G_GAN: 12.2741 | L_Words: -0.9977 | L_Sent: 0.0000 | L_DAMSM: -0.9977 | L_KL: 0.2246 | Gamma_DAMSM: 5.0000 | Lambda_KL: 2.0000
Step [986] | D_Loss: 0.6212 | G_Loss: 4.4169 | G_GAN: 8.9580 | L_Words: -0.9980 | L_Sent: 0.0001 | L_DAMSM: -0.9979 | L_KL: 0.2243 | Gamma_DAMSM: 5.0000 | Lambda_KL: 2.0000
Step [987] | D_Loss: 0.5523 | G_Loss: 2.3104 | G_GAN: 6.8488 | L_Words: -0.9981 | L_Sent: 0.0001 | L_DAMSM: -0.9980 | L_KL: 0.2258 | Gamma_DAMSM: 5.0000 | Lambda_KL: 2.0000
Step [988] | D_Loss: 0.5745 | G_Loss: 4.6326 | G_GAN: 9.1660 | L_Words: -0.9969 | L_Sent: 0.0001 | L_DAMSM: -0.9968 | L_KL: 0.2253 | Gamma_DAMSM: 5.0000 | Lambda_KL: 2.0000
Step [989] | D_Loss: 0.4647 | G_Loss: 9.1320 | G_GAN: 13.6669 | L_Words: -0.9973 | L_Sent: 0.0001 | L_DAMSM: -0.9972 | L_KL: 0.2254 | Gamma_DAMSM: 5.0000 | Lambda_KL: 2.0000
Step [990] | D_Loss: 0.9250 | G_Loss: 8.4816 | G_GAN: 13.0133 | L_Words: -0.9972 | L_Sent: 0.0001 | L_DAMSM: -0.9971 | L_KL: 0.2270 | Gamma_DAMSM: 5.0000 | Lambda_KL: 2.0000
Step [991] | D_Loss: 0.4870 | G_Loss: 3.3167 | G_GAN: 7.8481 | L_Words: -0.9965 | L_Sent: 0.0000 | L_DAMSM: -0.9965 | L_KL: 0.2255 | Gamma_DAMSM: 5.0000 | Lambda_KL: 2.0000
Step [992] | D_Loss: 0.7695 | G_Loss: 6.1903 | G_GAN: 10.7240 | L_Words: -0.9977 | L_Sent: 0.0001 | L_DAMSM: -0.9976 | L_KL: 0.2272 | Gamma_DAMSM: 5.0000 | Lambda_KL: 2.0000
Step [993] | D_Loss: 0.4930 | G_Loss: 7.7946 | G_GAN: 12.3137 | L_Words: -0.9973 | L_Sent: 0.0001 | L_DAMSM: -0.9973 | L_KL: 0.2336 | Gamma_DAMSM: 5.0000 | Lambda_KL: 2.0000
Step [994] | D_Loss: 1.1318 | G_Loss: 2.2746 | G_GAN: 6.7943 | L_Words: -0.9982 | L_Sent: 0.0001 | L_DAMSM: -0.9981 | L_KL: 0.2355 | Gamma_DAMSM: 5.0000 | Lambda_KL: 2.0000
Step [995] | D_Loss: 1.1371 | G_Loss: 3.2500 | G_GAN: 7.7684 | L_Words: -0.9985 | L_Sent: 0.0001 | L_DAMSM: -0.9984 | L_KL: 0.2368 | Gamma_DAMSM: 5.0000 | Lambda_KL: 2.0000
Step [996] | D_Loss: 0.6049 | G_Loss: 2.2780 | G_GAN: 6.7885 | L_Words: -0.9971 | L_Sent: 0.0001 | L_DAMSM: -0.9970 | L_KL: 0.2373 | Gamma_DAMSM: 5.0000 | Lambda_KL: 2.0000
Step [997] | D_Loss: 0.4956 | G_Loss: 8.4003 | G_GAN: 12.9138 | L_Words: -0.9982 | L_Sent: 0.0001 | L_DAMSM: -0.9981 | L_KL: 0.2384 | Gamma_DAMSM: 5.0000 | Lambda_KL: 2.0000
Step [998] | D_Loss: 0.3133 | G_Loss: 9.5612 | G_GAN: 14.0767 | L_Words: -0.9982 | L_Sent: 0.0000 | L_DAMSM: -0.9982 | L_KL: 0.2376 | Gamma_DAMSM: 5.0000 | Lambda_KL: 2.0000
Step [999] | D_Loss: 1.0840 | G_Loss: 5.5542 | G_GAN: 10.0666 | L_Words: -0.9979 | L_Sent: 0.0001 | L_DAMSM: -0.9978 | L_KL: 0.2384 | Gamma_DAMSM: 5.0000 | Lambda_KL: 2.0000
Step [1000] | D_Loss: 0.5507 | G_Loss: 5.4011 | G_GAN: 9.9146 | L_Words: -0.9971 | L_Sent: 0.0001 | L_DAMSM: -0.9970 | L_KL: 0.2358 | Gamma_DAMSM: 5.0000 | Lambda_KL: 2.0000
Step [1001] | D_Loss: 0.5452 | G_Loss: 7.3691 | G_GAN: 11.8831 | L_Words: -0.9975 | L_Sent: 0.0001 | L_DAMSM: -0.9974 | L_KL: 0.2365 | Gamma_DAMSM: 5.0000 | Lambda_KL: 2.0000
Step [1002] | D_Loss: 1.0663 | G_Loss: 0.3954 | G_GAN: 4.9064 | L_Words: -0.9968 | L_Sent: 0.0001 | L_DAMSM: -0.9967 | L_KL: 0.2363 | Gamma_DAMSM: 5.0000 | Lambda_KL: 2.0000
Step [1003] | D_Loss: 0.8202 | G_Loss: 6.1448 | G_GAN: 10.6637 | L_Words: -0.9980 | L_Sent: 0.0001 | L_DAMSM: -0.9979 | L_KL: 0.2353 | Gamma_DAMSM: 5.0000 | Lambda_KL: 2.0000
Step [1004] | D_Loss: 0.5953 | G_Loss: 4.4901 | G_GAN: 9.0000 | L_Words: -0.9973 | L_Sent: 0.0001 | L_DAMSM: -0.9972 | L_KL: 0.2382 | Gamma_DAMSM: 5.0000 | Lambda_KL: 2.0000
Step [1005] | D_Loss: 0.6397 | G_Loss: 4.2445 | G_GAN: 8.7531 | L_Words: -0.9975 | L_Sent: 0.0001 | L_DAMSM: -0.9974 | L_KL: 0.2391 | Gamma_DAMSM: 5.0000 | Lambda_KL: 2.0000
Step [1006] | D_Loss: 0.4740 | G_Loss: 3.2462 | G_GAN: 7.7512 | L_Words: -0.9974 | L_Sent: 0.0001 | L_DAMSM: -0.9974 | L_KL: 0.2410 | Gamma_DAMSM: 5.0000 | Lambda_KL: 2.0000
Step [1007] | D_Loss: 0.4114 | G_Loss: 3.6045 | G_GAN: 8.1131 | L_Words: -0.9978 | L_Sent: 0.0000 | L_DAMSM: -0.9977 | L_KL: 0.2401 | Gamma_DAMSM: 5.0000 | Lambda_KL: 2.0000
Step [1008] | D_Loss: 0.4613 | G_Loss: 8.9721 | G_GAN: 13.4828 | L_Words: -0.9984 | L_Sent: 0.0000 | L_DAMSM: -0.9984 | L_KL: 0.2406 | Gamma_DAMSM: 5.0000 | Lambda_KL: 2.0000
Step [1009] | D_Loss: 0.2053 | G_Loss: 7.2374 | G_GAN: 11.7255 | L_Words: -0.9951 | L_Sent: 0.0000 | L_DAMSM: -0.9950 | L_KL: 0.2436 | Gamma_DAMSM: 5.0000 | Lambda_KL: 2.0000
Step [1010] | D_Loss: 0.1796 | G_Loss: 8.4238 | G_GAN: 12.9238 | L_Words: -0.9976 | L_Sent: 0.0001 | L_DAMSM: -0.9975 | L_KL: 0.2439 | Gamma_DAMSM: 5.0000 | Lambda_KL: 2.0000
Step [1011] | D_Loss: 0.6630 | G_Loss: 5.9177 | G_GAN: 10.4158 | L_Words: -0.9974 | L_Sent: 0.0001 | L_DAMSM: -0.9973 | L_KL: 0.2441 | Gamma_DAMSM: 5.0000 | Lambda_KL: 2.0000
Step [1012] | D_Loss: 0.4569 | G_Loss: 6.0451 | G_GAN: 10.5442 | L_Words: -0.9977 | L_Sent: 0.0000 | L_DAMSM: -0.9976 | L_KL: 0.2445 | Gamma_DAMSM: 5.0000 | Lambda_KL: 2.0000
Step [1013] | D_Loss: 0.2149 | G_Loss: 6.0781 | G_GAN: 10.5795 | L_Words: -0.9985 | L_Sent: 0.0001 | L_DAMSM: -0.9984 | L_KL: 0.2454 | Gamma_DAMSM: 5.0000 | Lambda_KL: 2.0000
Step [1014] | D_Loss: 1.1770 | G_Loss: 4.9869 | G_GAN: 9.4784 | L_Words: -0.9958 | L_Sent: 0.0001 | L_DAMSM: -0.9957 | L_KL: 0.2435 | Gamma_DAMSM: 5.0000 | Lambda_KL: 2.0000
Step [1015] | D_Loss: 0.9613 | G_Loss: 4.5075 | G_GAN: 9.0126 | L_Words: -0.9978 | L_Sent: 0.0001 | L_DAMSM: -0.9977 | L_KL: 0.2416 | Gamma_DAMSM: 5.0000 | Lambda_KL: 2.0000
Step [1016] | D_Loss: 0.6723 | G_Loss: 2.7303 | G_GAN: 7.2298 | L_Words: -0.9986 | L_Sent: 0.0000 | L_DAMSM: -0.9986 | L_KL: 0.2467 | Gamma_DAMSM: 5.0000 | Lambda_KL: 2.0000
Step [1017] | D_Loss: 1.3289 | G_Loss: 5.7053 | G_GAN: 10.1963 | L_Words: -0.9984 | L_Sent: 0.0001 | L_DAMSM: -0.9983 | L_KL: 0.2502 | Gamma_DAMSM: 5.0000 | Lambda_KL: 2.0000
Step [1018] | D_Loss: 0.9929 | G_Loss: 8.2805 | G_GAN: 12.7708 | L_Words: -0.9984 | L_Sent: 0.0001 | L_DAMSM: -0.9984 | L_KL: 0.2507 | Gamma_DAMSM: 5.0000 | Lambda_KL: 2.0000
Step [1019] | D_Loss: 0.6875 | G_Loss: 3.4737 | G_GAN: 7.9570 | L_Words: -0.9982 | L_Sent: 0.0001 | L_DAMSM: -0.9982 | L_KL: 0.2537 | Gamma_DAMSM: 5.0000 | Lambda_KL: 2.0000
Step [1020] | D_Loss: 0.6476 | G_Loss: 3.5173 | G_GAN: 7.9983 | L_Words: -0.9975 | L_Sent: 0.0001 | L_DAMSM: -0.9973 | L_KL: 0.2529 | Gamma_DAMSM: 5.0000 | Lambda_KL: 2.0000
Step [1021] | D_Loss: 0.9302 | G_Loss: 2.9874 | G_GAN: 7.4719 | L_Words: -0.9986 | L_Sent: 0.0000 | L_DAMSM: -0.9986 | L_KL: 0.2542 | Gamma_DAMSM: 5.0000 | Lambda_KL: 2.0000
Step [1022] | D_Loss: 0.7804 | G_Loss: 2.7969 | G_GAN: 7.2758 | L_Words: -0.9978 | L_Sent: 0.0001 | L_DAMSM: -0.9977 | L_KL: 0.2549 | Gamma_DAMSM: 5.0000 | Lambda_KL: 2.0000
Step [1023] | D_Loss: 0.4580 | G_Loss: 4.6868 | G_GAN: 9.1670 | L_Words: -0.9977 | L_Sent: 0.0001 | L_DAMSM: -0.9976 | L_KL: 0.2540 | Gamma_DAMSM: 5.0000 | Lambda_KL: 2.0000
Step [1024] | D_Loss: 0.4676 | G_Loss: 4.1739 | G_GAN: 8.6449 | L_Words: -0.9965 | L_Sent: 0.0001 | L_DAMSM: -0.9964 | L_KL: 0.2555 | Gamma_DAMSM: 5.0000 | Lambda_KL: 2.0000
Step [1025] | D_Loss: 0.7334 | G_Loss: 1.7034 | G_GAN: 6.1803 | L_Words: -0.9973 | L_Sent: 0.0001 | L_DAMSM: -0.9972 | L_KL: 0.2546 | Gamma_DAMSM: 5.0000 | Lambda_KL: 2.0000
Step [1026] | D_Loss: 1.0476 | G_Loss: 2.3557 | G_GAN: 6.8401 | L_Words: -0.9981 | L_Sent: 0.0001 | L_DAMSM: -0.9980 | L_KL: 0.2528 | Gamma_DAMSM: 5.0000 | Lambda_KL: 2.0000
Step [1027] | D_Loss: 0.6565 | G_Loss: 5.2070 | G_GAN: 9.6959 | L_Words: -0.9985 | L_Sent: 0.0001 | L_DAMSM: -0.9984 | L_KL: 0.2516 | Gamma_DAMSM: 5.0000 | Lambda_KL: 2.0000
Step [1028] | D_Loss: 0.1163 | G_Loss: 5.4168 | G_GAN: 9.9044 | L_Words: -0.9978 | L_Sent: 0.0001 | L_DAMSM: -0.9978 | L_KL: 0.2506 | Gamma_DAMSM: 5.0000 | Lambda_KL: 2.0000
Step [1029] | D_Loss: 0.8632 | G_Loss: 5.4532 | G_GAN: 9.9487 | L_Words: -0.9985 | L_Sent: 0.0001 | L_DAMSM: -0.9985 | L_KL: 0.2485 | Gamma_DAMSM: 5.0000 | Lambda_KL: 2.0000
Step [1030] | D_Loss: 0.6699 | G_Loss: 6.1487 | G_GAN: 10.6428 | L_Words: -0.9980 | L_Sent: 0.0001 | L_DAMSM: -0.9979 | L_KL: 0.2478 | Gamma_DAMSM: 5.0000 | Lambda_KL: 2.0000
Step [1031] | D_Loss: 0.3840 | G_Loss: 4.1458 | G_GAN: 8.6338 | L_Words: -0.9974 | L_Sent: 0.0000 | L_DAMSM: -0.9974 | L_KL: 0.2495 | Gamma_DAMSM: 5.0000 | Lambda_KL: 2.0000
Step [1032] | D_Loss: 0.5174 | G_Loss: 2.3642 | G_GAN: 6.8488 | L_Words: -0.9973 | L_Sent: 0.0001 | L_DAMSM: -0.9972 | L_KL: 0.2507 | Gamma_DAMSM: 5.0000 | Lambda_KL: 2.0000
Step [1033] | D_Loss: 0.3945 | G_Loss: 4.0800 | G_GAN: 8.5638 | L_Words: -0.9984 | L_Sent: 0.0001 | L_DAMSM: -0.9983 | L_KL: 0.2539 | Gamma_DAMSM: 5.0000 | Lambda_KL: 2.0000
Step [1034] | D_Loss: 0.8502 | G_Loss: 3.2252 | G_GAN: 7.6822 | L_Words: -0.9946 | L_Sent: 0.0001 | L_DAMSM: -0.9945 | L_KL: 0.2577 | Gamma_DAMSM: 5.0000 | Lambda_KL: 2.0000
Step [1035] | D_Loss: 0.9090 | G_Loss: 2.2009 | G_GAN: 6.6669 | L_Words: -0.9971 | L_Sent: 0.0001 | L_DAMSM: -0.9969 | L_KL: 0.2594 | Gamma_DAMSM: 5.0000 | Lambda_KL: 2.0000
Step [1036] | D_Loss: 0.9274 | G_Loss: 4.1688 | G_GAN: 8.6401 | L_Words: -0.9978 | L_Sent: 0.0002 | L_DAMSM: -0.9977 | L_KL: 0.2585 | Gamma_DAMSM: 5.0000 | Lambda_KL: 2.0000
Step [1037] | D_Loss: 0.4691 | G_Loss: 3.9555 | G_GAN: 8.4284 | L_Words: -0.9978 | L_Sent: 0.0003 | L_DAMSM: -0.9975 | L_KL: 0.2572 | Gamma_DAMSM: 5.0000 | Lambda_KL: 2.0000
Step [1038] | D_Loss: 0.6106 | G_Loss: 4.7864 | G_GAN: 9.2636 | L_Words: -0.9982 | L_Sent: 0.0001 | L_DAMSM: -0.9981 | L_KL: 0.2565 | Gamma_DAMSM: 5.0000 | Lambda_KL: 2.0000
Step [1039] | D_Loss: 1.7278 | G_Loss: 3.5948 | G_GAN: 8.0740 | L_Words: -0.9981 | L_Sent: 0.0001 | L_DAMSM: -0.9980 | L_KL: 0.2554 | Gamma_DAMSM: 5.0000 | Lambda_KL: 2.0000
Step [1040] | D_Loss: 0.6646 | G_Loss: 4.5152 | G_GAN: 8.9977 | L_Words: -0.9985 | L_Sent: 0.0004 | L_DAMSM: -0.9982 | L_KL: 0.2542 | Gamma_DAMSM: 5.0000 | Lambda_KL: 2.0000
Step [1041] | D_Loss: 0.5286 | G_Loss: 5.0468 | G_GAN: 9.5270 | L_Words: -0.9979 | L_Sent: 0.0000 | L_DAMSM: -0.9979 | L_KL: 0.2546 | Gamma_DAMSM: 5.0000 | Lambda_KL: 2.0000
Step [1042] | D_Loss: 0.1824 | G_Loss: 3.9246 | G_GAN: 8.3969 | L_Words: -0.9977 | L_Sent: 0.0006 | L_DAMSM: -0.9970 | L_KL: 0.2564 | Gamma_DAMSM: 5.0000 | Lambda_KL: 2.0000
Step [1043] | D_Loss: 0.5189 | G_Loss: 5.2650 | G_GAN: 9.7432 | L_Words: -0.9985 | L_Sent: 0.0000 | L_DAMSM: -0.9985 | L_KL: 0.2571 | Gamma_DAMSM: 5.0000 | Lambda_KL: 2.0000
Step [1044] | D_Loss: 0.8423 | G_Loss: 7.9516 | G_GAN: 12.4251 | L_Words: -0.9974 | L_Sent: 0.0000 | L_DAMSM: -0.9973 | L_KL: 0.2566 | Gamma_DAMSM: 5.0000 | Lambda_KL: 2.0000
Step [1045] | D_Loss: 1.1697 | G_Loss: 3.8812 | G_GAN: 8.3599 | L_Words: -0.9985 | L_Sent: 0.0000 | L_DAMSM: -0.9984 | L_KL: 0.2567 | Gamma_DAMSM: 5.0000 | Lambda_KL: 2.0000
Step [1046] | D_Loss: 1.1545 | G_Loss: 2.1142 | G_GAN: 6.5906 | L_Words: -0.9983 | L_Sent: 0.0001 | L_DAMSM: -0.9982 | L_KL: 0.2573 | Gamma_DAMSM: 5.0000 | Lambda_KL: 2.0000
Step [1047] | D_Loss: 0.3836 | G_Loss: 6.9017 | G_GAN: 11.3774 | L_Words: -0.9981 | L_Sent: 0.0000 | L_DAMSM: -0.9981 | L_KL: 0.2574 | Gamma_DAMSM: 5.0000 | Lambda_KL: 2.0000
Step [1048] | D_Loss: 0.2625 | G_Loss: 6.6740 | G_GAN: 11.1538 | L_Words: -0.9973 | L_Sent: 0.0000 | L_DAMSM: -0.9972 | L_KL: 0.2532 | Gamma_DAMSM: 5.0000 | Lambda_KL: 2.0000
Step [1049] | D_Loss: 0.9180 | G_Loss: 1.6859 | G_GAN: 6.1720 | L_Words: -0.9982 | L_Sent: 0.0001 | L_DAMSM: -0.9981 | L_KL: 0.2523 | Gamma_DAMSM: 5.0000 | Lambda_KL: 2.0000
Step [1050] | D_Loss: 0.7479 | G_Loss: 6.6779 | G_GAN: 11.1644 | L_Words: -0.9977 | L_Sent: 0.0001 | L_DAMSM: -0.9976 | L_KL: 0.2509 | Gamma_DAMSM: 5.0000 | Lambda_KL: 2.0000
Step [1051] | D_Loss: 1.5087 | G_Loss: 3.6097 | G_GAN: 8.0968 | L_Words: -0.9974 | L_Sent: 0.0001 | L_DAMSM: -0.9973 | L_KL: 0.2498 | Gamma_DAMSM: 5.0000 | Lambda_KL: 2.0000
Step [1052] | D_Loss: 0.4636 | G_Loss: 2.6105 | G_GAN: 7.1037 | L_Words: -0.9979 | L_Sent: 0.0000 | L_DAMSM: -0.9979 | L_KL: 0.2480 | Gamma_DAMSM: 5.0000 | Lambda_KL: 2.0000
Step [1053] | D_Loss: 0.7290 | G_Loss: 7.3609 | G_GAN: 11.8636 | L_Words: -0.9986 | L_Sent: 0.0000 | L_DAMSM: -0.9986 | L_KL: 0.2452 | Gamma_DAMSM: 5.0000 | Lambda_KL: 2.0000
Step [1054] | D_Loss: 1.0378 | G_Loss: 3.6418 | G_GAN: 8.1431 | L_Words: -0.9980 | L_Sent: 0.0000 | L_DAMSM: -0.9980 | L_KL: 0.2443 | Gamma_DAMSM: 5.0000 | Lambda_KL: 2.0000
Step [1055] | D_Loss: 0.4581 | G_Loss: 5.7907 | G_GAN: 10.2900 | L_Words: -0.9977 | L_Sent: 0.0001 | L_DAMSM: -0.9977 | L_KL: 0.2446 | Gamma_DAMSM: 5.0000 | Lambda_KL: 2.0000
Step [1056] | D_Loss: 0.5370 | G_Loss: 6.2660 | G_GAN: 10.7673 | L_Words: -0.9972 | L_Sent: 0.0001 | L_DAMSM: -0.9972 | L_KL: 0.2423 | Gamma_DAMSM: 5.0000 | Lambda_KL: 2.0000
Step [1057] | D_Loss: 0.3830 | G_Loss: 6.0705 | G_GAN: 10.5728 | L_Words: -0.9976 | L_Sent: 0.0001 | L_DAMSM: -0.9976 | L_KL: 0.2428 | Gamma_DAMSM: 5.0000 | Lambda_KL: 2.0000
Step [1058] | D_Loss: 0.6013 | G_Loss: 1.9794 | G_GAN: 6.4791 | L_Words: -0.9971 | L_Sent: 0.0001 | L_DAMSM: -0.9970 | L_KL: 0.2428 | Gamma_DAMSM: 5.0000 | Lambda_KL: 2.0000
Step [1059] | D_Loss: 0.4508 | G_Loss: 2.6265 | G_GAN: 7.1324 | L_Words: -0.9978 | L_Sent: 0.0001 | L_DAMSM: -0.9977 | L_KL: 0.2414 | Gamma_DAMSM: 5.0000 | Lambda_KL: 2.0000
Step [1060] | D_Loss: 0.3575 | G_Loss: 4.9487 | G_GAN: 9.4501 | L_Words: -0.9975 | L_Sent: 0.0000 | L_DAMSM: -0.9975 | L_KL: 0.2430 | Gamma_DAMSM: 5.0000 | Lambda_KL: 2.0000
Step [1061] | D_Loss: 1.0637 | G_Loss: 3.4512 | G_GAN: 7.9516 | L_Words: -0.9972 | L_Sent: 0.0001 | L_DAMSM: -0.9971 | L_KL: 0.2426 | Gamma_DAMSM: 5.0000 | Lambda_KL: 2.0000
Step [1062] | D_Loss: 0.5440 | G_Loss: 4.4472 | G_GAN: 8.9511 | L_Words: -0.9979 | L_Sent: 0.0001 | L_DAMSM: -0.9978 | L_KL: 0.2426 | Gamma_DAMSM: 5.0000 | Lambda_KL: 2.0000
Step [1063] | D_Loss: 0.6916 | G_Loss: 4.0134 | G_GAN: 8.5184 | L_Words: -0.9978 | L_Sent: 0.0001 | L_DAMSM: -0.9978 | L_KL: 0.2419 | Gamma_DAMSM: 5.0000 | Lambda_KL: 2.0000
Step [1064] | D_Loss: 0.3818 | G_Loss: 3.7727 | G_GAN: 8.2798 | L_Words: -0.9986 | L_Sent: 0.0001 | L_DAMSM: -0.9986 | L_KL: 0.2429 | Gamma_DAMSM: 5.0000 | Lambda_KL: 2.0000
Step [1065] | D_Loss: 1.8899 | G_Loss: 1.2111 | G_GAN: 5.7041 | L_Words: -0.9961 | L_Sent: 0.0001 | L_DAMSM: -0.9959 | L_KL: 0.2433 | Gamma_DAMSM: 5.0000 | Lambda_KL: 2.0000
Step [1066] | D_Loss: 0.6581 | G_Loss: 3.8830 | G_GAN: 8.3945 | L_Words: -0.9988 | L_Sent: 0.0000 | L_DAMSM: -0.9988 | L_KL: 0.2413 | Gamma_DAMSM: 5.0000 | Lambda_KL: 2.0000
Step [1067] | D_Loss: 0.8818 | G_Loss: 2.8860 | G_GAN: 7.3972 | L_Words: -0.9980 | L_Sent: 0.0001 | L_DAMSM: -0.9979 | L_KL: 0.2391 | Gamma_DAMSM: 5.0000 | Lambda_KL: 2.0000
Step [1068] | D_Loss: 0.7086 | G_Loss: 3.4380 | G_GAN: 7.9524 | L_Words: -0.9979 | L_Sent: 0.0001 | L_DAMSM: -0.9978 | L_KL: 0.2373 | Gamma_DAMSM: 5.0000 | Lambda_KL: 2.0000
Step [1069] | D_Loss: 0.2795 | G_Loss: 3.6204 | G_GAN: 8.1393 | L_Words: -0.9981 | L_Sent: 0.0000 | L_DAMSM: -0.9981 | L_KL: 0.2356 | Gamma_DAMSM: 5.0000 | Lambda_KL: 2.0000
Step [1070] | D_Loss: 0.5368 | G_Loss: 2.6022 | G_GAN: 7.1076 | L_Words: -0.9951 | L_Sent: 0.0001 | L_DAMSM: -0.9950 | L_KL: 0.2348 | Gamma_DAMSM: 5.0000 | Lambda_KL: 2.0000
Step [1071] | D_Loss: 0.9763 | G_Loss: 2.1393 | G_GAN: 6.6601 | L_Words: -0.9980 | L_Sent: 0.0001 | L_DAMSM: -0.9979 | L_KL: 0.2344 | Gamma_DAMSM: 5.0000 | Lambda_KL: 2.0000
Step [1072] | D_Loss: 0.3267 | G_Loss: 2.2263 | G_GAN: 6.7495 | L_Words: -0.9983 | L_Sent: 0.0001 | L_DAMSM: -0.9983 | L_KL: 0.2340 | Gamma_DAMSM: 5.0000 | Lambda_KL: 2.0000
Step [1073] | D_Loss: 0.9466 | G_Loss: 3.4250 | G_GAN: 7.9438 | L_Words: -0.9973 | L_Sent: 0.0000 | L_DAMSM: -0.9973 | L_KL: 0.2338 | Gamma_DAMSM: 5.0000 | Lambda_KL: 2.0000
Step [1074] | D_Loss: 0.8143 | G_Loss: 3.4419 | G_GAN: 7.9589 | L_Words: -0.9968 | L_Sent: 0.0001 | L_DAMSM: -0.9967 | L_KL: 0.2333 | Gamma_DAMSM: 5.0000 | Lambda_KL: 2.0000
Step [1075] | D_Loss: 0.6464 | G_Loss: 3.6314 | G_GAN: 8.1517 | L_Words: -0.9979 | L_Sent: 0.0001 | L_DAMSM: -0.9978 | L_KL: 0.2344 | Gamma_DAMSM: 5.0000 | Lambda_KL: 2.0000
Step [1076] | D_Loss: 0.6821 | G_Loss: 4.8261 | G_GAN: 9.3479 | L_Words: -0.9977 | L_Sent: 0.0001 | L_DAMSM: -0.9976 | L_KL: 0.2332 | Gamma_DAMSM: 5.0000 | Lambda_KL: 2.0000
Step [1077] | D_Loss: 0.3729 | G_Loss: 3.9116 | G_GAN: 8.4384 | L_Words: -0.9981 | L_Sent: 0.0001 | L_DAMSM: -0.9980 | L_KL: 0.2317 | Gamma_DAMSM: 5.0000 | Lambda_KL: 2.0000
Step [1078] | D_Loss: 0.4502 | G_Loss: 7.1923 | G_GAN: 11.7251 | L_Words: -0.9984 | L_Sent: 0.0001 | L_DAMSM: -0.9984 | L_KL: 0.2295 | Gamma_DAMSM: 5.0000 | Lambda_KL: 2.0000
Step [1079] | D_Loss: 0.4938 | G_Loss: 4.2769 | G_GAN: 8.8122 | L_Words: -0.9984 | L_Sent: 0.0001 | L_DAMSM: -0.9983 | L_KL: 0.2281 | Gamma_DAMSM: 5.0000 | Lambda_KL: 2.0000
Step [1080] | D_Loss: 0.7559 | G_Loss: 3.3337 | G_GAN: 7.8716 | L_Words: -0.9980 | L_Sent: 0.0000 | L_DAMSM: -0.9980 | L_KL: 0.2260 | Gamma_DAMSM: 5.0000 | Lambda_KL: 2.0000
Step [1081] | D_Loss: 1.7782 | G_Loss: 1.8436 | G_GAN: 6.3853 | L_Words: -0.9984 | L_Sent: 0.0002 | L_DAMSM: -0.9981 | L_KL: 0.2245 | Gamma_DAMSM: 5.0000 | Lambda_KL: 2.0000
Step [1082] | D_Loss: 1.1669 | G_Loss: 4.9622 | G_GAN: 9.5021 | L_Words: -0.9980 | L_Sent: 0.0000 | L_DAMSM: -0.9979 | L_KL: 0.2249 | Gamma_DAMSM: 5.0000 | Lambda_KL: 2.0000
Step [1083] | D_Loss: 0.2793 | G_Loss: 6.5082 | G_GAN: 11.0470 | L_Words: -0.9977 | L_Sent: 0.0000 | L_DAMSM: -0.9977 | L_KL: 0.2248 | Gamma_DAMSM: 5.0000 | Lambda_KL: 2.0000
Step [1084] | D_Loss: 0.3882 | G_Loss: 6.4168 | G_GAN: 10.9528 | L_Words: -0.9972 | L_Sent: 0.0001 | L_DAMSM: -0.9971 | L_KL: 0.2249 | Gamma_DAMSM: 5.0000 | Lambda_KL: 2.0000
Step [1085] | D_Loss: 0.3533 | G_Loss: 5.2163 | G_GAN: 9.7560 | L_Words: -0.9983 | L_Sent: 0.0001 | L_DAMSM: -0.9983 | L_KL: 0.2259 | Gamma_DAMSM: 5.0000 | Lambda_KL: 2.0000
Step [1086] | D_Loss: 0.4460 | G_Loss: 5.8442 | G_GAN: 10.3810 | L_Words: -0.9980 | L_Sent: 0.0000 | L_DAMSM: -0.9979 | L_KL: 0.2264 | Gamma_DAMSM: 5.0000 | Lambda_KL: 2.0000
Step [1087] | D_Loss: 0.3899 | G_Loss: 6.5551 | G_GAN: 11.0863 | L_Words: -0.9977 | L_Sent: 0.0001 | L_DAMSM: -0.9976 | L_KL: 0.2284 | Gamma_DAMSM: 5.0000 | Lambda_KL: 2.0000
Step [1088] | D_Loss: 0.2873 | G_Loss: 4.8914 | G_GAN: 9.4221 | L_Words: -0.9981 | L_Sent: 0.0000 | L_DAMSM: -0.9981 | L_KL: 0.2299 | Gamma_DAMSM: 5.0000 | Lambda_KL: 2.0000
Step [1089] | D_Loss: 0.3552 | G_Loss: 2.8392 | G_GAN: 7.3653 | L_Words: -0.9981 | L_Sent: 0.0001 | L_DAMSM: -0.9981 | L_KL: 0.2321 | Gamma_DAMSM: 5.0000 | Lambda_KL: 2.0000
Step [1090] | D_Loss: 0.5120 | G_Loss: 6.9548 | G_GAN: 11.4630 | L_Words: -0.9956 | L_Sent: 0.0000 | L_DAMSM: -0.9956 | L_KL: 0.2348 | Gamma_DAMSM: 5.0000 | Lambda_KL: 2.0000
Step [1091] | D_Loss: 0.4377 | G_Loss: 4.5427 | G_GAN: 9.0560 | L_Words: -0.9976 | L_Sent: 0.0000 | L_DAMSM: -0.9976 | L_KL: 0.2374 | Gamma_DAMSM: 5.0000 | Lambda_KL: 2.0000
Step [1092] | D_Loss: 0.9515 | G_Loss: 5.5163 | G_GAN: 10.0369 | L_Words: -0.9984 | L_Sent: 0.0000 | L_DAMSM: -0.9983 | L_KL: 0.2355 | Gamma_DAMSM: 5.0000 | Lambda_KL: 2.0000
Step [1093] | D_Loss: 0.2572 | G_Loss: 6.0044 | G_GAN: 10.5262 | L_Words: -0.9982 | L_Sent: 0.0000 | L_DAMSM: -0.9981 | L_KL: 0.2344 | Gamma_DAMSM: 5.0000 | Lambda_KL: 2.0000
Step [1094] | D_Loss: 0.5036 | G_Loss: 8.3136 | G_GAN: 12.8307 | L_Words: -0.9966 | L_Sent: 0.0001 | L_DAMSM: -0.9966 | L_KL: 0.2329 | Gamma_DAMSM: 5.0000 | Lambda_KL: 2.0000
Step [1095] | D_Loss: 1.4999 | G_Loss: 2.0774 | G_GAN: 6.5984 | L_Words: -0.9977 | L_Sent: 0.0000 | L_DAMSM: -0.9976 | L_KL: 0.2336 | Gamma_DAMSM: 5.0000 | Lambda_KL: 2.0000
Step [1096] | D_Loss: 0.8408 | G_Loss: 6.1244 | G_GAN: 10.6399 | L_Words: -0.9970 | L_Sent: 0.0001 | L_DAMSM: -0.9969 | L_KL: 0.2345 | Gamma_DAMSM: 5.0000 | Lambda_KL: 2.0000
Step [1097] | D_Loss: 1.2737 | G_Loss: 4.0703 | G_GAN: 8.5733 | L_Words: -0.9949 | L_Sent: 0.0001 | L_DAMSM: -0.9948 | L_KL: 0.2356 | Gamma_DAMSM: 5.0000 | Lambda_KL: 2.0000
Step [1098] | D_Loss: 1.0423 | G_Loss: 4.0737 | G_GAN: 8.5886 | L_Words: -0.9978 | L_Sent: 0.0001 | L_DAMSM: -0.9978 | L_KL: 0.2370 | Gamma_DAMSM: 5.0000 | Lambda_KL: 2.0000
Step [1099] | D_Loss: 0.8623 | G_Loss: 5.7124 | G_GAN: 10.2315 | L_Words: -0.9981 | L_Sent: 0.0001 | L_DAMSM: -0.9981 | L_KL: 0.2356 | Gamma_DAMSM: 5.0000 | Lambda_KL: 2.0000
Step [1100] | D_Loss: 0.5423 | G_Loss: 5.7124 | G_GAN: 10.2234 | L_Words: -0.9965 | L_Sent: 0.0001 | L_DAMSM: -0.9964 | L_KL: 0.2356 | Gamma_DAMSM: 5.0000 | Lambda_KL: 2.0000
Step [1101] | D_Loss: 1.8368 | G_Loss: 3.0343 | G_GAN: 7.5556 | L_Words: -0.9974 | L_Sent: 0.0001 | L_DAMSM: -0.9973 | L_KL: 0.2327 | Gamma_DAMSM: 5.0000 | Lambda_KL: 2.0000
Step [1102] | D_Loss: 0.5888 | G_Loss: 3.8376 | G_GAN: 8.3602 | L_Words: -0.9973 | L_Sent: 0.0000 | L_DAMSM: -0.9972 | L_KL: 0.2318 | Gamma_DAMSM: 5.0000 | Lambda_KL: 2.0000
Step [1103] | D_Loss: 0.3449 | G_Loss: 2.9729 | G_GAN: 7.4972 | L_Words: -0.9974 | L_Sent: 0.0001 | L_DAMSM: -0.9973 | L_KL: 0.2312 | Gamma_DAMSM: 5.0000 | Lambda_KL: 2.0000
Step [1104] | D_Loss: 0.4670 | G_Loss: 5.0077 | G_GAN: 9.5272 | L_Words: -0.9954 | L_Sent: 0.0001 | L_DAMSM: -0.9953 | L_KL: 0.2284 | Gamma_DAMSM: 5.0000 | Lambda_KL: 2.0000
Step [1105] | D_Loss: 0.6574 | G_Loss: 2.9688 | G_GAN: 7.4996 | L_Words: -0.9970 | L_Sent: 0.0001 | L_DAMSM: -0.9969 | L_KL: 0.2269 | Gamma_DAMSM: 5.0000 | Lambda_KL: 2.0000
Step [1106] | D_Loss: 0.5416 | G_Loss: 2.2679 | G_GAN: 6.8090 | L_Words: -0.9979 | L_Sent: 0.0001 | L_DAMSM: -0.9978 | L_KL: 0.2240 | Gamma_DAMSM: 5.0000 | Lambda_KL: 2.0000
Step [1107] | D_Loss: 0.3878 | G_Loss: 5.8165 | G_GAN: 10.3583 | L_Words: -0.9976 | L_Sent: 0.0001 | L_DAMSM: -0.9975 | L_KL: 0.2228 | Gamma_DAMSM: 5.0000 | Lambda_KL: 2.0000
Step [1108] | D_Loss: 0.8520 | G_Loss: 3.1431 | G_GAN: 7.6923 | L_Words: -0.9986 | L_Sent: 0.0000 | L_DAMSM: -0.9986 | L_KL: 0.2218 | Gamma_DAMSM: 5.0000 | Lambda_KL: 2.0000
Step [1109] | D_Loss: 0.5157 | G_Loss: 2.9241 | G_GAN: 7.4759 | L_Words: -0.9977 | L_Sent: 0.0001 | L_DAMSM: -0.9976 | L_KL: 0.2180 | Gamma_DAMSM: 5.0000 | Lambda_KL: 2.0000
Step [1110] | D_Loss: 0.5174 | G_Loss: 3.3382 | G_GAN: 7.8946 | L_Words: -0.9974 | L_Sent: 0.0001 | L_DAMSM: -0.9973 | L_KL: 0.2151 | Gamma_DAMSM: 5.0000 | Lambda_KL: 2.0000
Step [1111] | D_Loss: 0.5217 | G_Loss: 7.8739 | G_GAN: 12.4303 | L_Words: -0.9976 | L_Sent: 0.0001 | L_DAMSM: -0.9975 | L_KL: 0.2157 | Gamma_DAMSM: 5.0000 | Lambda_KL: 2.0000
Step [1112] | D_Loss: 0.7303 | G_Loss: 5.4673 | G_GAN: 10.0205 | L_Words: -0.9972 | L_Sent: 0.0001 | L_DAMSM: -0.9971 | L_KL: 0.2162 | Gamma_DAMSM: 5.0000 | Lambda_KL: 2.0000
Step [1113] | D_Loss: 0.2306 | G_Loss: 6.6137 | G_GAN: 11.1604 | L_Words: -0.9957 | L_Sent: 0.0001 | L_DAMSM: -0.9956 | L_KL: 0.2158 | Gamma_DAMSM: 5.0000 | Lambda_KL: 2.0000
Step [1114] | D_Loss: 0.2024 | G_Loss: 5.9961 | G_GAN: 10.5553 | L_Words: -0.9981 | L_Sent: 0.0000 | L_DAMSM: -0.9980 | L_KL: 0.2154 | Gamma_DAMSM: 5.0000 | Lambda_KL: 2.0000
Step [1115] | D_Loss: 0.2859 | G_Loss: 4.2141 | G_GAN: 8.7663 | L_Words: -0.9970 | L_Sent: 0.0001 | L_DAMSM: -0.9969 | L_KL: 0.2160 | Gamma_DAMSM: 5.0000 | Lambda_KL: 2.0000
Step [1116] | D_Loss: 0.3257 | G_Loss: 3.1027 | G_GAN: 7.6523 | L_Words: -0.9969 | L_Sent: 0.0001 | L_DAMSM: -0.9968 | L_KL: 0.2172 | Gamma_DAMSM: 5.0000 | Lambda_KL: 2.0000
Step [1117] | D_Loss: 0.6256 | G_Loss: 11.3713 | G_GAN: 15.9260 | L_Words: -0.9978 | L_Sent: 0.0001 | L_DAMSM: -0.9976 | L_KL: 0.2168 | Gamma_DAMSM: 5.0000 | Lambda_KL: 2.0000
Step [1118] | D_Loss: 0.4859 | G_Loss: 10.7274 | G_GAN: 15.2772 | L_Words: -0.9973 | L_Sent: 0.0001 | L_DAMSM: -0.9972 | L_KL: 0.2180 | Gamma_DAMSM: 5.0000 | Lambda_KL: 2.0000
Step [1119] | D_Loss: 0.6436 | G_Loss: 4.7368 | G_GAN: 9.2900 | L_Words: -0.9975 | L_Sent: 0.0001 | L_DAMSM: -0.9974 | L_KL: 0.2169 | Gamma_DAMSM: 5.0000 | Lambda_KL: 2.0000
Step [1120] | D_Loss: 0.9386 | G_Loss: 2.9899 | G_GAN: 7.5408 | L_Words: -0.9966 | L_Sent: 0.0001 | L_DAMSM: -0.9965 | L_KL: 0.2158 | Gamma_DAMSM: 5.0000 | Lambda_KL: 2.0000
Step [1121] | D_Loss: 1.2975 | G_Loss: 5.9645 | G_GAN: 10.5204 | L_Words: -0.9976 | L_Sent: 0.0003 | L_DAMSM: -0.9973 | L_KL: 0.2152 | Gamma_DAMSM: 5.0000 | Lambda_KL: 2.0000
Step [1122] | D_Loss: 0.4720 | G_Loss: 7.5645 | G_GAN: 12.1259 | L_Words: -0.9981 | L_Sent: 0.0001 | L_DAMSM: -0.9980 | L_KL: 0.2144 | Gamma_DAMSM: 5.0000 | Lambda_KL: 2.0000
Step [1123] | D_Loss: 0.3360 | G_Loss: 5.9758 | G_GAN: 10.5356 | L_Words: -0.9986 | L_Sent: 0.0004 | L_DAMSM: -0.9981 | L_KL: 0.2154 | Gamma_DAMSM: 5.0000 | Lambda_KL: 2.0000
Step [1124] | D_Loss: 0.9010 | G_Loss: 3.3327 | G_GAN: 7.8934 | L_Words: -0.9980 | L_Sent: 0.0002 | L_DAMSM: -0.9978 | L_KL: 0.2140 | Gamma_DAMSM: 5.0000 | Lambda_KL: 2.0000
Step [1125] | D_Loss: 1.2730 | G_Loss: 8.3698 | G_GAN: 12.9261 | L_Words: -0.9976 | L_Sent: 0.0001 | L_DAMSM: -0.9975 | L_KL: 0.2155 | Gamma_DAMSM: 5.0000 | Lambda_KL: 2.0000
Step [1126] | D_Loss: 0.1199 | G_Loss: 9.5004 | G_GAN: 14.0513 | L_Words: -0.9980 | L_Sent: 0.0010 | L_DAMSM: -0.9970 | L_KL: 0.2170 | Gamma_DAMSM: 5.0000 | Lambda_KL: 2.0000
Step [1127] | D_Loss: 0.4449 | G_Loss: 6.3860 | G_GAN: 10.9253 | L_Words: -0.9956 | L_Sent: 0.0001 | L_DAMSM: -0.9955 | L_KL: 0.2191 | Gamma_DAMSM: 5.0000 | Lambda_KL: 2.0000
Step [1128] | D_Loss: 0.3999 | G_Loss: 6.3652 | G_GAN: 10.9183 | L_Words: -0.9983 | L_Sent: 0.0002 | L_DAMSM: -0.9981 | L_KL: 0.2186 | Gamma_DAMSM: 5.0000 | Lambda_KL: 2.0000
Step [1129] | D_Loss: 0.3329 | G_Loss: 8.6679 | G_GAN: 13.2238 | L_Words: -0.9980 | L_Sent: 0.0000 | L_DAMSM: -0.9979 | L_KL: 0.2169 | Gamma_DAMSM: 5.0000 | Lambda_KL: 2.0000
Step [1130] | D_Loss: 0.9589 | G_Loss: 8.1263 | G_GAN: 12.6827 | L_Words: -0.9974 | L_Sent: 0.0000 | L_DAMSM: -0.9974 | L_KL: 0.2153 | Gamma_DAMSM: 5.0000 | Lambda_KL: 2.0000
Step [1131] | D_Loss: 0.3711 | G_Loss: 6.0511 | G_GAN: 10.6130 | L_Words: -0.9982 | L_Sent: 0.0000 | L_DAMSM: -0.9981 | L_KL: 0.2143 | Gamma_DAMSM: 5.0000 | Lambda_KL: 2.0000
Step [1132] | D_Loss: 0.6031 | G_Loss: 10.4284 | G_GAN: 14.9938 | L_Words: -0.9986 | L_Sent: 0.0000 | L_DAMSM: -0.9986 | L_KL: 0.2137 | Gamma_DAMSM: 5.0000 | Lambda_KL: 2.0000
Step [1133] | D_Loss: 0.5548 | G_Loss: 9.5467 | G_GAN: 14.1002 | L_Words: -0.9971 | L_Sent: 0.0002 | L_DAMSM: -0.9969 | L_KL: 0.2154 | Gamma_DAMSM: 5.0000 | Lambda_KL: 2.0000
Step [1134] | D_Loss: 0.8264 | G_Loss: 7.9825 | G_GAN: 12.5352 | L_Words: -0.9973 | L_Sent: 0.0001 | L_DAMSM: -0.9972 | L_KL: 0.2166 | Gamma_DAMSM: 5.0000 | Lambda_KL: 2.0000
Step [1135] | D_Loss: 1.3035 | G_Loss: 5.2745 | G_GAN: 9.8256 | L_Words: -0.9976 | L_Sent: 0.0001 | L_DAMSM: -0.9974 | L_KL: 0.2181 | Gamma_DAMSM: 5.0000 | Lambda_KL: 2.0000
Step [1136] | D_Loss: 1.6733 | G_Loss: -0.2859 | G_GAN: 4.2679 | L_Words: -0.9981 | L_Sent: 0.0001 | L_DAMSM: -0.9980 | L_KL: 0.2180 | Gamma_DAMSM: 5.0000 | Lambda_KL: 2.0000
Step [1137] | D_Loss: 0.8510 | G_Loss: 2.6176 | G_GAN: 7.1649 | L_Words: -0.9970 | L_Sent: 0.0005 | L_DAMSM: -0.9965 | L_KL: 0.2177 | Gamma_DAMSM: 5.0000 | Lambda_KL: 2.0000
Step [1138] | D_Loss: 0.5993 | G_Loss: 5.3549 | G_GAN: 9.9053 | L_Words: -0.9970 | L_Sent: 0.0001 | L_DAMSM: -0.9969 | L_KL: 0.2171 | Gamma_DAMSM: 5.0000 | Lambda_KL: 2.0000
Step [1139] | D_Loss: 0.7978 | G_Loss: 5.9684 | G_GAN: 10.5288 | L_Words: -0.9983 | L_Sent: 0.0000 | L_DAMSM: -0.9982 | L_KL: 0.2154 | Gamma_DAMSM: 5.0000 | Lambda_KL: 2.0000
Step [1140] | D_Loss: 0.3306 | G_Loss: 5.3373 | G_GAN: 9.8983 | L_Words: -0.9979 | L_Sent: 0.0001 | L_DAMSM: -0.9978 | L_KL: 0.2139 | Gamma_DAMSM: 5.0000 | Lambda_KL: 2.0000
Step [1141] | D_Loss: 0.7332 | G_Loss: 4.0971 | G_GAN: 8.6621 | L_Words: -0.9981 | L_Sent: 0.0001 | L_DAMSM: -0.9981 | L_KL: 0.2127 | Gamma_DAMSM: 5.0000 | Lambda_KL: 2.0000
Step [1142] | D_Loss: 0.8657 | G_Loss: 5.1380 | G_GAN: 9.7064 | L_Words: -0.9982 | L_Sent: 0.0001 | L_DAMSM: -0.9981 | L_KL: 0.2111 | Gamma_DAMSM: 5.0000 | Lambda_KL: 2.0000
Step [1143] | D_Loss: 1.1049 | G_Loss: 2.5460 | G_GAN: 7.1167 | L_Words: -0.9980 | L_Sent: 0.0001 | L_DAMSM: -0.9979 | L_KL: 0.2094 | Gamma_DAMSM: 5.0000 | Lambda_KL: 2.0000
Step [1144] | D_Loss: 0.5328 | G_Loss: 5.8000 | G_GAN: 10.3660 | L_Words: -0.9965 | L_Sent: 0.0001 | L_DAMSM: -0.9964 | L_KL: 0.2080 | Gamma_DAMSM: 5.0000 | Lambda_KL: 2.0000
Step [1145] | D_Loss: 0.7419 | G_Loss: 5.6109 | G_GAN: 10.1852 | L_Words: -0.9981 | L_Sent: 0.0000 | L_DAMSM: -0.9980 | L_KL: 0.2079 | Gamma_DAMSM: 5.0000 | Lambda_KL: 2.0000
Step [1146] | D_Loss: 0.8454 | G_Loss: 3.1368 | G_GAN: 7.7074 | L_Words: -0.9978 | L_Sent: 0.0001 | L_DAMSM: -0.9977 | L_KL: 0.2090 | Gamma_DAMSM: 5.0000 | Lambda_KL: 2.0000
Step [1147] | D_Loss: 0.8096 | G_Loss: 1.1969 | G_GAN: 5.7681 | L_Words: -0.9982 | L_Sent: 0.0001 | L_DAMSM: -0.9981 | L_KL: 0.2098 | Gamma_DAMSM: 5.0000 | Lambda_KL: 2.0000
Step [1148] | D_Loss: 0.2708 | G_Loss: 3.0693 | G_GAN: 7.6403 | L_Words: -0.9975 | L_Sent: 0.0000 | L_DAMSM: -0.9975 | L_KL: 0.2082 | Gamma_DAMSM: 5.0000 | Lambda_KL: 2.0000
Step [1149] | D_Loss: 0.4848 | G_Loss: 5.0231 | G_GAN: 9.5913 | L_Words: -0.9961 | L_Sent: 0.0001 | L_DAMSM: -0.9960 | L_KL: 0.2059 | Gamma_DAMSM: 5.0000 | Lambda_KL: 2.0000
Step [1150] | D_Loss: 0.2690 | G_Loss: 7.5056 | G_GAN: 12.0870 | L_Words: -0.9980 | L_Sent: 0.0001 | L_DAMSM: -0.9979 | L_KL: 0.2040 | Gamma_DAMSM: 5.0000 | Lambda_KL: 2.0000
Step [1151] | D_Loss: 0.6222 | G_Loss: 6.3070 | G_GAN: 10.8909 | L_Words: -0.9979 | L_Sent: 0.0001 | L_DAMSM: -0.9978 | L_KL: 0.2026 | Gamma_DAMSM: 5.0000 | Lambda_KL: 2.0000
Step [1152] | D_Loss: 0.4434 | G_Loss: 5.7502 | G_GAN: 10.3270 | L_Words: -0.9967 | L_Sent: 0.0001 | L_DAMSM: -0.9966 | L_KL: 0.2031 | Gamma_DAMSM: 5.0000 | Lambda_KL: 2.0000
Step [1153] | D_Loss: 0.8999 | G_Loss: 2.1390 | G_GAN: 6.7085 | L_Words: -0.9951 | L_Sent: 0.0001 | L_DAMSM: -0.9950 | L_KL: 0.2026 | Gamma_DAMSM: 5.0000 | Lambda_KL: 2.0000
Step [1154] | D_Loss: 1.1085 | G_Loss: 6.6699 | G_GAN: 11.2542 | L_Words: -0.9979 | L_Sent: 0.0000 | L_DAMSM: -0.9978 | L_KL: 0.2024 | Gamma_DAMSM: 5.0000 | Lambda_KL: 2.0000
Step [1155] | D_Loss: 0.7416 | G_Loss: 6.0104 | G_GAN: 10.5974 | L_Words: -0.9977 | L_Sent: 0.0000 | L_DAMSM: -0.9977 | L_KL: 0.2008 | Gamma_DAMSM: 5.0000 | Lambda_KL: 2.0000
Step [1156] | D_Loss: 0.5849 | G_Loss: 7.8035 | G_GAN: 12.3908 | L_Words: -0.9980 | L_Sent: 0.0002 | L_DAMSM: -0.9979 | L_KL: 0.2010 | Gamma_DAMSM: 5.0000 | Lambda_KL: 2.0000
Step [1157] | D_Loss: 1.0463 | G_Loss: 1.5396 | G_GAN: 6.1168 | L_Words: -0.9962 | L_Sent: 0.0002 | L_DAMSM: -0.9960 | L_KL: 0.2014 | Gamma_DAMSM: 5.0000 | Lambda_KL: 2.0000
Step [1158] | D_Loss: 1.0951 | G_Loss: 3.4816 | G_GAN: 8.0650 | L_Words: -0.9969 | L_Sent: 0.0001 | L_DAMSM: -0.9968 | L_KL: 0.2004 | Gamma_DAMSM: 5.0000 | Lambda_KL: 2.0000
Step [1159] | D_Loss: 0.9511 | G_Loss: 4.7157 | G_GAN: 9.3076 | L_Words: -0.9984 | L_Sent: 0.0002 | L_DAMSM: -0.9982 | L_KL: 0.1996 | Gamma_DAMSM: 5.0000 | Lambda_KL: 2.0000
Step [1160] | D_Loss: 0.9795 | G_Loss: 1.5109 | G_GAN: 6.1020 | L_Words: -0.9982 | L_Sent: 0.0002 | L_DAMSM: -0.9980 | L_KL: 0.1994 | Gamma_DAMSM: 5.0000 | Lambda_KL: 2.0000
Step [1161] | D_Loss: 0.8630 | G_Loss: 3.8007 | G_GAN: 8.3823 | L_Words: -0.9969 | L_Sent: 0.0000 | L_DAMSM: -0.9969 | L_KL: 0.2014 | Gamma_DAMSM: 5.0000 | Lambda_KL: 2.0000
Step [1162] | D_Loss: 0.7343 | G_Loss: 3.5518 | G_GAN: 8.1372 | L_Words: -0.9977 | L_Sent: 0.0001 | L_DAMSM: -0.9976 | L_KL: 0.2012 | Gamma_DAMSM: 5.0000 | Lambda_KL: 2.0000
Step [1163] | D_Loss: 0.8788 | G_Loss: 4.2593 | G_GAN: 8.8483 | L_Words: -0.9976 | L_Sent: 0.0001 | L_DAMSM: -0.9975 | L_KL: 0.1993 | Gamma_DAMSM: 5.0000 | Lambda_KL: 2.0000
Step [1164] | D_Loss: 0.8887 | G_Loss: 4.0062 | G_GAN: 8.5976 | L_Words: -0.9971 | L_Sent: 0.0001 | L_DAMSM: -0.9970 | L_KL: 0.1969 | Gamma_DAMSM: 5.0000 | Lambda_KL: 2.0000
Step [1165] | D_Loss: 0.5763 | G_Loss: 3.5478 | G_GAN: 8.1460 | L_Words: -0.9979 | L_Sent: 0.0001 | L_DAMSM: -0.9978 | L_KL: 0.1953 | Gamma_DAMSM: 5.0000 | Lambda_KL: 2.0000
Step [1166] | D_Loss: 0.5433 | G_Loss: 1.2939 | G_GAN: 5.8930 | L_Words: -0.9981 | L_Sent: 0.0001 | L_DAMSM: -0.9980 | L_KL: 0.1956 | Gamma_DAMSM: 5.0000 | Lambda_KL: 2.0000
Step [1167] | D_Loss: 0.6899 | G_Loss: 0.0607 | G_GAN: 4.6494 | L_Words: -0.9964 | L_Sent: 0.0001 | L_DAMSM: -0.9963 | L_KL: 0.1965 | Gamma_DAMSM: 5.0000 | Lambda_KL: 2.0000
Step [1168] | D_Loss: 0.5413 | G_Loss: 4.3946 | G_GAN: 8.9868 | L_Words: -0.9981 | L_Sent: 0.0002 | L_DAMSM: -0.9978 | L_KL: 0.1985 | Gamma_DAMSM: 5.0000 | Lambda_KL: 2.0000
Step [1169] | D_Loss: 0.4740 | G_Loss: 5.5131 | G_GAN: 10.1015 | L_Words: -0.9982 | L_Sent: 0.0001 | L_DAMSM: -0.9982 | L_KL: 0.2012 | Gamma_DAMSM: 5.0000 | Lambda_KL: 2.0000
Step [1170] | D_Loss: 0.5118 | G_Loss: 5.7460 | G_GAN: 10.3271 | L_Words: -0.9975 | L_Sent: 0.0001 | L_DAMSM: -0.9974 | L_KL: 0.2030 | Gamma_DAMSM: 5.0000 | Lambda_KL: 2.0000
Step [1171] | D_Loss: 0.2181 | G_Loss: 7.5208 | G_GAN: 12.1020 | L_Words: -0.9982 | L_Sent: 0.0001 | L_DAMSM: -0.9981 | L_KL: 0.2047 | Gamma_DAMSM: 5.0000 | Lambda_KL: 2.0000
Step [1172] | D_Loss: 0.3233 | G_Loss: 6.7660 | G_GAN: 11.3447 | L_Words: -0.9978 | L_Sent: 0.0001 | L_DAMSM: -0.9977 | L_KL: 0.2050 | Gamma_DAMSM: 5.0000 | Lambda_KL: 2.0000
Step [1173] | D_Loss: 0.6310 | G_Loss: 3.4845 | G_GAN: 8.0717 | L_Words: -0.9985 | L_Sent: 0.0002 | L_DAMSM: -0.9983 | L_KL: 0.2021 | Gamma_DAMSM: 5.0000 | Lambda_KL: 2.0000
Step [1174] | D_Loss: 1.0531 | G_Loss: 9.4503 | G_GAN: 14.0376 | L_Words: -0.9973 | L_Sent: 0.0003 | L_DAMSM: -0.9970 | L_KL: 0.1989 | Gamma_DAMSM: 5.0000 | Lambda_KL: 2.0000
Step [1175] | D_Loss: 0.3806 | G_Loss: 8.7195 | G_GAN: 13.3163 | L_Words: -0.9977 | L_Sent: 0.0001 | L_DAMSM: -0.9977 | L_KL: 0.1957 | Gamma_DAMSM: 5.0000 | Lambda_KL: 2.0000
Step [1176] | D_Loss: 1.3128 | G_Loss: 0.9651 | G_GAN: 5.5654 | L_Words: -0.9978 | L_Sent: 0.0000 | L_DAMSM: -0.9977 | L_KL: 0.1942 | Gamma_DAMSM: 5.0000 | Lambda_KL: 2.0000
Step [1177] | D_Loss: 0.7639 | G_Loss: 4.5986 | G_GAN: 9.1969 | L_Words: -0.9972 | L_Sent: 0.0001 | L_DAMSM: -0.9971 | L_KL: 0.1936 | Gamma_DAMSM: 5.0000 | Lambda_KL: 2.0000
Step [1178] | D_Loss: 0.2921 | G_Loss: 6.8339 | G_GAN: 11.4369 | L_Words: -0.9983 | L_Sent: 0.0000 | L_DAMSM: -0.9982 | L_KL: 0.1941 | Gamma_DAMSM: 5.0000 | Lambda_KL: 2.0000
Step [1179] | D_Loss: 0.4454 | G_Loss: 6.5215 | G_GAN: 11.1147 | L_Words: -0.9967 | L_Sent: 0.0001 | L_DAMSM: -0.9967 | L_KL: 0.1951 | Gamma_DAMSM: 5.0000 | Lambda_KL: 2.0000
Step [1180] | D_Loss: 0.2097 | G_Loss: 5.6577 | G_GAN: 10.2570 | L_Words: -0.9981 | L_Sent: 0.0001 | L_DAMSM: -0.9981 | L_KL: 0.1955 | Gamma_DAMSM: 5.0000 | Lambda_KL: 2.0000
Step [1181] | D_Loss: 0.8437 | G_Loss: 0.7486 | G_GAN: 5.3462 | L_Words: -0.9980 | L_Sent: 0.0001 | L_DAMSM: -0.9979 | L_KL: 0.1959 | Gamma_DAMSM: 5.0000 | Lambda_KL: 2.0000
Step [1182] | D_Loss: 0.9657 | G_Loss: 2.1420 | G_GAN: 6.7381 | L_Words: -0.9975 | L_Sent: 0.0001 | L_DAMSM: -0.9974 | L_KL: 0.1956 | Gamma_DAMSM: 5.0000 | Lambda_KL: 2.0000
Step [1183] | D_Loss: 0.9048 | G_Loss: 4.6119 | G_GAN: 9.2064 | L_Words: -0.9977 | L_Sent: 0.0001 | L_DAMSM: -0.9977 | L_KL: 0.1969 | Gamma_DAMSM: 5.0000 | Lambda_KL: 2.0000
Step [1184] | D_Loss: 0.3903 | G_Loss: 8.4805 | G_GAN: 13.0752 | L_Words: -0.9981 | L_Sent: 0.0000 | L_DAMSM: -0.9980 | L_KL: 0.1978 | Gamma_DAMSM: 5.0000 | Lambda_KL: 2.0000
Step [1185] | D_Loss: 0.9070 | G_Loss: 5.3501 | G_GAN: 9.9354 | L_Words: -0.9964 | L_Sent: 0.0001 | L_DAMSM: -0.9964 | L_KL: 0.1983 | Gamma_DAMSM: 5.0000 | Lambda_KL: 2.0000
Step [1186] | D_Loss: 0.8099 | G_Loss: 3.1672 | G_GAN: 7.7598 | L_Words: -0.9973 | L_Sent: 0.0001 | L_DAMSM: -0.9972 | L_KL: 0.1967 | Gamma_DAMSM: 5.0000 | Lambda_KL: 2.0000
Step [1187] | D_Loss: 0.2244 | G_Loss: 3.0802 | G_GAN: 7.6759 | L_Words: -0.9979 | L_Sent: 0.0001 | L_DAMSM: -0.9979 | L_KL: 0.1968 | Gamma_DAMSM: 5.0000 | Lambda_KL: 2.0000
Step [1188] | D_Loss: 0.2508 | G_Loss: 2.7219 | G_GAN: 7.3082 | L_Words: -0.9956 | L_Sent: 0.0001 | L_DAMSM: -0.9955 | L_KL: 0.1957 | Gamma_DAMSM: 5.0000 | Lambda_KL: 2.0000
Step [1189] | D_Loss: 0.8415 | G_Loss: 1.3413 | G_GAN: 5.9419 | L_Words: -0.9980 | L_Sent: 0.0001 | L_DAMSM: -0.9979 | L_KL: 0.1945 | Gamma_DAMSM: 5.0000 | Lambda_KL: 2.0000
Step [1190] | D_Loss: 0.4927 | G_Loss: 1.4559 | G_GAN: 6.0538 | L_Words: -0.9974 | L_Sent: 0.0001 | L_DAMSM: -0.9973 | L_KL: 0.1943 | Gamma_DAMSM: 5.0000 | Lambda_KL: 2.0000
Step [1191] | D_Loss: 0.8245 | G_Loss: 3.2968 | G_GAN: 7.8893 | L_Words: -0.9970 | L_Sent: 0.0001 | L_DAMSM: -0.9969 | L_KL: 0.1961 | Gamma_DAMSM: 5.0000 | Lambda_KL: 2.0000
Step [1192] | D_Loss: 1.3471 | G_Loss: 5.2194 | G_GAN: 9.8071 | L_Words: -0.9964 | L_Sent: 0.0000 | L_DAMSM: -0.9963 | L_KL: 0.1969 | Gamma_DAMSM: 5.0000 | Lambda_KL: 2.0000
Step [1193] | D_Loss: 0.5314 | G_Loss: 3.3983 | G_GAN: 7.9931 | L_Words: -0.9975 | L_Sent: 0.0001 | L_DAMSM: -0.9974 | L_KL: 0.1961 | Gamma_DAMSM: 5.0000 | Lambda_KL: 2.0000
Step [1194] | D_Loss: 0.4145 | G_Loss: 2.7355 | G_GAN: 7.3312 | L_Words: -0.9976 | L_Sent: 0.0001 | L_DAMSM: -0.9975 | L_KL: 0.1959 | Gamma_DAMSM: 5.0000 | Lambda_KL: 2.0000
Step [1195] | D_Loss: 0.4573 | G_Loss: 4.3228 | G_GAN: 8.9215 | L_Words: -0.9983 | L_Sent: 0.0000 | L_DAMSM: -0.9982 | L_KL: 0.1962 | Gamma_DAMSM: 5.0000 | Lambda_KL: 2.0000
Step [1196] | D_Loss: 0.4996 | G_Loss: 4.6178 | G_GAN: 9.2100 | L_Words: -0.9967 | L_Sent: 0.0000 | L_DAMSM: -0.9967 | L_KL: 0.1957 | Gamma_DAMSM: 5.0000 | Lambda_KL: 2.0000
Step [1197] | D_Loss: 1.2320 | G_Loss: 3.2945 | G_GAN: 7.8928 | L_Words: -0.9976 | L_Sent: 0.0001 | L_DAMSM: -0.9975 | L_KL: 0.1946 | Gamma_DAMSM: 5.0000 | Lambda_KL: 2.0000
Step [1198] | D_Loss: 0.4998 | G_Loss: 6.1406 | G_GAN: 10.7399 | L_Words: -0.9975 | L_Sent: 0.0001 | L_DAMSM: -0.9974 | L_KL: 0.1939 | Gamma_DAMSM: 5.0000 | Lambda_KL: 2.0000
Step [1199] | D_Loss: 0.4389 | G_Loss: 3.8392 | G_GAN: 8.4415 | L_Words: -0.9977 | L_Sent: 0.0001 | L_DAMSM: -0.9976 | L_KL: 0.1929 | Gamma_DAMSM: 5.0000 | Lambda_KL: 2.0000
Step [1200] | D_Loss: 0.5566 | G_Loss: 2.8112 | G_GAN: 7.4116 | L_Words: -0.9982 | L_Sent: 0.0002 | L_DAMSM: -0.9980 | L_KL: 0.1948 | Gamma_DAMSM: 5.0000 | Lambda_KL: 2.0000
Step [1201] | D_Loss: 0.9148 | G_Loss: 2.6659 | G_GAN: 7.2617 | L_Words: -0.9978 | L_Sent: 0.0001 | L_DAMSM: -0.9977 | L_KL: 0.1963 | Gamma_DAMSM: 5.0000 | Lambda_KL: 2.0000
Step [1202] | D_Loss: 0.7034 | G_Loss: 0.5848 | G_GAN: 5.1819 | L_Words: -0.9984 | L_Sent: 0.0000 | L_DAMSM: -0.9983 | L_KL: 0.1973 | Gamma_DAMSM: 5.0000 | Lambda_KL: 2.0000
Step [1203] | D_Loss: 0.7595 | G_Loss: 5.0540 | G_GAN: 9.6493 | L_Words: -0.9981 | L_Sent: 0.0000 | L_DAMSM: -0.9981 | L_KL: 0.1976 | Gamma_DAMSM: 5.0000 | Lambda_KL: 2.0000
Step [1204] | D_Loss: 0.6288 | G_Loss: 4.4329 | G_GAN: 9.0241 | L_Words: -0.9974 | L_Sent: 0.0001 | L_DAMSM: -0.9973 | L_KL: 0.1977 | Gamma_DAMSM: 5.0000 | Lambda_KL: 2.0000
Step [1205] | D_Loss: 1.5792 | G_Loss: 0.1815 | G_GAN: 4.7791 | L_Words: -0.9985 | L_Sent: 0.0001 | L_DAMSM: -0.9985 | L_KL: 0.1974 | Gamma_DAMSM: 5.0000 | Lambda_KL: 2.0000
Step [1206] | D_Loss: 0.5980 | G_Loss: 0.1479 | G_GAN: 4.7430 | L_Words: -0.9979 | L_Sent: 0.0001 | L_DAMSM: -0.9978 | L_KL: 0.1970 | Gamma_DAMSM: 5.0000 | Lambda_KL: 2.0000
Step [1207] | D_Loss: 0.8366 | G_Loss: 1.6935 | G_GAN: 6.2884 | L_Words: -0.9974 | L_Sent: 0.0001 | L_DAMSM: -0.9973 | L_KL: 0.1958 | Gamma_DAMSM: 5.0000 | Lambda_KL: 2.0000
Step [1208] | D_Loss: 0.6957 | G_Loss: 3.0873 | G_GAN: 7.6883 | L_Words: -0.9981 | L_Sent: 0.0000 | L_DAMSM: -0.9981 | L_KL: 0.1948 | Gamma_DAMSM: 5.0000 | Lambda_KL: 2.0000
Step [1209] | D_Loss: 0.7237 | G_Loss: 2.5771 | G_GAN: 7.1738 | L_Words: -0.9974 | L_Sent: 0.0001 | L_DAMSM: -0.9973 | L_KL: 0.1949 | Gamma_DAMSM: 5.0000 | Lambda_KL: 2.0000
Step [1210] | D_Loss: 0.8732 | G_Loss: 5.4414 | G_GAN: 10.0339 | L_Words: -0.9967 | L_Sent: 0.0000 | L_DAMSM: -0.9967 | L_KL: 0.1954 | Gamma_DAMSM: 5.0000 | Lambda_KL: 2.0000
Step [1211] | D_Loss: 0.8292 | G_Loss: 3.0472 | G_GAN: 7.6446 | L_Words: -0.9976 | L_Sent: 0.0001 | L_DAMSM: -0.9975 | L_KL: 0.1949 | Gamma_DAMSM: 5.0000 | Lambda_KL: 2.0000
Step [1212] | D_Loss: 0.8443 | G_Loss: -1.0771 | G_GAN: 3.5189 | L_Words: -0.9971 | L_Sent: 0.0001 | L_DAMSM: -0.9970 | L_KL: 0.1946 | Gamma_DAMSM: 5.0000 | Lambda_KL: 2.0000
Step [1213] | D_Loss: 0.9407 | G_Loss: 0.8315 | G_GAN: 5.4366 | L_Words: -0.9984 | L_Sent: 0.0000 | L_DAMSM: -0.9984 | L_KL: 0.1935 | Gamma_DAMSM: 5.0000 | Lambda_KL: 2.0000
Step [1214] | D_Loss: 0.5935 | G_Loss: 1.1004 | G_GAN: 5.7060 | L_Words: -0.9983 | L_Sent: 0.0000 | L_DAMSM: -0.9983 | L_KL: 0.1930 | Gamma_DAMSM: 5.0000 | Lambda_KL: 2.0000
Step [1215] | D_Loss: 0.4893 | G_Loss: 3.6127 | G_GAN: 8.2196 | L_Words: -0.9986 | L_Sent: 0.0000 | L_DAMSM: -0.9986 | L_KL: 0.1929 | Gamma_DAMSM: 5.0000 | Lambda_KL: 2.0000
Step [1216] | D_Loss: 1.1899 | G_Loss: 4.9970 | G_GAN: 9.6002 | L_Words: -0.9979 | L_Sent: 0.0001 | L_DAMSM: -0.9978 | L_KL: 0.1929 | Gamma_DAMSM: 5.0000 | Lambda_KL: 2.0000
Step [1217] | D_Loss: 0.3309 | G_Loss: 6.4417 | G_GAN: 11.0393 | L_Words: -0.9979 | L_Sent: 0.0001 | L_DAMSM: -0.9978 | L_KL: 0.1957 | Gamma_DAMSM: 5.0000 | Lambda_KL: 2.0000
Step [1218] | D_Loss: 0.4757 | G_Loss: 4.5849 | G_GAN: 9.1792 | L_Words: -0.9980 | L_Sent: 0.0001 | L_DAMSM: -0.9979 | L_KL: 0.1976 | Gamma_DAMSM: 5.0000 | Lambda_KL: 2.0000
Step [1219] | D_Loss: 0.4612 | G_Loss: 6.7305 | G_GAN: 11.3227 | L_Words: -0.9982 | L_Sent: 0.0000 | L_DAMSM: -0.9982 | L_KL: 0.1993 | Gamma_DAMSM: 5.0000 | Lambda_KL: 2.0000
Step [1220] | D_Loss: 0.2106 | G_Loss: 4.4648 | G_GAN: 9.0549 | L_Words: -0.9982 | L_Sent: 0.0001 | L_DAMSM: -0.9981 | L_KL: 0.2002 | Gamma_DAMSM: 5.0000 | Lambda_KL: 2.0000
Step [1221] | D_Loss: 0.9438 | G_Loss: 3.4939 | G_GAN: 8.0846 | L_Words: -0.9975 | L_Sent: 0.0000 | L_DAMSM: -0.9975 | L_KL: 0.1983 | Gamma_DAMSM: 5.0000 | Lambda_KL: 2.0000
Step [1222] | D_Loss: 1.2690 | G_Loss: 3.5183 | G_GAN: 8.0954 | L_Words: -0.9950 | L_Sent: 0.0001 | L_DAMSM: -0.9949 | L_KL: 0.1986 | Gamma_DAMSM: 5.0000 | Lambda_KL: 2.0000
Step [1223] | D_Loss: 0.2799 | G_Loss: 7.7669 | G_GAN: 12.3603 | L_Words: -0.9985 | L_Sent: 0.0001 | L_DAMSM: -0.9984 | L_KL: 0.1993 | Gamma_DAMSM: 5.0000 | Lambda_KL: 2.0000
Step [1224] | D_Loss: 0.7349 | G_Loss: 3.8933 | G_GAN: 8.4867 | L_Words: -0.9980 | L_Sent: 0.0000 | L_DAMSM: -0.9980 | L_KL: 0.1983 | Gamma_DAMSM: 5.0000 | Lambda_KL: 2.0000
Step [1225] | D_Loss: 0.9742 | G_Loss: 4.2771 | G_GAN: 8.8705 | L_Words: -0.9982 | L_Sent: 0.0001 | L_DAMSM: -0.9980 | L_KL: 0.1984 | Gamma_DAMSM: 5.0000 | Lambda_KL: 2.0000
Step [1226] | D_Loss: 0.8891 | G_Loss: 7.3101 | G_GAN: 11.8978 | L_Words: -0.9976 | L_Sent: 0.0000 | L_DAMSM: -0.9976 | L_KL: 0.2001 | Gamma_DAMSM: 5.0000 | Lambda_KL: 2.0000
Step [1227] | D_Loss: 0.8923 | G_Loss: 4.4247 | G_GAN: 9.0104 | L_Words: -0.9981 | L_Sent: 0.0000 | L_DAMSM: -0.9981 | L_KL: 0.2023 | Gamma_DAMSM: 5.0000 | Lambda_KL: 2.0000
Step [1228] | D_Loss: 0.3120 | G_Loss: 3.3314 | G_GAN: 7.9145 | L_Words: -0.9982 | L_Sent: 0.0001 | L_DAMSM: -0.9982 | L_KL: 0.2039 | Gamma_DAMSM: 5.0000 | Lambda_KL: 2.0000
Step [1229] | D_Loss: 0.4468 | G_Loss: 7.5620 | G_GAN: 12.1508 | L_Words: -0.9981 | L_Sent: 0.0000 | L_DAMSM: -0.9981 | L_KL: 0.2008 | Gamma_DAMSM: 5.0000 | Lambda_KL: 2.0000
Step [1230] | D_Loss: 0.3970 | G_Loss: 5.7015 | G_GAN: 10.2808 | L_Words: -0.9964 | L_Sent: 0.0001 | L_DAMSM: -0.9964 | L_KL: 0.2012 | Gamma_DAMSM: 5.0000 | Lambda_KL: 2.0000
Step [1231] | D_Loss: 0.6476 | G_Loss: 3.0690 | G_GAN: 7.6619 | L_Words: -0.9982 | L_Sent: 0.0000 | L_DAMSM: -0.9981 | L_KL: 0.1989 | Gamma_DAMSM: 5.0000 | Lambda_KL: 2.0000
Step [1232] | D_Loss: 0.9380 | G_Loss: 4.7196 | G_GAN: 9.3034 | L_Words: -0.9955 | L_Sent: 0.0000 | L_DAMSM: -0.9954 | L_KL: 0.1966 | Gamma_DAMSM: 5.0000 | Lambda_KL: 2.0000
Step [1233] | D_Loss: 1.2487 | G_Loss: 2.5581 | G_GAN: 7.1540 | L_Words: -0.9978 | L_Sent: 0.0001 | L_DAMSM: -0.9977 | L_KL: 0.1963 | Gamma_DAMSM: 5.0000 | Lambda_KL: 2.0000
Step [1234] | D_Loss: 1.3188 | G_Loss: 1.9814 | G_GAN: 6.5799 | L_Words: -0.9979 | L_Sent: 0.0001 | L_DAMSM: -0.9978 | L_KL: 0.1952 | Gamma_DAMSM: 5.0000 | Lambda_KL: 2.0000
Step [1235] | D_Loss: 0.6608 | G_Loss: 3.7809 | G_GAN: 8.3794 | L_Words: -0.9979 | L_Sent: 0.0001 | L_DAMSM: -0.9977 | L_KL: 0.1951 | Gamma_DAMSM: 5.0000 | Lambda_KL: 2.0000
Step [1236] | D_Loss: 0.8102 | G_Loss: 3.3987 | G_GAN: 7.9991 | L_Words: -0.9980 | L_Sent: 0.0001 | L_DAMSM: -0.9979 | L_KL: 0.1946 | Gamma_DAMSM: 5.0000 | Lambda_KL: 2.0000
Step [1237] | D_Loss: 0.4024 | G_Loss: 1.8938 | G_GAN: 6.4906 | L_Words: -0.9983 | L_Sent: 0.0001 | L_DAMSM: -0.9983 | L_KL: 0.1972 | Gamma_DAMSM: 5.0000 | Lambda_KL: 2.0000
Step [1238] | D_Loss: 0.4943 | G_Loss: 4.1365 | G_GAN: 8.7215 | L_Words: -0.9965 | L_Sent: 0.0000 | L_DAMSM: -0.9964 | L_KL: 0.1986 | Gamma_DAMSM: 5.0000 | Lambda_KL: 2.0000
Step [1239] | D_Loss: 0.4785 | G_Loss: 3.8972 | G_GAN: 8.4771 | L_Words: -0.9959 | L_Sent: 0.0001 | L_DAMSM: -0.9959 | L_KL: 0.1997 | Gamma_DAMSM: 5.0000 | Lambda_KL: 2.0000
Step [1240] | D_Loss: 0.8643 | G_Loss: 5.5769 | G_GAN: 10.1654 | L_Words: -0.9975 | L_Sent: 0.0001 | L_DAMSM: -0.9975 | L_KL: 0.1995 | Gamma_DAMSM: 5.0000 | Lambda_KL: 2.0000
Step [1241] | D_Loss: 0.4598 | G_Loss: 3.1685 | G_GAN: 7.7586 | L_Words: -0.9976 | L_Sent: 0.0001 | L_DAMSM: -0.9975 | L_KL: 0.1988 | Gamma_DAMSM: 5.0000 | Lambda_KL: 2.0000
Step [1242] | D_Loss: 1.1597 | G_Loss: 2.1194 | G_GAN: 6.7027 | L_Words: -0.9959 | L_Sent: 0.0000 | L_DAMSM: -0.9958 | L_KL: 0.1979 | Gamma_DAMSM: 5.0000 | Lambda_KL: 2.0000
Step [1243] | D_Loss: 0.4815 | G_Loss: 3.9490 | G_GAN: 8.5382 | L_Words: -0.9974 | L_Sent: 0.0001 | L_DAMSM: -0.9973 | L_KL: 0.1988 | Gamma_DAMSM: 5.0000 | Lambda_KL: 2.0000
Step [1244] | D_Loss: 0.9026 | G_Loss: 1.1775 | G_GAN: 5.7718 | L_Words: -0.9980 | L_Sent: 0.0000 | L_DAMSM: -0.9980 | L_KL: 0.1978 | Gamma_DAMSM: 5.0000 | Lambda_KL: 2.0000
Step [1245] | D_Loss: 0.3497 | G_Loss: -0.3372 | G_GAN: 4.2455 | L_Words: -0.9965 | L_Sent: 0.0002 | L_DAMSM: -0.9964 | L_KL: 0.1996 | Gamma_DAMSM: 5.0000 | Lambda_KL: 2.0000
Step [1246] | D_Loss: 0.4785 | G_Loss: 2.7662 | G_GAN: 7.3543 | L_Words: -0.9972 | L_Sent: 0.0000 | L_DAMSM: -0.9972 | L_KL: 0.1989 | Gamma_DAMSM: 5.0000 | Lambda_KL: 2.0000
Step [1247] | D_Loss: 0.5534 | G_Loss: 5.9097 | G_GAN: 10.5033 | L_Words: -0.9978 | L_Sent: 0.0000 | L_DAMSM: -0.9978 | L_KL: 0.1978 | Gamma_DAMSM: 5.0000 | Lambda_KL: 2.0000
Step [1248] | D_Loss: 0.8862 | G_Loss: 4.6391 | G_GAN: 9.2178 | L_Words: -0.9955 | L_Sent: 0.0001 | L_DAMSM: -0.9954 | L_KL: 0.1991 | Gamma_DAMSM: 5.0000 | Lambda_KL: 2.0000
Step [1249] | D_Loss: 0.7797 | G_Loss: 2.4793 | G_GAN: 7.0684 | L_Words: -0.9977 | L_Sent: 0.0000 | L_DAMSM: -0.9977 | L_KL: 0.1996 | Gamma_DAMSM: 5.0000 | Lambda_KL: 2.0000
Step [1250] | D_Loss: 0.6004 | G_Loss: 1.1922 | G_GAN: 5.7823 | L_Words: -0.9979 | L_Sent: 0.0003 | L_DAMSM: -0.9976 | L_KL: 0.1990 | Gamma_DAMSM: 5.0000 | Lambda_KL: 2.0000
Step [1251] | D_Loss: 0.5360 | G_Loss: 2.2345 | G_GAN: 6.8265 | L_Words: -0.9981 | L_Sent: 0.0001 | L_DAMSM: -0.9980 | L_KL: 0.1990 | Gamma_DAMSM: 5.0000 | Lambda_KL: 2.0000
Step [1252] | D_Loss: 0.4547 | G_Loss: 3.5066 | G_GAN: 8.0980 | L_Words: -0.9978 | L_Sent: 0.0000 | L_DAMSM: -0.9978 | L_KL: 0.1988 | Gamma_DAMSM: 5.0000 | Lambda_KL: 2.0000
Step [1253] | D_Loss: 1.1728 | G_Loss: 3.6219 | G_GAN: 8.2121 | L_Words: -0.9975 | L_Sent: 0.0001 | L_DAMSM: -0.9974 | L_KL: 0.1985 | Gamma_DAMSM: 5.0000 | Lambda_KL: 2.0000
Step [1254] | D_Loss: 1.0618 | G_Loss: -0.4164 | G_GAN: 4.1703 | L_Words: -0.9971 | L_Sent: 0.0000 | L_DAMSM: -0.9970 | L_KL: 0.1992 | Gamma_DAMSM: 5.0000 | Lambda_KL: 2.0000
Step [1255] | D_Loss: 0.4205 | G_Loss: 0.8065 | G_GAN: 5.3975 | L_Words: -0.9983 | L_Sent: 0.0000 | L_DAMSM: -0.9982 | L_KL: 0.2001 | Gamma_DAMSM: 5.0000 | Lambda_KL: 2.0000
Step [1256] | D_Loss: 0.7248 | G_Loss: 3.6444 | G_GAN: 8.2327 | L_Words: -0.9977 | L_Sent: 0.0001 | L_DAMSM: -0.9976 | L_KL: 0.1999 | Gamma_DAMSM: 5.0000 | Lambda_KL: 2.0000
Step [1257] | D_Loss: 0.6218 | G_Loss: 4.5166 | G_GAN: 9.0981 | L_Words: -0.9970 | L_Sent: 0.0001 | L_DAMSM: -0.9969 | L_KL: 0.2016 | Gamma_DAMSM: 5.0000 | Lambda_KL: 2.0000
Step [1258] | D_Loss: 0.4131 | G_Loss: 4.3319 | G_GAN: 8.9117 | L_Words: -0.9979 | L_Sent: 0.0001 | L_DAMSM: -0.9978 | L_KL: 0.2046 | Gamma_DAMSM: 5.0000 | Lambda_KL: 2.0000
Step [1259] | D_Loss: 0.6045 | G_Loss: 0.8717 | G_GAN: 5.4401 | L_Words: -0.9977 | L_Sent: 0.0001 | L_DAMSM: -0.9977 | L_KL: 0.2099 | Gamma_DAMSM: 5.0000 | Lambda_KL: 2.0000
Step [1260] | D_Loss: 0.5795 | G_Loss: 7.2465 | G_GAN: 11.8144 | L_Words: -0.9985 | L_Sent: 0.0001 | L_DAMSM: -0.9984 | L_KL: 0.2120 | Gamma_DAMSM: 5.0000 | Lambda_KL: 2.0000
Step [1261] | D_Loss: 0.3485 | G_Loss: 7.7600 | G_GAN: 12.3210 | L_Words: -0.9979 | L_Sent: 0.0000 | L_DAMSM: -0.9979 | L_KL: 0.2142 | Gamma_DAMSM: 5.0000 | Lambda_KL: 2.0000
Step [1262] | D_Loss: 0.3611 | G_Loss: 7.1057 | G_GAN: 11.6654 | L_Words: -0.9981 | L_Sent: 0.0001 | L_DAMSM: -0.9981 | L_KL: 0.2153 | Gamma_DAMSM: 5.0000 | Lambda_KL: 2.0000
Step [1263] | D_Loss: 0.2226 | G_Loss: 7.5715 | G_GAN: 12.1280 | L_Words: -0.9981 | L_Sent: 0.0000 | L_DAMSM: -0.9980 | L_KL: 0.2169 | Gamma_DAMSM: 5.0000 | Lambda_KL: 2.0000
Step [1264] | D_Loss: 0.7334 | G_Loss: 4.6173 | G_GAN: 9.1706 | L_Words: -0.9973 | L_Sent: 0.0001 | L_DAMSM: -0.9972 | L_KL: 0.2164 | Gamma_DAMSM: 5.0000 | Lambda_KL: 2.0000
Step [1265] | D_Loss: 0.1422 | G_Loss: 3.7930 | G_GAN: 8.3427 | L_Words: -0.9961 | L_Sent: 0.0001 | L_DAMSM: -0.9960 | L_KL: 0.2152 | Gamma_DAMSM: 5.0000 | Lambda_KL: 2.0000
Step [1266] | D_Loss: 0.9859 | G_Loss: 2.6249 | G_GAN: 7.1811 | L_Words: -0.9975 | L_Sent: 0.0001 | L_DAMSM: -0.9974 | L_KL: 0.2155 | Gamma_DAMSM: 5.0000 | Lambda_KL: 2.0000
Step [1267] | D_Loss: 0.8016 | G_Loss: 4.3118 | G_GAN: 8.8555 | L_Words: -0.9970 | L_Sent: 0.0001 | L_DAMSM: -0.9970 | L_KL: 0.2206 | Gamma_DAMSM: 5.0000 | Lambda_KL: 2.0000
Step [1268] | D_Loss: 1.0403 | G_Loss: 11.5426 | G_GAN: 16.0858 | L_Words: -0.9979 | L_Sent: 0.0000 | L_DAMSM: -0.9978 | L_KL: 0.2230 | Gamma_DAMSM: 5.0000 | Lambda_KL: 2.0000
Step [1269] | D_Loss: 1.8445 | G_Loss: 4.4427 | G_GAN: 8.9850 | L_Words: -0.9980 | L_Sent: 0.0001 | L_DAMSM: -0.9980 | L_KL: 0.2238 | Gamma_DAMSM: 5.0000 | Lambda_KL: 2.0000
Step [1270] | D_Loss: 0.6433 | G_Loss: -0.6804 | G_GAN: 3.8487 | L_Words: -0.9958 | L_Sent: 0.0001 | L_DAMSM: -0.9957 | L_KL: 0.2247 | Gamma_DAMSM: 5.0000 | Lambda_KL: 2.0000
Step [1271] | D_Loss: 1.3259 | G_Loss: 0.2517 | G_GAN: 4.7892 | L_Words: -0.9983 | L_Sent: 0.0001 | L_DAMSM: -0.9983 | L_KL: 0.2269 | Gamma_DAMSM: 5.0000 | Lambda_KL: 2.0000
Step [1272] | D_Loss: 0.5188 | G_Loss: 2.4500 | G_GAN: 6.9810 | L_Words: -0.9969 | L_Sent: 0.0001 | L_DAMSM: -0.9968 | L_KL: 0.2265 | Gamma_DAMSM: 5.0000 | Lambda_KL: 2.0000
Step [1273] | D_Loss: 0.2855 | G_Loss: 3.6001 | G_GAN: 8.1386 | L_Words: -0.9975 | L_Sent: 0.0001 | L_DAMSM: -0.9975 | L_KL: 0.2244 | Gamma_DAMSM: 5.0000 | Lambda_KL: 2.0000
Step [1274] | D_Loss: 1.2949 | G_Loss: 3.2597 | G_GAN: 7.7977 | L_Words: -0.9974 | L_Sent: 0.0001 | L_DAMSM: -0.9973 | L_KL: 0.2242 | Gamma_DAMSM: 5.0000 | Lambda_KL: 2.0000
Step [1275] | D_Loss: 1.0029 | G_Loss: 2.0143 | G_GAN: 6.5545 | L_Words: -0.9979 | L_Sent: 0.0000 | L_DAMSM: -0.9978 | L_KL: 0.2245 | Gamma_DAMSM: 5.0000 | Lambda_KL: 2.0000
Step [1276] | D_Loss: 1.2964 | G_Loss: 2.5919 | G_GAN: 7.1318 | L_Words: -0.9971 | L_Sent: 0.0000 | L_DAMSM: -0.9971 | L_KL: 0.2228 | Gamma_DAMSM: 5.0000 | Lambda_KL: 2.0000
Step [1277] | D_Loss: 0.8594 | G_Loss: 1.2932 | G_GAN: 5.8381 | L_Words: -0.9974 | L_Sent: 0.0002 | L_DAMSM: -0.9972 | L_KL: 0.2205 | Gamma_DAMSM: 5.0000 | Lambda_KL: 2.0000
Step [1278] | D_Loss: 0.6439 | G_Loss: 2.7308 | G_GAN: 7.2782 | L_Words: -0.9980 | L_Sent: 0.0000 | L_DAMSM: -0.9980 | L_KL: 0.2212 | Gamma_DAMSM: 5.0000 | Lambda_KL: 2.0000
Step [1279] | D_Loss: 1.0285 | G_Loss: 2.8885 | G_GAN: 7.4307 | L_Words: -0.9967 | L_Sent: 0.0000 | L_DAMSM: -0.9967 | L_KL: 0.2206 | Gamma_DAMSM: 5.0000 | Lambda_KL: 2.0000
Step [1280] | D_Loss: 0.8772 | G_Loss: 2.4839 | G_GAN: 7.0284 | L_Words: -0.9980 | L_Sent: 0.0001 | L_DAMSM: -0.9979 | L_KL: 0.2226 | Gamma_DAMSM: 5.0000 | Lambda_KL: 2.0000
Step [1281] | D_Loss: 0.6436 | G_Loss: 1.2948 | G_GAN: 5.8413 | L_Words: -0.9981 | L_Sent: 0.0000 | L_DAMSM: -0.9981 | L_KL: 0.2219 | Gamma_DAMSM: 5.0000 | Lambda_KL: 2.0000
Step [1282] | D_Loss: 0.7861 | G_Loss: -0.4922 | G_GAN: 4.0621 | L_Words: -0.9984 | L_Sent: 0.0001 | L_DAMSM: -0.9983 | L_KL: 0.2186 | Gamma_DAMSM: 5.0000 | Lambda_KL: 2.0000
Step [1283] | D_Loss: 0.5597 | G_Loss: 3.1306 | G_GAN: 7.6859 | L_Words: -0.9979 | L_Sent: 0.0001 | L_DAMSM: -0.9978 | L_KL: 0.2168 | Gamma_DAMSM: 5.0000 | Lambda_KL: 2.0000
Step [1284] | D_Loss: 0.7560 | G_Loss: 2.0125 | G_GAN: 6.5745 | L_Words: -0.9983 | L_Sent: 0.0001 | L_DAMSM: -0.9983 | L_KL: 0.2147 | Gamma_DAMSM: 5.0000 | Lambda_KL: 2.0000
Step [1285] | D_Loss: 0.4607 | G_Loss: 1.9229 | G_GAN: 6.4839 | L_Words: -0.9981 | L_Sent: 0.0001 | L_DAMSM: -0.9980 | L_KL: 0.2146 | Gamma_DAMSM: 5.0000 | Lambda_KL: 2.0000
Step [1286] | D_Loss: 0.5062 | G_Loss: 1.6594 | G_GAN: 6.2167 | L_Words: -0.9976 | L_Sent: 0.0001 | L_DAMSM: -0.9975 | L_KL: 0.2150 | Gamma_DAMSM: 5.0000 | Lambda_KL: 2.0000
Step [1287] | D_Loss: 0.6967 | G_Loss: 3.5683 | G_GAN: 8.1270 | L_Words: -0.9978 | L_Sent: 0.0000 | L_DAMSM: -0.9978 | L_KL: 0.2151 | Gamma_DAMSM: 5.0000 | Lambda_KL: 2.0000
Step [1288] | D_Loss: 0.5981 | G_Loss: 3.9689 | G_GAN: 8.5260 | L_Words: -0.9981 | L_Sent: 0.0001 | L_DAMSM: -0.9979 | L_KL: 0.2163 | Gamma_DAMSM: 5.0000 | Lambda_KL: 2.0000
Step [1289] | D_Loss: 0.6014 | G_Loss: 2.6971 | G_GAN: 7.2551 | L_Words: -0.9979 | L_Sent: 0.0001 | L_DAMSM: -0.9979 | L_KL: 0.2156 | Gamma_DAMSM: 5.0000 | Lambda_KL: 2.0000
Step [1290] | D_Loss: 0.9558 | G_Loss: 4.1430 | G_GAN: 8.7004 | L_Words: -0.9979 | L_Sent: 0.0001 | L_DAMSM: -0.9978 | L_KL: 0.2157 | Gamma_DAMSM: 5.0000 | Lambda_KL: 2.0000
Step [1291] | D_Loss: 0.6393 | G_Loss: 2.3532 | G_GAN: 6.9111 | L_Words: -0.9983 | L_Sent: 0.0001 | L_DAMSM: -0.9982 | L_KL: 0.2165 | Gamma_DAMSM: 5.0000 | Lambda_KL: 2.0000
Step [1292] | D_Loss: 0.4234 | G_Loss: 3.6406 | G_GAN: 8.1955 | L_Words: -0.9981 | L_Sent: 0.0000 | L_DAMSM: -0.9980 | L_KL: 0.2176 | Gamma_DAMSM: 5.0000 | Lambda_KL: 2.0000
Step [1293] | D_Loss: 1.2400 | G_Loss: 2.1179 | G_GAN: 6.6610 | L_Words: -0.9968 | L_Sent: 0.0001 | L_DAMSM: -0.9967 | L_KL: 0.2202 | Gamma_DAMSM: 5.0000 | Lambda_KL: 2.0000
Step [1294] | D_Loss: 0.4777 | G_Loss: 1.0202 | G_GAN: 5.5653 | L_Words: -0.9983 | L_Sent: 0.0001 | L_DAMSM: -0.9983 | L_KL: 0.2231 | Gamma_DAMSM: 5.0000 | Lambda_KL: 2.0000
Step [1295] | D_Loss: 0.5316 | G_Loss: 3.4683 | G_GAN: 8.0125 | L_Words: -0.9974 | L_Sent: 0.0000 | L_DAMSM: -0.9974 | L_KL: 0.2214 | Gamma_DAMSM: 5.0000 | Lambda_KL: 2.0000
Step [1296] | D_Loss: 0.3998 | G_Loss: 7.7752 | G_GAN: 12.3147 | L_Words: -0.9970 | L_Sent: 0.0001 | L_DAMSM: -0.9969 | L_KL: 0.2226 | Gamma_DAMSM: 5.0000 | Lambda_KL: 2.0000
Step [1297] | D_Loss: 0.9285 | G_Loss: 7.2721 | G_GAN: 11.8077 | L_Words: -0.9966 | L_Sent: 0.0000 | L_DAMSM: -0.9965 | L_KL: 0.2235 | Gamma_DAMSM: 5.0000 | Lambda_KL: 2.0000
Step [1298] | D_Loss: 0.3244 | G_Loss: 7.8535 | G_GAN: 12.3954 | L_Words: -0.9978 | L_Sent: 0.0001 | L_DAMSM: -0.9977 | L_KL: 0.2232 | Gamma_DAMSM: 5.0000 | Lambda_KL: 2.0000
Step [1299] | D_Loss: 0.6257 | G_Loss: 5.5797 | G_GAN: 10.1141 | L_Words: -0.9964 | L_Sent: 0.0001 | L_DAMSM: -0.9963 | L_KL: 0.2235 | Gamma_DAMSM: 5.0000 | Lambda_KL: 2.0000
Step [1300] | D_Loss: 0.3685 | G_Loss: 6.7136 | G_GAN: 11.2558 | L_Words: -0.9978 | L_Sent: 0.0001 | L_DAMSM: -0.9977 | L_KL: 0.2231 | Gamma_DAMSM: 5.0000 | Lambda_KL: 2.0000
Step [1301] | D_Loss: 0.7898 | G_Loss: 4.4045 | G_GAN: 8.9507 | L_Words: -0.9983 | L_Sent: 0.0000 | L_DAMSM: -0.9983 | L_KL: 0.2226 | Gamma_DAMSM: 5.0000 | Lambda_KL: 2.0000
Step [1302] | D_Loss: 1.1984 | G_Loss: 0.5208 | G_GAN: 5.0611 | L_Words: -0.9974 | L_Sent: 0.0001 | L_DAMSM: -0.9973 | L_KL: 0.2231 | Gamma_DAMSM: 5.0000 | Lambda_KL: 2.0000
Step [1303] | D_Loss: 0.8717 | G_Loss: 4.0076 | G_GAN: 8.5422 | L_Words: -0.9963 | L_Sent: 0.0002 | L_DAMSM: -0.9961 | L_KL: 0.2229 | Gamma_DAMSM: 5.0000 | Lambda_KL: 2.0000
Step [1304] | D_Loss: 0.5460 | G_Loss: 8.7586 | G_GAN: 13.3050 | L_Words: -0.9985 | L_Sent: 0.0000 | L_DAMSM: -0.9984 | L_KL: 0.2228 | Gamma_DAMSM: 5.0000 | Lambda_KL: 2.0000
Step [1305] | D_Loss: 0.2307 | G_Loss: 6.3563 | G_GAN: 10.9066 | L_Words: -0.9984 | L_Sent: 0.0001 | L_DAMSM: -0.9984 | L_KL: 0.2207 | Gamma_DAMSM: 5.0000 | Lambda_KL: 2.0000
Step [1306] | D_Loss: 0.6934 | G_Loss: 4.9148 | G_GAN: 9.4484 | L_Words: -0.9960 | L_Sent: 0.0001 | L_DAMSM: -0.9959 | L_KL: 0.2229 | Gamma_DAMSM: 5.0000 | Lambda_KL: 2.0000
Step [1307] | D_Loss: 1.4886 | G_Loss: 0.5798 | G_GAN: 5.1083 | L_Words: -0.9957 | L_Sent: 0.0001 | L_DAMSM: -0.9956 | L_KL: 0.2246 | Gamma_DAMSM: 5.0000 | Lambda_KL: 2.0000
Step [1308] | D_Loss: 0.7475 | G_Loss: 4.4487 | G_GAN: 8.9887 | L_Words: -0.9978 | L_Sent: 0.0001 | L_DAMSM: -0.9977 | L_KL: 0.2244 | Gamma_DAMSM: 5.0000 | Lambda_KL: 2.0000
Step [1309] | D_Loss: 0.2078 | G_Loss: 5.3761 | G_GAN: 9.9160 | L_Words: -0.9981 | L_Sent: 0.0001 | L_DAMSM: -0.9980 | L_KL: 0.2251 | Gamma_DAMSM: 5.0000 | Lambda_KL: 2.0000
Step [1310] | D_Loss: 0.2223 | G_Loss: 6.0099 | G_GAN: 10.5500 | L_Words: -0.9979 | L_Sent: 0.0000 | L_DAMSM: -0.9979 | L_KL: 0.2247 | Gamma_DAMSM: 5.0000 | Lambda_KL: 2.0000
Step [1311] | D_Loss: 0.1531 | G_Loss: 4.6762 | G_GAN: 9.2110 | L_Words: -0.9969 | L_Sent: 0.0000 | L_DAMSM: -0.9968 | L_KL: 0.2246 | Gamma_DAMSM: 5.0000 | Lambda_KL: 2.0000
Step [1312] | D_Loss: 0.3964 | G_Loss: 4.7478 | G_GAN: 9.2822 | L_Words: -0.9965 | L_Sent: 0.0001 | L_DAMSM: -0.9965 | L_KL: 0.2240 | Gamma_DAMSM: 5.0000 | Lambda_KL: 2.0000
Step [1313] | D_Loss: 0.6974 | G_Loss: 3.8255 | G_GAN: 8.3583 | L_Words: -0.9980 | L_Sent: 0.0013 | L_DAMSM: -0.9967 | L_KL: 0.2254 | Gamma_DAMSM: 5.0000 | Lambda_KL: 2.0000
Step [1314] | D_Loss: 0.4340 | G_Loss: 4.9828 | G_GAN: 9.5214 | L_Words: -0.9981 | L_Sent: 0.0002 | L_DAMSM: -0.9979 | L_KL: 0.2255 | Gamma_DAMSM: 5.0000 | Lambda_KL: 2.0000
Step [1315] | D_Loss: 0.3567 | G_Loss: 4.2196 | G_GAN: 8.7582 | L_Words: -0.9982 | L_Sent: 0.0000 | L_DAMSM: -0.9981 | L_KL: 0.2261 | Gamma_DAMSM: 5.0000 | Lambda_KL: 2.0000
Step [1316] | D_Loss: 0.4345 | G_Loss: 4.6380 | G_GAN: 9.1703 | L_Words: -0.9972 | L_Sent: 0.0001 | L_DAMSM: -0.9971 | L_KL: 0.2267 | Gamma_DAMSM: 5.0000 | Lambda_KL: 2.0000
Step [1317] | D_Loss: 0.3762 | G_Loss: 5.1529 | G_GAN: 9.6904 | L_Words: -0.9986 | L_Sent: 0.0001 | L_DAMSM: -0.9985 | L_KL: 0.2276 | Gamma_DAMSM: 5.0000 | Lambda_KL: 2.0000
Step [1318] | D_Loss: 0.3760 | G_Loss: 3.9659 | G_GAN: 8.4966 | L_Words: -0.9975 | L_Sent: 0.0001 | L_DAMSM: -0.9974 | L_KL: 0.2283 | Gamma_DAMSM: 5.0000 | Lambda_KL: 2.0000
Step [1319] | D_Loss: 0.2156 | G_Loss: 3.7646 | G_GAN: 8.2970 | L_Words: -0.9981 | L_Sent: 0.0001 | L_DAMSM: -0.9981 | L_KL: 0.2290 | Gamma_DAMSM: 5.0000 | Lambda_KL: 2.0000
Step [1320] | D_Loss: 0.4040 | G_Loss: 5.9619 | G_GAN: 10.4937 | L_Words: -0.9985 | L_Sent: 0.0004 | L_DAMSM: -0.9981 | L_KL: 0.2293 | Gamma_DAMSM: 5.0000 | Lambda_KL: 2.0000
Step [1321] | D_Loss: 0.4998 | G_Loss: 4.9162 | G_GAN: 9.4460 | L_Words: -0.9973 | L_Sent: 0.0001 | L_DAMSM: -0.9972 | L_KL: 0.2281 | Gamma_DAMSM: 5.0000 | Lambda_KL: 2.0000
Step [1322] | D_Loss: 0.9506 | G_Loss: 11.6674 | G_GAN: 16.2029 | L_Words: -0.9979 | L_Sent: 0.0002 | L_DAMSM: -0.9977 | L_KL: 0.2265 | Gamma_DAMSM: 5.0000 | Lambda_KL: 2.0000
Step [1323] | D_Loss: 0.8741 | G_Loss: 9.2076 | G_GAN: 13.7408 | L_Words: -0.9975 | L_Sent: 0.0001 | L_DAMSM: -0.9974 | L_KL: 0.2270 | Gamma_DAMSM: 5.0000 | Lambda_KL: 2.0000
Step [1324] | D_Loss: 0.4832 | G_Loss: 6.5358 | G_GAN: 11.0737 | L_Words: -0.9982 | L_Sent: 0.0000 | L_DAMSM: -0.9982 | L_KL: 0.2266 | Gamma_DAMSM: 5.0000 | Lambda_KL: 2.0000
Step [1325] | D_Loss: 0.9917 | G_Loss: 6.7670 | G_GAN: 11.2874 | L_Words: -0.9952 | L_Sent: 0.0002 | L_DAMSM: -0.9949 | L_KL: 0.2271 | Gamma_DAMSM: 5.0000 | Lambda_KL: 2.0000
Step [1326] | D_Loss: 0.8285 | G_Loss: 7.5105 | G_GAN: 12.0456 | L_Words: -0.9974 | L_Sent: 0.0001 | L_DAMSM: -0.9973 | L_KL: 0.2258 | Gamma_DAMSM: 5.0000 | Lambda_KL: 2.0000
Step [1327] | D_Loss: 0.4663 | G_Loss: 5.1099 | G_GAN: 9.6407 | L_Words: -0.9969 | L_Sent: 0.0002 | L_DAMSM: -0.9967 | L_KL: 0.2264 | Gamma_DAMSM: 5.0000 | Lambda_KL: 2.0000
Step [1328] | D_Loss: 0.7444 | G_Loss: 6.9826 | G_GAN: 11.5142 | L_Words: -0.9972 | L_Sent: 0.0001 | L_DAMSM: -0.9971 | L_KL: 0.2269 | Gamma_DAMSM: 5.0000 | Lambda_KL: 2.0000
Step [1329] | D_Loss: 1.4881 | G_Loss: 2.6949 | G_GAN: 7.2294 | L_Words: -0.9977 | L_Sent: 0.0001 | L_DAMSM: -0.9976 | L_KL: 0.2268 | Gamma_DAMSM: 5.0000 | Lambda_KL: 2.0000
Step [1330] | D_Loss: 1.4008 | G_Loss: 3.0462 | G_GAN: 7.5763 | L_Words: -0.9970 | L_Sent: 0.0001 | L_DAMSM: -0.9969 | L_KL: 0.2272 | Gamma_DAMSM: 5.0000 | Lambda_KL: 2.0000
Step [1331] | D_Loss: 0.6578 | G_Loss: 3.9468 | G_GAN: 8.4817 | L_Words: -0.9981 | L_Sent: 0.0000 | L_DAMSM: -0.9981 | L_KL: 0.2277 | Gamma_DAMSM: 5.0000 | Lambda_KL: 2.0000
Step [1332] | D_Loss: 0.9386 | G_Loss: 5.3356 | G_GAN: 9.8673 | L_Words: -0.9977 | L_Sent: 0.0001 | L_DAMSM: -0.9976 | L_KL: 0.2281 | Gamma_DAMSM: 5.0000 | Lambda_KL: 2.0000
Step [1333] | D_Loss: 0.9731 | G_Loss: 6.2552 | G_GAN: 10.7898 | L_Words: -0.9979 | L_Sent: 0.0001 | L_DAMSM: -0.9979 | L_KL: 0.2274 | Gamma_DAMSM: 5.0000 | Lambda_KL: 2.0000
Step [1334] | D_Loss: 0.2050 | G_Loss: 2.7422 | G_GAN: 7.2792 | L_Words: -0.9980 | L_Sent: 0.0001 | L_DAMSM: -0.9979 | L_KL: 0.2264 | Gamma_DAMSM: 5.0000 | Lambda_KL: 2.0000
Step [1335] | D_Loss: 1.7383 | G_Loss: 0.2030 | G_GAN: 4.7419 | L_Words: -0.9980 | L_Sent: 0.0000 | L_DAMSM: -0.9979 | L_KL: 0.2253 | Gamma_DAMSM: 5.0000 | Lambda_KL: 2.0000
Step [1336] | D_Loss: 1.2061 | G_Loss: -1.4872 | G_GAN: 3.0567 | L_Words: -0.9983 | L_Sent: 0.0000 | L_DAMSM: -0.9983 | L_KL: 0.2238 | Gamma_DAMSM: 5.0000 | Lambda_KL: 2.0000
Step [1337] | D_Loss: 1.2677 | G_Loss: 3.3242 | G_GAN: 7.8669 | L_Words: -0.9979 | L_Sent: 0.0001 | L_DAMSM: -0.9979 | L_KL: 0.2233 | Gamma_DAMSM: 5.0000 | Lambda_KL: 2.0000
Step [1338] | D_Loss: 0.7395 | G_Loss: 4.9388 | G_GAN: 9.4853 | L_Words: -0.9981 | L_Sent: 0.0000 | L_DAMSM: -0.9980 | L_KL: 0.2218 | Gamma_DAMSM: 5.0000 | Lambda_KL: 2.0000
Step [1339] | D_Loss: 1.2076 | G_Loss: 2.4945 | G_GAN: 7.0372 | L_Words: -0.9976 | L_Sent: 0.0003 | L_DAMSM: -0.9973 | L_KL: 0.2218 | Gamma_DAMSM: 5.0000 | Lambda_KL: 2.0000
Step [1340] | D_Loss: 0.5310 | G_Loss: 3.2552 | G_GAN: 7.8065 | L_Words: -0.9983 | L_Sent: 0.0001 | L_DAMSM: -0.9982 | L_KL: 0.2199 | Gamma_DAMSM: 5.0000 | Lambda_KL: 2.0000
Step [1341] | D_Loss: 0.2182 | G_Loss: 6.1428 | G_GAN: 10.6971 | L_Words: -0.9984 | L_Sent: 0.0001 | L_DAMSM: -0.9983 | L_KL: 0.2186 | Gamma_DAMSM: 5.0000 | Lambda_KL: 2.0000
Step [1342] | D_Loss: 0.8319 | G_Loss: 1.3999 | G_GAN: 5.9505 | L_Words: -0.9977 | L_Sent: 0.0001 | L_DAMSM: -0.9976 | L_KL: 0.2186 | Gamma_DAMSM: 5.0000 | Lambda_KL: 2.0000
Step [1343] | D_Loss: 0.8541 | G_Loss: 0.8696 | G_GAN: 5.4219 | L_Words: -0.9978 | L_Sent: 0.0002 | L_DAMSM: -0.9976 | L_KL: 0.2177 | Gamma_DAMSM: 5.0000 | Lambda_KL: 2.0000
Step [1344] | D_Loss: 1.0614 | G_Loss: 0.7746 | G_GAN: 5.3274 | L_Words: -0.9971 | L_Sent: 0.0001 | L_DAMSM: -0.9970 | L_KL: 0.2162 | Gamma_DAMSM: 5.0000 | Lambda_KL: 2.0000
Step [1345] | D_Loss: 0.7643 | G_Loss: 1.6871 | G_GAN: 6.2447 | L_Words: -0.9983 | L_Sent: 0.0003 | L_DAMSM: -0.9980 | L_KL: 0.2162 | Gamma_DAMSM: 5.0000 | Lambda_KL: 2.0000
Step [1346] | D_Loss: 0.5976 | G_Loss: 2.6272 | G_GAN: 7.1865 | L_Words: -0.9981 | L_Sent: 0.0002 | L_DAMSM: -0.9979 | L_KL: 0.2152 | Gamma_DAMSM: 5.0000 | Lambda_KL: 2.0000
Step [1347] | D_Loss: 0.9386 | G_Loss: 1.5308 | G_GAN: 6.0790 | L_Words: -0.9950 | L_Sent: 0.0001 | L_DAMSM: -0.9949 | L_KL: 0.2132 | Gamma_DAMSM: 5.0000 | Lambda_KL: 2.0000
Step [1348] | D_Loss: 0.7521 | G_Loss: -0.6461 | G_GAN: 3.9215 | L_Words: -0.9983 | L_Sent: 0.0001 | L_DAMSM: -0.9982 | L_KL: 0.2117 | Gamma_DAMSM: 5.0000 | Lambda_KL: 2.0000
Step [1349] | D_Loss: 1.0936 | G_Loss: 3.5995 | G_GAN: 8.1675 | L_Words: -0.9980 | L_Sent: 0.0001 | L_DAMSM: -0.9979 | L_KL: 0.2109 | Gamma_DAMSM: 5.0000 | Lambda_KL: 2.0000
Step [1350] | D_Loss: 0.8381 | G_Loss: 3.0864 | G_GAN: 7.6460 | L_Words: -0.9958 | L_Sent: 0.0002 | L_DAMSM: -0.9956 | L_KL: 0.2092 | Gamma_DAMSM: 5.0000 | Lambda_KL: 2.0000
Step [1351] | D_Loss: 0.4629 | G_Loss: 1.5724 | G_GAN: 6.1434 | L_Words: -0.9977 | L_Sent: 0.0001 | L_DAMSM: -0.9976 | L_KL: 0.2086 | Gamma_DAMSM: 5.0000 | Lambda_KL: 2.0000
Step [1352] | D_Loss: 0.7760 | G_Loss: 2.2938 | G_GAN: 6.8684 | L_Words: -0.9977 | L_Sent: 0.0001 | L_DAMSM: -0.9976 | L_KL: 0.2066 | Gamma_DAMSM: 5.0000 | Lambda_KL: 2.0000
Step [1353] | D_Loss: 0.5390 | G_Loss: 3.3242 | G_GAN: 7.9000 | L_Words: -0.9976 | L_Sent: 0.0001 | L_DAMSM: -0.9975 | L_KL: 0.2059 | Gamma_DAMSM: 5.0000 | Lambda_KL: 2.0000
Step [1354] | D_Loss: 0.3995 | G_Loss: 1.1450 | G_GAN: 5.7224 | L_Words: -0.9979 | L_Sent: 0.0000 | L_DAMSM: -0.9978 | L_KL: 0.2058 | Gamma_DAMSM: 5.0000 | Lambda_KL: 2.0000
Step [1355] | D_Loss: 0.5363 | G_Loss: 0.4427 | G_GAN: 5.0209 | L_Words: -0.9979 | L_Sent: 0.0001 | L_DAMSM: -0.9978 | L_KL: 0.2054 | Gamma_DAMSM: 5.0000 | Lambda_KL: 2.0000
Step [1356] | D_Loss: 0.4972 | G_Loss: 5.3271 | G_GAN: 9.9095 | L_Words: -0.9985 | L_Sent: 0.0002 | L_DAMSM: -0.9984 | L_KL: 0.2047 | Gamma_DAMSM: 5.0000 | Lambda_KL: 2.0000
Step [1357] | D_Loss: 1.0228 | G_Loss: 0.4274 | G_GAN: 5.0080 | L_Words: -0.9985 | L_Sent: 0.0000 | L_DAMSM: -0.9985 | L_KL: 0.2059 | Gamma_DAMSM: 5.0000 | Lambda_KL: 2.0000
Step [1358] | D_Loss: 0.4052 | G_Loss: 2.5260 | G_GAN: 7.1025 | L_Words: -0.9978 | L_Sent: 0.0001 | L_DAMSM: -0.9977 | L_KL: 0.2060 | Gamma_DAMSM: 5.0000 | Lambda_KL: 2.0000
Step [1359] | D_Loss: 0.7790 | G_Loss: 1.9973 | G_GAN: 6.5715 | L_Words: -0.9968 | L_Sent: 0.0000 | L_DAMSM: -0.9968 | L_KL: 0.2048 | Gamma_DAMSM: 5.0000 | Lambda_KL: 2.0000
Step [1360] | D_Loss: 0.6845 | G_Loss: 1.9862 | G_GAN: 6.5665 | L_Words: -0.9979 | L_Sent: 0.0001 | L_DAMSM: -0.9978 | L_KL: 0.2044 | Gamma_DAMSM: 5.0000 | Lambda_KL: 2.0000
Step [1361] | D_Loss: 0.4530 | G_Loss: 2.2398 | G_GAN: 6.8201 | L_Words: -0.9976 | L_Sent: 0.0001 | L_DAMSM: -0.9975 | L_KL: 0.2037 | Gamma_DAMSM: 5.0000 | Lambda_KL: 2.0000
Step [1362] | D_Loss: 0.5084 | G_Loss: 5.0128 | G_GAN: 9.5933 | L_Words: -0.9972 | L_Sent: 0.0001 | L_DAMSM: -0.9972 | L_KL: 0.2027 | Gamma_DAMSM: 5.0000 | Lambda_KL: 2.0000
Step [1363] | D_Loss: 1.1403 | G_Loss: 2.3267 | G_GAN: 6.9129 | L_Words: -0.9979 | L_Sent: 0.0001 | L_DAMSM: -0.9978 | L_KL: 0.2013 | Gamma_DAMSM: 5.0000 | Lambda_KL: 2.0000
Step [1364] | D_Loss: 0.3289 | G_Loss: 3.8837 | G_GAN: 8.4701 | L_Words: -0.9979 | L_Sent: 0.0001 | L_DAMSM: -0.9979 | L_KL: 0.2015 | Gamma_DAMSM: 5.0000 | Lambda_KL: 2.0000
Step [1365] | D_Loss: 0.4820 | G_Loss: 4.7804 | G_GAN: 9.3632 | L_Words: -0.9977 | L_Sent: 0.0001 | L_DAMSM: -0.9976 | L_KL: 0.2027 | Gamma_DAMSM: 5.0000 | Lambda_KL: 2.0000
Step [1366] | D_Loss: 0.8359 | G_Loss: 5.7088 | G_GAN: 10.2760 | L_Words: -0.9957 | L_Sent: 0.0009 | L_DAMSM: -0.9948 | L_KL: 0.2033 | Gamma_DAMSM: 5.0000 | Lambda_KL: 2.0000
Step [1367] | D_Loss: 1.0573 | G_Loss: 5.5589 | G_GAN: 10.1382 | L_Words: -0.9973 | L_Sent: 0.0001 | L_DAMSM: -0.9973 | L_KL: 0.2035 | Gamma_DAMSM: 5.0000 | Lambda_KL: 2.0000
Step [1368] | D_Loss: 0.4256 | G_Loss: 6.0199 | G_GAN: 10.5923 | L_Words: -0.9961 | L_Sent: 0.0001 | L_DAMSM: -0.9960 | L_KL: 0.2038 | Gamma_DAMSM: 5.0000 | Lambda_KL: 2.0000
Step [1369] | D_Loss: 0.9908 | G_Loss: 1.4846 | G_GAN: 6.0548 | L_Words: -0.9960 | L_Sent: 0.0000 | L_DAMSM: -0.9959 | L_KL: 0.2048 | Gamma_DAMSM: 5.0000 | Lambda_KL: 2.0000
Step [1370] | D_Loss: 1.0877 | G_Loss: 3.5528 | G_GAN: 8.1297 | L_Words: -0.9970 | L_Sent: 0.0001 | L_DAMSM: -0.9969 | L_KL: 0.2039 | Gamma_DAMSM: 5.0000 | Lambda_KL: 2.0000
Step [1371] | D_Loss: 0.2624 | G_Loss: 3.4663 | G_GAN: 8.0489 | L_Words: -0.9981 | L_Sent: 0.0000 | L_DAMSM: -0.9981 | L_KL: 0.2040 | Gamma_DAMSM: 5.0000 | Lambda_KL: 2.0000
Step [1372] | D_Loss: 1.1157 | G_Loss: 6.4267 | G_GAN: 11.0065 | L_Words: -0.9973 | L_Sent: 0.0001 | L_DAMSM: -0.9972 | L_KL: 0.2031 | Gamma_DAMSM: 5.0000 | Lambda_KL: 2.0000
Step [1373] | D_Loss: 0.4860 | G_Loss: 6.7091 | G_GAN: 11.2946 | L_Words: -0.9979 | L_Sent: 0.0001 | L_DAMSM: -0.9979 | L_KL: 0.2019 | Gamma_DAMSM: 5.0000 | Lambda_KL: 2.0000
Step [1374] | D_Loss: 0.6025 | G_Loss: 4.7161 | G_GAN: 9.3016 | L_Words: -0.9976 | L_Sent: 0.0000 | L_DAMSM: -0.9976 | L_KL: 0.2012 | Gamma_DAMSM: 5.0000 | Lambda_KL: 2.0000
Step [1375] | D_Loss: 0.2344 | G_Loss: 3.3934 | G_GAN: 7.9781 | L_Words: -0.9972 | L_Sent: 0.0001 | L_DAMSM: -0.9971 | L_KL: 0.2005 | Gamma_DAMSM: 5.0000 | Lambda_KL: 2.0000
Step [1376] | D_Loss: 0.6601 | G_Loss: 2.9339 | G_GAN: 7.5245 | L_Words: -0.9982 | L_Sent: 0.0001 | L_DAMSM: -0.9982 | L_KL: 0.2001 | Gamma_DAMSM: 5.0000 | Lambda_KL: 2.0000
Step [1377] | D_Loss: 1.4095 | G_Loss: 2.8914 | G_GAN: 7.4810 | L_Words: -0.9980 | L_Sent: 0.0001 | L_DAMSM: -0.9979 | L_KL: 0.2001 | Gamma_DAMSM: 5.0000 | Lambda_KL: 2.0000
Step [1378] | D_Loss: 0.4816 | G_Loss: 6.1746 | G_GAN: 10.7590 | L_Words: -0.9968 | L_Sent: 0.0001 | L_DAMSM: -0.9966 | L_KL: 0.1994 | Gamma_DAMSM: 5.0000 | Lambda_KL: 2.0000
Step [1379] | D_Loss: 1.0012 | G_Loss: 1.8778 | G_GAN: 6.4698 | L_Words: -0.9976 | L_Sent: 0.0000 | L_DAMSM: -0.9976 | L_KL: 0.1979 | Gamma_DAMSM: 5.0000 | Lambda_KL: 2.0000
Step [1380] | D_Loss: 0.7552 | G_Loss: 3.7469 | G_GAN: 8.3452 | L_Words: -0.9980 | L_Sent: 0.0000 | L_DAMSM: -0.9979 | L_KL: 0.1956 | Gamma_DAMSM: 5.0000 | Lambda_KL: 2.0000
Step [1381] | D_Loss: 0.4686 | G_Loss: 1.4945 | G_GAN: 6.0815 | L_Words: -0.9955 | L_Sent: 0.0001 | L_DAMSM: -0.9954 | L_KL: 0.1950 | Gamma_DAMSM: 5.0000 | Lambda_KL: 2.0000
Step [1382] | D_Loss: 0.4467 | G_Loss: 3.6639 | G_GAN: 8.2624 | L_Words: -0.9976 | L_Sent: 0.0001 | L_DAMSM: -0.9974 | L_KL: 0.1943 | Gamma_DAMSM: 5.0000 | Lambda_KL: 2.0000
Step [1383] | D_Loss: 1.6102 | G_Loss: 2.3936 | G_GAN: 6.9950 | L_Words: -0.9981 | L_Sent: 0.0000 | L_DAMSM: -0.9980 | L_KL: 0.1944 | Gamma_DAMSM: 5.0000 | Lambda_KL: 2.0000
Step [1384] | D_Loss: 0.6390 | G_Loss: -0.4560 | G_GAN: 4.1376 | L_Words: -0.9968 | L_Sent: 0.0001 | L_DAMSM: -0.9968 | L_KL: 0.1952 | Gamma_DAMSM: 5.0000 | Lambda_KL: 2.0000
Step [1385] | D_Loss: 0.8164 | G_Loss: 6.7637 | G_GAN: 11.3618 | L_Words: -0.9979 | L_Sent: 0.0001 | L_DAMSM: -0.9979 | L_KL: 0.1956 | Gamma_DAMSM: 5.0000 | Lambda_KL: 2.0000
Step [1386] | D_Loss: 0.4317 | G_Loss: 3.7454 | G_GAN: 8.3291 | L_Words: -0.9954 | L_Sent: 0.0001 | L_DAMSM: -0.9954 | L_KL: 0.1965 | Gamma_DAMSM: 5.0000 | Lambda_KL: 2.0000
Step [1387] | D_Loss: 0.3292 | G_Loss: 2.2515 | G_GAN: 6.8354 | L_Words: -0.9955 | L_Sent: 0.0001 | L_DAMSM: -0.9954 | L_KL: 0.1966 | Gamma_DAMSM: 5.0000 | Lambda_KL: 2.0000
Step [1388] | D_Loss: 0.2908 | G_Loss: 2.9039 | G_GAN: 7.4966 | L_Words: -0.9971 | L_Sent: 0.0001 | L_DAMSM: -0.9970 | L_KL: 0.1963 | Gamma_DAMSM: 5.0000 | Lambda_KL: 2.0000
Step [1389] | D_Loss: 0.7664 | G_Loss: 1.3666 | G_GAN: 5.9624 | L_Words: -0.9974 | L_Sent: 0.0001 | L_DAMSM: -0.9973 | L_KL: 0.1955 | Gamma_DAMSM: 5.0000 | Lambda_KL: 2.0000
Step [1390] | D_Loss: 0.7212 | G_Loss: 4.5365 | G_GAN: 9.1378 | L_Words: -0.9982 | L_Sent: 0.0001 | L_DAMSM: -0.9982 | L_KL: 0.1948 | Gamma_DAMSM: 5.0000 | Lambda_KL: 2.0000
Step [1391] | D_Loss: 0.8009 | G_Loss: 4.9980 | G_GAN: 9.6050 | L_Words: -0.9983 | L_Sent: 0.0001 | L_DAMSM: -0.9982 | L_KL: 0.1920 | Gamma_DAMSM: 5.0000 | Lambda_KL: 2.0000
Step [1392] | D_Loss: 0.3679 | G_Loss: 3.7045 | G_GAN: 8.3055 | L_Words: -0.9972 | L_Sent: 0.0001 | L_DAMSM: -0.9971 | L_KL: 0.1922 | Gamma_DAMSM: 5.0000 | Lambda_KL: 2.0000
Step [1393] | D_Loss: 1.2351 | G_Loss: 3.1976 | G_GAN: 7.8067 | L_Words: -0.9986 | L_Sent: 0.0001 | L_DAMSM: -0.9986 | L_KL: 0.1919 | Gamma_DAMSM: 5.0000 | Lambda_KL: 2.0000
Step [1394] | D_Loss: 0.3099 | G_Loss: 2.9641 | G_GAN: 7.5617 | L_Words: -0.9968 | L_Sent: 0.0001 | L_DAMSM: -0.9967 | L_KL: 0.1930 | Gamma_DAMSM: 5.0000 | Lambda_KL: 2.0000
Step [1395] | D_Loss: 0.9609 | G_Loss: 3.4377 | G_GAN: 8.0400 | L_Words: -0.9979 | L_Sent: 0.0001 | L_DAMSM: -0.9979 | L_KL: 0.1935 | Gamma_DAMSM: 5.0000 | Lambda_KL: 2.0000
Step [1396] | D_Loss: 0.5105 | G_Loss: 5.4710 | G_GAN: 10.0669 | L_Words: -0.9966 | L_Sent: 0.0000 | L_DAMSM: -0.9966 | L_KL: 0.1935 | Gamma_DAMSM: 5.0000 | Lambda_KL: 2.0000
Step [1397] | D_Loss: 0.6050 | G_Loss: 4.3808 | G_GAN: 8.9837 | L_Words: -0.9982 | L_Sent: 0.0001 | L_DAMSM: -0.9981 | L_KL: 0.1938 | Gamma_DAMSM: 5.0000 | Lambda_KL: 2.0000
Step [1398] | D_Loss: 0.6251 | G_Loss: 2.8364 | G_GAN: 7.4366 | L_Words: -0.9972 | L_Sent: 0.0000 | L_DAMSM: -0.9972 | L_KL: 0.1929 | Gamma_DAMSM: 5.0000 | Lambda_KL: 2.0000
Step [1399] | D_Loss: 0.7296 | G_Loss: 7.2177 | G_GAN: 11.8174 | L_Words: -0.9973 | L_Sent: 0.0001 | L_DAMSM: -0.9973 | L_KL: 0.1933 | Gamma_DAMSM: 5.0000 | Lambda_KL: 2.0000
Step [1400] | D_Loss: 0.2029 | G_Loss: 7.5099 | G_GAN: 12.1157 | L_Words: -0.9986 | L_Sent: 0.0000 | L_DAMSM: -0.9986 | L_KL: 0.1936 | Gamma_DAMSM: 5.0000 | Lambda_KL: 2.0000
Step [1401] | D_Loss: 0.4250 | G_Loss: 6.8022 | G_GAN: 11.3830 | L_Words: -0.9943 | L_Sent: 0.0001 | L_DAMSM: -0.9942 | L_KL: 0.1952 | Gamma_DAMSM: 5.0000 | Lambda_KL: 2.0000
Step [1402] | D_Loss: 0.7841 | G_Loss: 2.8429 | G_GAN: 7.4383 | L_Words: -0.9973 | L_Sent: 0.0001 | L_DAMSM: -0.9973 | L_KL: 0.1954 | Gamma_DAMSM: 5.0000 | Lambda_KL: 2.0000
Step [1403] | D_Loss: 0.2948 | G_Loss: 2.8178 | G_GAN: 7.4193 | L_Words: -0.9985 | L_Sent: 0.0001 | L_DAMSM: -0.9984 | L_KL: 0.1953 | Gamma_DAMSM: 5.0000 | Lambda_KL: 2.0000
Step [1404] | D_Loss: 0.2603 | G_Loss: 4.2728 | G_GAN: 8.8706 | L_Words: -0.9975 | L_Sent: 0.0001 | L_DAMSM: -0.9974 | L_KL: 0.1947 | Gamma_DAMSM: 5.0000 | Lambda_KL: 2.0000
Step [1405] | D_Loss: 0.2567 | G_Loss: 6.2908 | G_GAN: 10.8858 | L_Words: -0.9967 | L_Sent: 0.0001 | L_DAMSM: -0.9966 | L_KL: 0.1940 | Gamma_DAMSM: 5.0000 | Lambda_KL: 2.0000
Step [1406] | D_Loss: 0.8071 | G_Loss: 0.9307 | G_GAN: 5.5330 | L_Words: -0.9983 | L_Sent: 0.0001 | L_DAMSM: -0.9982 | L_KL: 0.1944 | Gamma_DAMSM: 5.0000 | Lambda_KL: 2.0000
Step [1407] | D_Loss: 0.8873 | G_Loss: 6.5568 | G_GAN: 11.1477 | L_Words: -0.9966 | L_Sent: 0.0001 | L_DAMSM: -0.9965 | L_KL: 0.1958 | Gamma_DAMSM: 5.0000 | Lambda_KL: 2.0000
Step [1408] | D_Loss: 0.4815 | G_Loss: 4.5231 | G_GAN: 9.1110 | L_Words: -0.9959 | L_Sent: 0.0001 | L_DAMSM: -0.9958 | L_KL: 0.1955 | Gamma_DAMSM: 5.0000 | Lambda_KL: 2.0000
Step [1409] | D_Loss: 1.4911 | G_Loss: 1.5298 | G_GAN: 6.1167 | L_Words: -0.9956 | L_Sent: 0.0001 | L_DAMSM: -0.9956 | L_KL: 0.1954 | Gamma_DAMSM: 5.0000 | Lambda_KL: 2.0000
Step [1410] | D_Loss: 0.9735 | G_Loss: 4.7972 | G_GAN: 9.3942 | L_Words: -0.9966 | L_Sent: 0.0000 | L_DAMSM: -0.9966 | L_KL: 0.1930 | Gamma_DAMSM: 5.0000 | Lambda_KL: 2.0000
Step [1411] | D_Loss: 2.0627 | G_Loss: 2.6471 | G_GAN: 7.2553 | L_Words: -0.9982 | L_Sent: 0.0001 | L_DAMSM: -0.9981 | L_KL: 0.1911 | Gamma_DAMSM: 5.0000 | Lambda_KL: 2.0000
Step [1412] | D_Loss: 0.6156 | G_Loss: 2.1887 | G_GAN: 6.7991 | L_Words: -0.9980 | L_Sent: 0.0001 | L_DAMSM: -0.9979 | L_KL: 0.1896 | Gamma_DAMSM: 5.0000 | Lambda_KL: 2.0000
Step [1413] | D_Loss: 0.6869 | G_Loss: 1.8016 | G_GAN: 6.4025 | L_Words: -0.9960 | L_Sent: 0.0001 | L_DAMSM: -0.9959 | L_KL: 0.1894 | Gamma_DAMSM: 5.0000 | Lambda_KL: 2.0000
Step [1414] | D_Loss: 0.7881 | G_Loss: 2.1001 | G_GAN: 6.7071 | L_Words: -0.9966 | L_Sent: 0.0000 | L_DAMSM: -0.9966 | L_KL: 0.1880 | Gamma_DAMSM: 5.0000 | Lambda_KL: 2.0000
Step [1415] | D_Loss: 1.0393 | G_Loss: 2.3095 | G_GAN: 6.9237 | L_Words: -0.9979 | L_Sent: 0.0001 | L_DAMSM: -0.9979 | L_KL: 0.1875 | Gamma_DAMSM: 5.0000 | Lambda_KL: 2.0000
Step [1416] | D_Loss: 1.0533 | G_Loss: 1.8212 | G_GAN: 6.4184 | L_Words: -0.9941 | L_Sent: 0.0001 | L_DAMSM: -0.9941 | L_KL: 0.1866 | Gamma_DAMSM: 5.0000 | Lambda_KL: 2.0000
Step [1417] | D_Loss: 0.5847 | G_Loss: 2.2140 | G_GAN: 6.8264 | L_Words: -0.9972 | L_Sent: 0.0000 | L_DAMSM: -0.9972 | L_KL: 0.1868 | Gamma_DAMSM: 5.0000 | Lambda_KL: 2.0000
Step [1418] | D_Loss: 0.2298 | G_Loss: 3.3036 | G_GAN: 7.9163 | L_Words: -0.9980 | L_Sent: 0.0001 | L_DAMSM: -0.9979 | L_KL: 0.1884 | Gamma_DAMSM: 5.0000 | Lambda_KL: 2.0000
Step [1419] | D_Loss: 0.4391 | G_Loss: 6.3330 | G_GAN: 10.9429 | L_Words: -0.9976 | L_Sent: 0.0001 | L_DAMSM: -0.9975 | L_KL: 0.1889 | Gamma_DAMSM: 5.0000 | Lambda_KL: 2.0000
Step [1420] | D_Loss: 0.4221 | G_Loss: 2.6429 | G_GAN: 7.2496 | L_Words: -0.9968 | L_Sent: 0.0001 | L_DAMSM: -0.9967 | L_KL: 0.1883 | Gamma_DAMSM: 5.0000 | Lambda_KL: 2.0000
Step [1421] | D_Loss: 0.7884 | G_Loss: 0.3688 | G_GAN: 4.9798 | L_Words: -0.9977 | L_Sent: 0.0001 | L_DAMSM: -0.9977 | L_KL: 0.1887 | Gamma_DAMSM: 5.0000 | Lambda_KL: 2.0000
Step [1422] | D_Loss: 1.2250 | G_Loss: 1.2112 | G_GAN: 5.8229 | L_Words: -0.9982 | L_Sent: 0.0001 | L_DAMSM: -0.9981 | L_KL: 0.1893 | Gamma_DAMSM: 5.0000 | Lambda_KL: 2.0000
Step [1423] | D_Loss: 1.0784 | G_Loss: 2.4875 | G_GAN: 7.0979 | L_Words: -0.9973 | L_Sent: 0.0001 | L_DAMSM: -0.9972 | L_KL: 0.1877 | Gamma_DAMSM: 5.0000 | Lambda_KL: 2.0000
Step [1424] | D_Loss: 0.8739 | G_Loss: 2.7451 | G_GAN: 7.3568 | L_Words: -0.9975 | L_Sent: 0.0001 | L_DAMSM: -0.9974 | L_KL: 0.1877 | Gamma_DAMSM: 5.0000 | Lambda_KL: 2.0000
Step [1425] | D_Loss: 0.8588 | G_Loss: 3.7333 | G_GAN: 8.3454 | L_Words: -0.9974 | L_Sent: 0.0001 | L_DAMSM: -0.9973 | L_KL: 0.1872 | Gamma_DAMSM: 5.0000 | Lambda_KL: 2.0000
Step [1426] | D_Loss: 0.3907 | G_Loss: 0.8897 | G_GAN: 5.5070 | L_Words: -0.9983 | L_Sent: 0.0001 | L_DAMSM: -0.9982 | L_KL: 0.1869 | Gamma_DAMSM: 5.0000 | Lambda_KL: 2.0000
Step [1427] | D_Loss: 0.5315 | G_Loss: 0.9102 | G_GAN: 5.5265 | L_Words: -0.9979 | L_Sent: 0.0001 | L_DAMSM: -0.9978 | L_KL: 0.1864 | Gamma_DAMSM: 5.0000 | Lambda_KL: 2.0000
Step [1428] | D_Loss: 0.4368 | G_Loss: 1.0234 | G_GAN: 5.6448 | L_Words: -0.9986 | L_Sent: 0.0001 | L_DAMSM: -0.9985 | L_KL: 0.1855 | Gamma_DAMSM: 5.0000 | Lambda_KL: 2.0000
Step [1429] | D_Loss: 0.4799 | G_Loss: 3.9454 | G_GAN: 8.5673 | L_Words: -0.9982 | L_Sent: 0.0000 | L_DAMSM: -0.9982 | L_KL: 0.1845 | Gamma_DAMSM: 5.0000 | Lambda_KL: 2.0000
Step [1430] | D_Loss: 0.9979 | G_Loss: 2.1071 | G_GAN: 6.7211 | L_Words: -0.9973 | L_Sent: 0.0002 | L_DAMSM: -0.9971 | L_KL: 0.1858 | Gamma_DAMSM: 5.0000 | Lambda_KL: 2.0000
Step [1431] | D_Loss: 0.7539 | G_Loss: 0.6779 | G_GAN: 5.2953 | L_Words: -0.9981 | L_Sent: 0.0001 | L_DAMSM: -0.9980 | L_KL: 0.1864 | Gamma_DAMSM: 5.0000 | Lambda_KL: 2.0000
Step [1432] | D_Loss: 0.6058 | G_Loss: 1.8172 | G_GAN: 6.4295 | L_Words: -0.9970 | L_Sent: 0.0001 | L_DAMSM: -0.9969 | L_KL: 0.1861 | Gamma_DAMSM: 5.0000 | Lambda_KL: 2.0000
Step [1433] | D_Loss: 1.1128 | G_Loss: 4.0319 | G_GAN: 8.6371 | L_Words: -0.9956 | L_Sent: 0.0001 | L_DAMSM: -0.9956 | L_KL: 0.1863 | Gamma_DAMSM: 5.0000 | Lambda_KL: 2.0000
Step [1434] | D_Loss: 0.7089 | G_Loss: 2.4787 | G_GAN: 7.0933 | L_Words: -0.9973 | L_Sent: 0.0001 | L_DAMSM: -0.9972 | L_KL: 0.1857 | Gamma_DAMSM: 5.0000 | Lambda_KL: 2.0000
Step [1435] | D_Loss: 0.4477 | G_Loss: 2.9999 | G_GAN: 7.6102 | L_Words: -0.9960 | L_Sent: 0.0001 | L_DAMSM: -0.9959 | L_KL: 0.1847 | Gamma_DAMSM: 5.0000 | Lambda_KL: 2.0000
Step [1436] | D_Loss: 0.3889 | G_Loss: -1.1356 | G_GAN: 3.4794 | L_Words: -0.9964 | L_Sent: 0.0000 | L_DAMSM: -0.9963 | L_KL: 0.1833 | Gamma_DAMSM: 5.0000 | Lambda_KL: 2.0000
Step [1437] | D_Loss: 0.6577 | G_Loss: 3.6746 | G_GAN: 8.2908 | L_Words: -0.9969 | L_Sent: 0.0001 | L_DAMSM: -0.9968 | L_KL: 0.1840 | Gamma_DAMSM: 5.0000 | Lambda_KL: 2.0000
Step [1438] | D_Loss: 1.1302 | G_Loss: 1.7266 | G_GAN: 6.3481 | L_Words: -0.9985 | L_Sent: 0.0000 | L_DAMSM: -0.9984 | L_KL: 0.1853 | Gamma_DAMSM: 5.0000 | Lambda_KL: 2.0000
Step [1439] | D_Loss: 0.6218 | G_Loss: 3.0136 | G_GAN: 7.6264 | L_Words: -0.9978 | L_Sent: 0.0000 | L_DAMSM: -0.9978 | L_KL: 0.1881 | Gamma_DAMSM: 5.0000 | Lambda_KL: 2.0000
Step [1440] | D_Loss: 0.3453 | G_Loss: 4.6590 | G_GAN: 9.2734 | L_Words: -0.9976 | L_Sent: 0.0001 | L_DAMSM: -0.9976 | L_KL: 0.1868 | Gamma_DAMSM: 5.0000 | Lambda_KL: 2.0000
Step [1441] | D_Loss: 1.0324 | G_Loss: -0.3803 | G_GAN: 4.2397 | L_Words: -0.9978 | L_Sent: 0.0000 | L_DAMSM: -0.9978 | L_KL: 0.1844 | Gamma_DAMSM: 5.0000 | Lambda_KL: 2.0000
Step [1442] | D_Loss: 1.2277 | G_Loss: 2.9769 | G_GAN: 7.5995 | L_Words: -0.9977 | L_Sent: 0.0001 | L_DAMSM: -0.9977 | L_KL: 0.1829 | Gamma_DAMSM: 5.0000 | Lambda_KL: 2.0000
Step [1443] | D_Loss: 0.7461 | G_Loss: 3.3294 | G_GAN: 7.9479 | L_Words: -0.9972 | L_Sent: 0.0001 | L_DAMSM: -0.9971 | L_KL: 0.1836 | Gamma_DAMSM: 5.0000 | Lambda_KL: 2.0000
Step [1444] | D_Loss: 0.2663 | G_Loss: 5.7715 | G_GAN: 10.3911 | L_Words: -0.9979 | L_Sent: 0.0001 | L_DAMSM: -0.9978 | L_KL: 0.1848 | Gamma_DAMSM: 5.0000 | Lambda_KL: 2.0000
Step [1445] | D_Loss: 0.9633 | G_Loss: 1.9780 | G_GAN: 6.5987 | L_Words: -0.9980 | L_Sent: 0.0001 | L_DAMSM: -0.9979 | L_KL: 0.1844 | Gamma_DAMSM: 5.0000 | Lambda_KL: 2.0000
Step [1446] | D_Loss: 0.7675 | G_Loss: 1.8986 | G_GAN: 6.5191 | L_Words: -0.9980 | L_Sent: 0.0001 | L_DAMSM: -0.9979 | L_KL: 0.1844 | Gamma_DAMSM: 5.0000 | Lambda_KL: 2.0000
Step [1447] | D_Loss: 0.6667 | G_Loss: 1.8367 | G_GAN: 6.4538 | L_Words: -0.9978 | L_Sent: 0.0000 | L_DAMSM: -0.9977 | L_KL: 0.1858 | Gamma_DAMSM: 5.0000 | Lambda_KL: 2.0000
Step [1448] | D_Loss: 1.1460 | G_Loss: 4.9243 | G_GAN: 9.5399 | L_Words: -0.9979 | L_Sent: 0.0000 | L_DAMSM: -0.9979 | L_KL: 0.1868 | Gamma_DAMSM: 5.0000 | Lambda_KL: 2.0000
Step [1449] | D_Loss: 0.6055 | G_Loss: 2.6454 | G_GAN: 7.2614 | L_Words: -0.9981 | L_Sent: 0.0001 | L_DAMSM: -0.9980 | L_KL: 0.1870 | Gamma_DAMSM: 5.0000 | Lambda_KL: 2.0000
Step [1450] | D_Loss: 0.4780 | G_Loss: 2.1329 | G_GAN: 6.7446 | L_Words: -0.9980 | L_Sent: 0.0000 | L_DAMSM: -0.9980 | L_KL: 0.1891 | Gamma_DAMSM: 5.0000 | Lambda_KL: 2.0000
Step [1451] | D_Loss: 0.6271 | G_Loss: 3.4774 | G_GAN: 8.0881 | L_Words: -0.9978 | L_Sent: 0.0001 | L_DAMSM: -0.9977 | L_KL: 0.1890 | Gamma_DAMSM: 5.0000 | Lambda_KL: 2.0000
Step [1452] | D_Loss: 0.3786 | G_Loss: 6.8202 | G_GAN: 11.4330 | L_Words: -0.9984 | L_Sent: 0.0001 | L_DAMSM: -0.9983 | L_KL: 0.1893 | Gamma_DAMSM: 5.0000 | Lambda_KL: 2.0000
Step [1453] | D_Loss: 1.2403 | G_Loss: 1.4734 | G_GAN: 6.0765 | L_Words: -0.9974 | L_Sent: 0.0001 | L_DAMSM: -0.9973 | L_KL: 0.1917 | Gamma_DAMSM: 5.0000 | Lambda_KL: 2.0000
Step [1454] | D_Loss: 0.7132 | G_Loss: 4.1507 | G_GAN: 8.7476 | L_Words: -0.9969 | L_Sent: 0.0001 | L_DAMSM: -0.9969 | L_KL: 0.1938 | Gamma_DAMSM: 5.0000 | Lambda_KL: 2.0000
Step [1455] | D_Loss: 0.9750 | G_Loss: 3.0263 | G_GAN: 7.6284 | L_Words: -0.9980 | L_Sent: 0.0000 | L_DAMSM: -0.9980 | L_KL: 0.1940 | Gamma_DAMSM: 5.0000 | Lambda_KL: 2.0000
Step [1456] | D_Loss: 0.2972 | G_Loss: 3.8754 | G_GAN: 8.4722 | L_Words: -0.9967 | L_Sent: 0.0000 | L_DAMSM: -0.9967 | L_KL: 0.1932 | Gamma_DAMSM: 5.0000 | Lambda_KL: 2.0000
Step [1457] | D_Loss: 0.7075 | G_Loss: 5.5714 | G_GAN: 10.1708 | L_Words: -0.9985 | L_Sent: 0.0001 | L_DAMSM: -0.9984 | L_KL: 0.1964 | Gamma_DAMSM: 5.0000 | Lambda_KL: 2.0000
Step [1458] | D_Loss: 0.1997 | G_Loss: 5.4799 | G_GAN: 10.0723 | L_Words: -0.9983 | L_Sent: 0.0001 | L_DAMSM: -0.9982 | L_KL: 0.1994 | Gamma_DAMSM: 5.0000 | Lambda_KL: 2.0000
Step [1459] | D_Loss: 0.8195 | G_Loss: 3.4356 | G_GAN: 8.0202 | L_Words: -0.9975 | L_Sent: 0.0001 | L_DAMSM: -0.9974 | L_KL: 0.2012 | Gamma_DAMSM: 5.0000 | Lambda_KL: 2.0000
Step [1460] | D_Loss: 1.2424 | G_Loss: 3.4731 | G_GAN: 8.0560 | L_Words: -0.9971 | L_Sent: 0.0000 | L_DAMSM: -0.9971 | L_KL: 0.2012 | Gamma_DAMSM: 5.0000 | Lambda_KL: 2.0000
Step [1461] | D_Loss: 0.5578 | G_Loss: 5.1910 | G_GAN: 9.7799 | L_Words: -0.9980 | L_Sent: 0.0001 | L_DAMSM: -0.9979 | L_KL: 0.2003 | Gamma_DAMSM: 5.0000 | Lambda_KL: 2.0000
Step [1462] | D_Loss: 0.3657 | G_Loss: 4.6770 | G_GAN: 9.2631 | L_Words: -0.9981 | L_Sent: 0.0000 | L_DAMSM: -0.9981 | L_KL: 0.2021 | Gamma_DAMSM: 5.0000 | Lambda_KL: 2.0000
Step [1463] | D_Loss: 0.5385 | G_Loss: 2.4712 | G_GAN: 7.0600 | L_Words: -0.9984 | L_Sent: 0.0001 | L_DAMSM: -0.9983 | L_KL: 0.2014 | Gamma_DAMSM: 5.0000 | Lambda_KL: 2.0000
Step [1464] | D_Loss: 0.4723 | G_Loss: 2.8357 | G_GAN: 7.4129 | L_Words: -0.9964 | L_Sent: 0.0000 | L_DAMSM: -0.9964 | L_KL: 0.2023 | Gamma_DAMSM: 5.0000 | Lambda_KL: 2.0000
Step [1465] | D_Loss: 0.4834 | G_Loss: 5.3177 | G_GAN: 9.8965 | L_Words: -0.9974 | L_Sent: 0.0001 | L_DAMSM: -0.9973 | L_KL: 0.2039 | Gamma_DAMSM: 5.0000 | Lambda_KL: 2.0000
Step [1466] | D_Loss: 0.8052 | G_Loss: 4.9754 | G_GAN: 9.5587 | L_Words: -0.9978 | L_Sent: 0.0001 | L_DAMSM: -0.9977 | L_KL: 0.2026 | Gamma_DAMSM: 5.0000 | Lambda_KL: 2.0000
Step [1467] | D_Loss: 0.5356 | G_Loss: 5.6443 | G_GAN: 10.2283 | L_Words: -0.9984 | L_Sent: 0.0001 | L_DAMSM: -0.9984 | L_KL: 0.2040 | Gamma_DAMSM: 5.0000 | Lambda_KL: 2.0000
Step [1468] | D_Loss: 0.4202 | G_Loss: 5.0567 | G_GAN: 9.6362 | L_Words: -0.9974 | L_Sent: 0.0001 | L_DAMSM: -0.9973 | L_KL: 0.2034 | Gamma_DAMSM: 5.0000 | Lambda_KL: 2.0000
Step [1469] | D_Loss: 0.5127 | G_Loss: 5.7127 | G_GAN: 10.2982 | L_Words: -0.9980 | L_Sent: 0.0001 | L_DAMSM: -0.9979 | L_KL: 0.2021 | Gamma_DAMSM: 5.0000 | Lambda_KL: 2.0000
Step [1470] | D_Loss: 0.2391 | G_Loss: 6.8889 | G_GAN: 11.4702 | L_Words: -0.9972 | L_Sent: 0.0000 | L_DAMSM: -0.9971 | L_KL: 0.2021 | Gamma_DAMSM: 5.0000 | Lambda_KL: 2.0000
Step [1471] | D_Loss: 0.2225 | G_Loss: 4.4250 | G_GAN: 9.0128 | L_Words: -0.9985 | L_Sent: 0.0001 | L_DAMSM: -0.9985 | L_KL: 0.2023 | Gamma_DAMSM: 5.0000 | Lambda_KL: 2.0000
Step [1472] | D_Loss: 0.5059 | G_Loss: 6.1816 | G_GAN: 10.7706 | L_Words: -0.9987 | L_Sent: 0.0001 | L_DAMSM: -0.9986 | L_KL: 0.2020 | Gamma_DAMSM: 5.0000 | Lambda_KL: 2.0000
Step [1473] | D_Loss: 0.3018 | G_Loss: 8.0363 | G_GAN: 12.6162 | L_Words: -0.9967 | L_Sent: 0.0001 | L_DAMSM: -0.9966 | L_KL: 0.2015 | Gamma_DAMSM: 5.0000 | Lambda_KL: 2.0000
Step [1474] | D_Loss: 0.4619 | G_Loss: 8.9206 | G_GAN: 13.5154 | L_Words: -0.9986 | L_Sent: 0.0000 | L_DAMSM: -0.9985 | L_KL: 0.1990 | Gamma_DAMSM: 5.0000 | Lambda_KL: 2.0000
Step [1475] | D_Loss: 0.0879 | G_Loss: 10.3083 | G_GAN: 14.9016 | L_Words: -0.9980 | L_Sent: 0.0001 | L_DAMSM: -0.9978 | L_KL: 0.1979 | Gamma_DAMSM: 5.0000 | Lambda_KL: 2.0000
Step [1476] | D_Loss: 0.3350 | G_Loss: 4.7863 | G_GAN: 9.3853 | L_Words: -0.9982 | L_Sent: 0.0001 | L_DAMSM: -0.9981 | L_KL: 0.1957 | Gamma_DAMSM: 5.0000 | Lambda_KL: 2.0000
Step [1477] | D_Loss: 0.1957 | G_Loss: 4.0788 | G_GAN: 8.6780 | L_Words: -0.9978 | L_Sent: 0.0000 | L_DAMSM: -0.9977 | L_KL: 0.1947 | Gamma_DAMSM: 5.0000 | Lambda_KL: 2.0000
Step [1478] | D_Loss: 0.7148 | G_Loss: 12.0974 | G_GAN: 16.6902 | L_Words: -0.9972 | L_Sent: 0.0001 | L_DAMSM: -0.9972 | L_KL: 0.1965 | Gamma_DAMSM: 5.0000 | Lambda_KL: 2.0000
Step [1479] | D_Loss: 0.3999 | G_Loss: 14.5529 | G_GAN: 19.1523 | L_Words: -0.9979 | L_Sent: 0.0001 | L_DAMSM: -0.9978 | L_KL: 0.1947 | Gamma_DAMSM: 5.0000 | Lambda_KL: 2.0000
Step [1480] | D_Loss: 0.7533 | G_Loss: 7.3149 | G_GAN: 11.9134 | L_Words: -0.9981 | L_Sent: 0.0000 | L_DAMSM: -0.9981 | L_KL: 0.1959 | Gamma_DAMSM: 5.0000 | Lambda_KL: 2.0000
Step [1481] | D_Loss: 0.4194 | G_Loss: 5.7103 | G_GAN: 10.2967 | L_Words: -0.9967 | L_Sent: 0.0000 | L_DAMSM: -0.9966 | L_KL: 0.1984 | Gamma_DAMSM: 5.0000 | Lambda_KL: 2.0000
Step [1482] | D_Loss: 0.8120 | G_Loss: 3.9833 | G_GAN: 8.5780 | L_Words: -0.9982 | L_Sent: 0.0000 | L_DAMSM: -0.9981 | L_KL: 0.1979 | Gamma_DAMSM: 5.0000 | Lambda_KL: 2.0000
Step [1483] | D_Loss: 0.3683 | G_Loss: 8.6846 | G_GAN: 13.2804 | L_Words: -0.9984 | L_Sent: 0.0001 | L_DAMSM: -0.9983 | L_KL: 0.1979 | Gamma_DAMSM: 5.0000 | Lambda_KL: 2.0000
Step [1484] | D_Loss: 0.2085 | G_Loss: 6.9474 | G_GAN: 11.5329 | L_Words: -0.9961 | L_Sent: 0.0001 | L_DAMSM: -0.9960 | L_KL: 0.1971 | Gamma_DAMSM: 5.0000 | Lambda_KL: 2.0000
Step [1485] | D_Loss: 1.5841 | G_Loss: -0.2919 | G_GAN: 4.3069 | L_Words: -0.9984 | L_Sent: 0.0000 | L_DAMSM: -0.9984 | L_KL: 0.1965 | Gamma_DAMSM: 5.0000 | Lambda_KL: 2.0000
Step [1486] | D_Loss: 1.0021 | G_Loss: 2.4425 | G_GAN: 7.0423 | L_Words: -0.9982 | L_Sent: 0.0001 | L_DAMSM: -0.9982 | L_KL: 0.1955 | Gamma_DAMSM: 5.0000 | Lambda_KL: 2.0000
Step [1487] | D_Loss: 0.3416 | G_Loss: 3.8794 | G_GAN: 8.4783 | L_Words: -0.9980 | L_Sent: 0.0001 | L_DAMSM: -0.9979 | L_KL: 0.1954 | Gamma_DAMSM: 5.0000 | Lambda_KL: 2.0000
Step [1488] | D_Loss: 0.9495 | G_Loss: 2.5978 | G_GAN: 7.1839 | L_Words: -0.9979 | L_Sent: 0.0001 | L_DAMSM: -0.9978 | L_KL: 0.2014 | Gamma_DAMSM: 5.0000 | Lambda_KL: 2.0000
Step [1489] | D_Loss: 1.4357 | G_Loss: 1.8501 | G_GAN: 6.4268 | L_Words: -0.9976 | L_Sent: 0.0001 | L_DAMSM: -0.9975 | L_KL: 0.2053 | Gamma_DAMSM: 5.0000 | Lambda_KL: 2.0000
Step [1490] | D_Loss: 0.7439 | G_Loss: 5.6979 | G_GAN: 10.2770 | L_Words: -0.9987 | L_Sent: 0.0000 | L_DAMSM: -0.9987 | L_KL: 0.2071 | Gamma_DAMSM: 5.0000 | Lambda_KL: 2.0000
Step [1491] | D_Loss: 0.9773 | G_Loss: 4.0980 | G_GAN: 8.6686 | L_Words: -0.9978 | L_Sent: 0.0001 | L_DAMSM: -0.9977 | L_KL: 0.2089 | Gamma_DAMSM: 5.0000 | Lambda_KL: 2.0000
Step [1492] | D_Loss: 0.3541 | G_Loss: 3.6527 | G_GAN: 8.2187 | L_Words: -0.9975 | L_Sent: 0.0001 | L_DAMSM: -0.9974 | L_KL: 0.2105 | Gamma_DAMSM: 5.0000 | Lambda_KL: 2.0000
Step [1493] | D_Loss: 0.5360 | G_Loss: 8.3938 | G_GAN: 12.9604 | L_Words: -0.9982 | L_Sent: 0.0001 | L_DAMSM: -0.9981 | L_KL: 0.2118 | Gamma_DAMSM: 5.0000 | Lambda_KL: 2.0000
Step [1494] | D_Loss: 0.6855 | G_Loss: 4.3187 | G_GAN: 8.8823 | L_Words: -0.9972 | L_Sent: 0.0001 | L_DAMSM: -0.9972 | L_KL: 0.2111 | Gamma_DAMSM: 5.0000 | Lambda_KL: 2.0000
Step [1495] | D_Loss: 0.7354 | G_Loss: 3.3201 | G_GAN: 7.8701 | L_Words: -0.9953 | L_Sent: 0.0001 | L_DAMSM: -0.9951 | L_KL: 0.2128 | Gamma_DAMSM: 5.0000 | Lambda_KL: 2.0000
Step [1496] | D_Loss: 1.1383 | G_Loss: 2.0173 | G_GAN: 6.5762 | L_Words: -0.9985 | L_Sent: 0.0007 | L_DAMSM: -0.9978 | L_KL: 0.2151 | Gamma_DAMSM: 5.0000 | Lambda_KL: 2.0000
Step [1497] | D_Loss: 0.9672 | G_Loss: 6.0721 | G_GAN: 10.6229 | L_Words: -0.9981 | L_Sent: 0.0001 | L_DAMSM: -0.9980 | L_KL: 0.2195 | Gamma_DAMSM: 5.0000 | Lambda_KL: 2.0000
Step [1498] | D_Loss: 0.3800 | G_Loss: 4.7215 | G_GAN: 9.2672 | L_Words: -0.9984 | L_Sent: 0.0002 | L_DAMSM: -0.9982 | L_KL: 0.2227 | Gamma_DAMSM: 5.0000 | Lambda_KL: 2.0000
Step [1499] | D_Loss: 0.8972 | G_Loss: 4.6507 | G_GAN: 9.1790 | L_Words: -0.9962 | L_Sent: 0.0001 | L_DAMSM: -0.9961 | L_KL: 0.2261 | Gamma_DAMSM: 5.0000 | Lambda_KL: 2.0000
Step [1500] | D_Loss: 0.6593 | G_Loss: 3.9375 | G_GAN: 8.4731 | L_Words: -0.9981 | L_Sent: 0.0001 | L_DAMSM: -0.9980 | L_KL: 0.2272 | Gamma_DAMSM: 5.0000 | Lambda_KL: 2.0000
Step [1501] | D_Loss: 0.6534 | G_Loss: 6.2712 | G_GAN: 10.7929 | L_Words: -0.9969 | L_Sent: 0.0001 | L_DAMSM: -0.9968 | L_KL: 0.2310 | Gamma_DAMSM: 5.0000 | Lambda_KL: 2.0000
Step [1502] | D_Loss: 0.5019 | G_Loss: 6.3265 | G_GAN: 10.8466 | L_Words: -0.9980 | L_Sent: 0.0001 | L_DAMSM: -0.9979 | L_KL: 0.2347 | Gamma_DAMSM: 5.0000 | Lambda_KL: 2.0000
Step [1503] | D_Loss: 0.6473 | G_Loss: 5.5778 | G_GAN: 10.0906 | L_Words: -0.9966 | L_Sent: 0.0001 | L_DAMSM: -0.9965 | L_KL: 0.2348 | Gamma_DAMSM: 5.0000 | Lambda_KL: 2.0000
Step [1504] | D_Loss: 1.0001 | G_Loss: 2.3490 | G_GAN: 6.8665 | L_Words: -0.9979 | L_Sent: 0.0001 | L_DAMSM: -0.9978 | L_KL: 0.2357 | Gamma_DAMSM: 5.0000 | Lambda_KL: 2.0000
Step [1505] | D_Loss: 0.4233 | G_Loss: 5.7236 | G_GAN: 10.2347 | L_Words: -0.9965 | L_Sent: 0.0001 | L_DAMSM: -0.9964 | L_KL: 0.2354 | Gamma_DAMSM: 5.0000 | Lambda_KL: 2.0000
Step [1506] | D_Loss: 0.5718 | G_Loss: 2.7633 | G_GAN: 7.2777 | L_Words: -0.9975 | L_Sent: 0.0002 | L_DAMSM: -0.9973 | L_KL: 0.2360 | Gamma_DAMSM: 5.0000 | Lambda_KL: 2.0000
Step [1507] | D_Loss: 0.3456 | G_Loss: 3.2906 | G_GAN: 7.8067 | L_Words: -0.9965 | L_Sent: 0.0000 | L_DAMSM: -0.9965 | L_KL: 0.2331 | Gamma_DAMSM: 5.0000 | Lambda_KL: 2.0000
Step [1508] | D_Loss: 0.5242 | G_Loss: 9.3847 | G_GAN: 13.9045 | L_Words: -0.9977 | L_Sent: 0.0001 | L_DAMSM: -0.9976 | L_KL: 0.2341 | Gamma_DAMSM: 5.0000 | Lambda_KL: 2.0000
Step [1509] | D_Loss: 0.3969 | G_Loss: 8.2919 | G_GAN: 12.8144 | L_Words: -0.9982 | L_Sent: 0.0001 | L_DAMSM: -0.9981 | L_KL: 0.2340 | Gamma_DAMSM: 5.0000 | Lambda_KL: 2.0000
Step [1510] | D_Loss: 0.4140 | G_Loss: 3.0225 | G_GAN: 7.5504 | L_Words: -0.9985 | L_Sent: 0.0001 | L_DAMSM: -0.9984 | L_KL: 0.2320 | Gamma_DAMSM: 5.0000 | Lambda_KL: 2.0000
Step [1511] | D_Loss: 0.6253 | G_Loss: 5.5784 | G_GAN: 10.1013 | L_Words: -0.9978 | L_Sent: 0.0000 | L_DAMSM: -0.9977 | L_KL: 0.2329 | Gamma_DAMSM: 5.0000 | Lambda_KL: 2.0000
Step [1512] | D_Loss: 0.8120 | G_Loss: 2.8586 | G_GAN: 7.3671 | L_Words: -0.9963 | L_Sent: 0.0001 | L_DAMSM: -0.9962 | L_KL: 0.2363 | Gamma_DAMSM: 5.0000 | Lambda_KL: 2.0000
Step [1513] | D_Loss: 0.5258 | G_Loss: 3.9417 | G_GAN: 8.4579 | L_Words: -0.9981 | L_Sent: 0.0001 | L_DAMSM: -0.9981 | L_KL: 0.2370 | Gamma_DAMSM: 5.0000 | Lambda_KL: 2.0000
Step [1514] | D_Loss: 0.3045 | G_Loss: 8.2552 | G_GAN: 12.7752 | L_Words: -0.9985 | L_Sent: 0.0000 | L_DAMSM: -0.9984 | L_KL: 0.2361 | Gamma_DAMSM: 5.0000 | Lambda_KL: 2.0000
Step [1515] | D_Loss: 0.6141 | G_Loss: 5.2044 | G_GAN: 9.7199 | L_Words: -0.9979 | L_Sent: 0.0001 | L_DAMSM: -0.9978 | L_KL: 0.2367 | Gamma_DAMSM: 5.0000 | Lambda_KL: 2.0000
Step [1516] | D_Loss: 1.0039 | G_Loss: 0.3346 | G_GAN: 4.8480 | L_Words: -0.9971 | L_Sent: 0.0000 | L_DAMSM: -0.9971 | L_KL: 0.2360 | Gamma_DAMSM: 5.0000 | Lambda_KL: 2.0000
Step [1517] | D_Loss: 0.5577 | G_Loss: 6.4091 | G_GAN: 10.9241 | L_Words: -0.9973 | L_Sent: 0.0000 | L_DAMSM: -0.9973 | L_KL: 0.2358 | Gamma_DAMSM: 5.0000 | Lambda_KL: 2.0000
Step [1518] | D_Loss: 0.3463 | G_Loss: 10.0261 | G_GAN: 14.5452 | L_Words: -0.9984 | L_Sent: 0.0001 | L_DAMSM: -0.9983 | L_KL: 0.2362 | Gamma_DAMSM: 5.0000 | Lambda_KL: 2.0000
Step [1519] | D_Loss: 0.1856 | G_Loss: 12.3818 | G_GAN: 16.8951 | L_Words: -0.9978 | L_Sent: 0.0001 | L_DAMSM: -0.9977 | L_KL: 0.2377 | Gamma_DAMSM: 5.0000 | Lambda_KL: 2.0000
Step [1520] | D_Loss: 0.9687 | G_Loss: 9.9090 | G_GAN: 14.4175 | L_Words: -0.9971 | L_Sent: 0.0001 | L_DAMSM: -0.9971 | L_KL: 0.2384 | Gamma_DAMSM: 5.0000 | Lambda_KL: 2.0000
Step [1521] | D_Loss: 0.4097 | G_Loss: 1.8273 | G_GAN: 6.3320 | L_Words: -0.9964 | L_Sent: 0.0001 | L_DAMSM: -0.9964 | L_KL: 0.2386 | Gamma_DAMSM: 5.0000 | Lambda_KL: 2.0000
Step [1522] | D_Loss: 0.9033 | G_Loss: 9.1540 | G_GAN: 13.6692 | L_Words: -0.9982 | L_Sent: 0.0000 | L_DAMSM: -0.9981 | L_KL: 0.2377 | Gamma_DAMSM: 5.0000 | Lambda_KL: 2.0000
Step [1523] | D_Loss: 1.0723 | G_Loss: 8.4766 | G_GAN: 12.9888 | L_Words: -0.9979 | L_Sent: 0.0001 | L_DAMSM: -0.9979 | L_KL: 0.2386 | Gamma_DAMSM: 5.0000 | Lambda_KL: 2.0000
Step [1524] | D_Loss: 0.5618 | G_Loss: 6.2425 | G_GAN: 10.7547 | L_Words: -0.9979 | L_Sent: 0.0001 | L_DAMSM: -0.9978 | L_KL: 0.2384 | Gamma_DAMSM: 5.0000 | Lambda_KL: 2.0000
Step [1525] | D_Loss: 0.5822 | G_Loss: 2.3108 | G_GAN: 6.8191 | L_Words: -0.9976 | L_Sent: 0.0001 | L_DAMSM: -0.9976 | L_KL: 0.2398 | Gamma_DAMSM: 5.0000 | Lambda_KL: 2.0000
Step [1526] | D_Loss: 1.1684 | G_Loss: 3.6714 | G_GAN: 8.1724 | L_Words: -0.9970 | L_Sent: 0.0001 | L_DAMSM: -0.9969 | L_KL: 0.2417 | Gamma_DAMSM: 5.0000 | Lambda_KL: 2.0000
Step [1527] | D_Loss: 0.6484 | G_Loss: 8.1088 | G_GAN: 12.6166 | L_Words: -0.9973 | L_Sent: 0.0001 | L_DAMSM: -0.9972 | L_KL: 0.2392 | Gamma_DAMSM: 5.0000 | Lambda_KL: 2.0000
Step [1528] | D_Loss: 0.5540 | G_Loss: 6.1583 | G_GAN: 10.6695 | L_Words: -0.9982 | L_Sent: 0.0001 | L_DAMSM: -0.9981 | L_KL: 0.2396 | Gamma_DAMSM: 5.0000 | Lambda_KL: 2.0000
Step [1529] | D_Loss: 1.4176 | G_Loss: 2.9429 | G_GAN: 7.4514 | L_Words: -0.9982 | L_Sent: 0.0001 | L_DAMSM: -0.9982 | L_KL: 0.2411 | Gamma_DAMSM: 5.0000 | Lambda_KL: 2.0000
Step [1530] | D_Loss: 0.6030 | G_Loss: 2.1194 | G_GAN: 6.6249 | L_Words: -0.9980 | L_Sent: 0.0000 | L_DAMSM: -0.9980 | L_KL: 0.2422 | Gamma_DAMSM: 5.0000 | Lambda_KL: 2.0000
Step [1531] | D_Loss: 0.7387 | G_Loss: 4.4485 | G_GAN: 8.9400 | L_Words: -0.9959 | L_Sent: 0.0001 | L_DAMSM: -0.9958 | L_KL: 0.2438 | Gamma_DAMSM: 5.0000 | Lambda_KL: 2.0000
Step [1532] | D_Loss: 0.3691 | G_Loss: 4.8165 | G_GAN: 9.3091 | L_Words: -0.9954 | L_Sent: 0.0001 | L_DAMSM: -0.9953 | L_KL: 0.2419 | Gamma_DAMSM: 5.0000 | Lambda_KL: 2.0000
Step [1533] | D_Loss: 0.3862 | G_Loss: 4.8046 | G_GAN: 9.3106 | L_Words: -0.9978 | L_Sent: 0.0001 | L_DAMSM: -0.9977 | L_KL: 0.2413 | Gamma_DAMSM: 5.0000 | Lambda_KL: 2.0000
Step [1534] | D_Loss: 0.3548 | G_Loss: 1.6917 | G_GAN: 6.1991 | L_Words: -0.9979 | L_Sent: 0.0000 | L_DAMSM: -0.9978 | L_KL: 0.2409 | Gamma_DAMSM: 5.0000 | Lambda_KL: 2.0000
Step [1535] | D_Loss: 0.8075 | G_Loss: 4.5717 | G_GAN: 9.0762 | L_Words: -0.9976 | L_Sent: 0.0001 | L_DAMSM: -0.9975 | L_KL: 0.2416 | Gamma_DAMSM: 5.0000 | Lambda_KL: 2.0000
Step [1536] | D_Loss: 0.3260 | G_Loss: 5.9390 | G_GAN: 10.4377 | L_Words: -0.9969 | L_Sent: 0.0001 | L_DAMSM: -0.9968 | L_KL: 0.2426 | Gamma_DAMSM: 5.0000 | Lambda_KL: 2.0000
Step [1537] | D_Loss: 0.5354 | G_Loss: 5.3174 | G_GAN: 9.8258 | L_Words: -0.9985 | L_Sent: 0.0001 | L_DAMSM: -0.9984 | L_KL: 0.2418 | Gamma_DAMSM: 5.0000 | Lambda_KL: 2.0000
Step [1538] | D_Loss: 0.8114 | G_Loss: 5.8215 | G_GAN: 10.3325 | L_Words: -0.9986 | L_Sent: 0.0001 | L_DAMSM: -0.9985 | L_KL: 0.2408 | Gamma_DAMSM: 5.0000 | Lambda_KL: 2.0000
Step [1539] | D_Loss: 0.9939 | G_Loss: 8.0158 | G_GAN: 12.5042 | L_Words: -0.9936 | L_Sent: 0.0001 | L_DAMSM: -0.9934 | L_KL: 0.2393 | Gamma_DAMSM: 5.0000 | Lambda_KL: 2.0000
Step [1540] | D_Loss: 0.4645 | G_Loss: 7.0616 | G_GAN: 11.5687 | L_Words: -0.9973 | L_Sent: 0.0001 | L_DAMSM: -0.9973 | L_KL: 0.2396 | Gamma_DAMSM: 5.0000 | Lambda_KL: 2.0000
Step [1541] | D_Loss: 0.4757 | G_Loss: 6.6155 | G_GAN: 11.1217 | L_Words: -0.9983 | L_Sent: 0.0001 | L_DAMSM: -0.9982 | L_KL: 0.2424 | Gamma_DAMSM: 5.0000 | Lambda_KL: 2.0000
Step [1542] | D_Loss: 0.4488 | G_Loss: 8.6260 | G_GAN: 13.1311 | L_Words: -0.9980 | L_Sent: 0.0001 | L_DAMSM: -0.9979 | L_KL: 0.2422 | Gamma_DAMSM: 5.0000 | Lambda_KL: 2.0000
Step [1543] | D_Loss: 0.2849 | G_Loss: 7.4837 | G_GAN: 11.9865 | L_Words: -0.9978 | L_Sent: 0.0001 | L_DAMSM: -0.9977 | L_KL: 0.2429 | Gamma_DAMSM: 5.0000 | Lambda_KL: 2.0000
Step [1544] | D_Loss: 0.4520 | G_Loss: 6.5080 | G_GAN: 11.0150 | L_Words: -0.9981 | L_Sent: 0.0001 | L_DAMSM: -0.9981 | L_KL: 0.2417 | Gamma_DAMSM: 5.0000 | Lambda_KL: 2.0000
Step [1545] | D_Loss: 0.9468 | G_Loss: 4.3667 | G_GAN: 8.8754 | L_Words: -0.9982 | L_Sent: 0.0000 | L_DAMSM: -0.9982 | L_KL: 0.2411 | Gamma_DAMSM: 5.0000 | Lambda_KL: 2.0000
Step [1546] | D_Loss: 1.5200 | G_Loss: 8.8417 | G_GAN: 13.3358 | L_Words: -0.9952 | L_Sent: 0.0001 | L_DAMSM: -0.9951 | L_KL: 0.2407 | Gamma_DAMSM: 5.0000 | Lambda_KL: 2.0000
Step [1547] | D_Loss: 1.1468 | G_Loss: 5.4910 | G_GAN: 10.0034 | L_Words: -0.9978 | L_Sent: 0.0000 | L_DAMSM: -0.9978 | L_KL: 0.2383 | Gamma_DAMSM: 5.0000 | Lambda_KL: 2.0000
Step [1548] | D_Loss: 0.7358 | G_Loss: 3.2158 | G_GAN: 7.7322 | L_Words: -0.9987 | L_Sent: 0.0001 | L_DAMSM: -0.9987 | L_KL: 0.2385 | Gamma_DAMSM: 5.0000 | Lambda_KL: 2.0000
Step [1549] | D_Loss: 1.0069 | G_Loss: 2.4715 | G_GAN: 6.9814 | L_Words: -0.9977 | L_Sent: 0.0001 | L_DAMSM: -0.9976 | L_KL: 0.2390 | Gamma_DAMSM: 5.0000 | Lambda_KL: 2.0000
Step [1550] | D_Loss: 0.8481 | G_Loss: 1.8120 | G_GAN: 6.3238 | L_Words: -0.9980 | L_Sent: 0.0000 | L_DAMSM: -0.9980 | L_KL: 0.2391 | Gamma_DAMSM: 5.0000 | Lambda_KL: 2.0000
Step [1551] | D_Loss: 0.9948 | G_Loss: 5.6439 | G_GAN: 10.1529 | L_Words: -0.9970 | L_Sent: 0.0001 | L_DAMSM: -0.9969 | L_KL: 0.2379 | Gamma_DAMSM: 5.0000 | Lambda_KL: 2.0000
Step [1552] | D_Loss: 1.3349 | G_Loss: 2.6377 | G_GAN: 7.1506 | L_Words: -0.9977 | L_Sent: 0.0001 | L_DAMSM: -0.9977 | L_KL: 0.2377 | Gamma_DAMSM: 5.0000 | Lambda_KL: 2.0000
Step [1553] | D_Loss: 0.5862 | G_Loss: 4.3240 | G_GAN: 8.8436 | L_Words: -0.9986 | L_Sent: 0.0001 | L_DAMSM: -0.9985 | L_KL: 0.2365 | Gamma_DAMSM: 5.0000 | Lambda_KL: 2.0000
Step [1554] | D_Loss: 0.2829 | G_Loss: 4.8815 | G_GAN: 9.3927 | L_Words: -0.9970 | L_Sent: 0.0001 | L_DAMSM: -0.9969 | L_KL: 0.2367 | Gamma_DAMSM: 5.0000 | Lambda_KL: 2.0000
Step [1555] | D_Loss: 0.3603 | G_Loss: 3.6396 | G_GAN: 8.1567 | L_Words: -0.9978 | L_Sent: 0.0001 | L_DAMSM: -0.9977 | L_KL: 0.2356 | Gamma_DAMSM: 5.0000 | Lambda_KL: 2.0000
Step [1556] | D_Loss: 0.2372 | G_Loss: 5.6434 | G_GAN: 10.1643 | L_Words: -0.9985 | L_Sent: 0.0001 | L_DAMSM: -0.9984 | L_KL: 0.2356 | Gamma_DAMSM: 5.0000 | Lambda_KL: 2.0000
Step [1557] | D_Loss: 0.8467 | G_Loss: 0.8257 | G_GAN: 5.3376 | L_Words: -0.9964 | L_Sent: 0.0001 | L_DAMSM: -0.9964 | L_KL: 0.2350 | Gamma_DAMSM: 5.0000 | Lambda_KL: 2.0000
Step [1558] | D_Loss: 0.7052 | G_Loss: 4.1853 | G_GAN: 8.7026 | L_Words: -0.9976 | L_Sent: 0.0001 | L_DAMSM: -0.9975 | L_KL: 0.2351 | Gamma_DAMSM: 5.0000 | Lambda_KL: 2.0000
Step [1559] | D_Loss: 0.5304 | G_Loss: 4.6008 | G_GAN: 9.1172 | L_Words: -0.9977 | L_Sent: 0.0001 | L_DAMSM: -0.9977 | L_KL: 0.2360 | Gamma_DAMSM: 5.0000 | Lambda_KL: 2.0000
Step [1560] | D_Loss: 0.9392 | G_Loss: 1.9431 | G_GAN: 6.4404 | L_Words: -0.9932 | L_Sent: 0.0001 | L_DAMSM: -0.9931 | L_KL: 0.2341 | Gamma_DAMSM: 5.0000 | Lambda_KL: 2.0000
Step [1561] | D_Loss: 1.1496 | G_Loss: 2.3062 | G_GAN: 6.8252 | L_Words: -0.9975 | L_Sent: 0.0001 | L_DAMSM: -0.9975 | L_KL: 0.2342 | Gamma_DAMSM: 5.0000 | Lambda_KL: 2.0000
Step [1562] | D_Loss: 1.1442 | G_Loss: 3.0854 | G_GAN: 7.6054 | L_Words: -0.9976 | L_Sent: 0.0001 | L_DAMSM: -0.9975 | L_KL: 0.2337 | Gamma_DAMSM: 5.0000 | Lambda_KL: 2.0000
Step [1563] | D_Loss: 0.4715 | G_Loss: 4.6946 | G_GAN: 9.2162 | L_Words: -0.9970 | L_Sent: 0.0000 | L_DAMSM: -0.9970 | L_KL: 0.2316 | Gamma_DAMSM: 5.0000 | Lambda_KL: 2.0000
Step [1564] | D_Loss: 0.6022 | G_Loss: 3.9747 | G_GAN: 8.4991 | L_Words: -0.9974 | L_Sent: 0.0001 | L_DAMSM: -0.9973 | L_KL: 0.2310 | Gamma_DAMSM: 5.0000 | Lambda_KL: 2.0000
Step [1565] | D_Loss: 0.8151 | G_Loss: 5.9512 | G_GAN: 10.4797 | L_Words: -0.9981 | L_Sent: 0.0001 | L_DAMSM: -0.9980 | L_KL: 0.2306 | Gamma_DAMSM: 5.0000 | Lambda_KL: 2.0000
Step [1566] | D_Loss: 1.4628 | G_Loss: 4.2920 | G_GAN: 8.8234 | L_Words: -0.9974 | L_Sent: 0.0001 | L_DAMSM: -0.9973 | L_KL: 0.2276 | Gamma_DAMSM: 5.0000 | Lambda_KL: 2.0000
Step [1567] | D_Loss: 0.7213 | G_Loss: 2.3767 | G_GAN: 6.9126 | L_Words: -0.9983 | L_Sent: 0.0001 | L_DAMSM: -0.9982 | L_KL: 0.2276 | Gamma_DAMSM: 5.0000 | Lambda_KL: 2.0000
Step [1568] | D_Loss: 0.9744 | G_Loss: 3.0466 | G_GAN: 7.5776 | L_Words: -0.9975 | L_Sent: 0.0001 | L_DAMSM: -0.9974 | L_KL: 0.2280 | Gamma_DAMSM: 5.0000 | Lambda_KL: 2.0000
Step [1569] | D_Loss: 1.0060 | G_Loss: 4.9899 | G_GAN: 9.5260 | L_Words: -0.9980 | L_Sent: 0.0001 | L_DAMSM: -0.9979 | L_KL: 0.2266 | Gamma_DAMSM: 5.0000 | Lambda_KL: 2.0000
Step [1570] | D_Loss: 0.4257 | G_Loss: 5.1376 | G_GAN: 9.6742 | L_Words: -0.9978 | L_Sent: 0.0001 | L_DAMSM: -0.9977 | L_KL: 0.2261 | Gamma_DAMSM: 5.0000 | Lambda_KL: 2.0000
Step [1571] | D_Loss: 0.3373 | G_Loss: 4.1470 | G_GAN: 8.6886 | L_Words: -0.9985 | L_Sent: 0.0001 | L_DAMSM: -0.9985 | L_KL: 0.2254 | Gamma_DAMSM: 5.0000 | Lambda_KL: 2.0000
Step [1572] | D_Loss: 1.4518 | G_Loss: 0.7546 | G_GAN: 5.2959 | L_Words: -0.9983 | L_Sent: 0.0000 | L_DAMSM: -0.9982 | L_KL: 0.2249 | Gamma_DAMSM: 5.0000 | Lambda_KL: 2.0000
Step [1573] | D_Loss: 0.8985 | G_Loss: 1.7527 | G_GAN: 6.2761 | L_Words: -0.9949 | L_Sent: 0.0001 | L_DAMSM: -0.9948 | L_KL: 0.2253 | Gamma_DAMSM: 5.0000 | Lambda_KL: 2.0000
Step [1574] | D_Loss: 0.9017 | G_Loss: 2.4979 | G_GAN: 7.0290 | L_Words: -0.9967 | L_Sent: 0.0001 | L_DAMSM: -0.9966 | L_KL: 0.2258 | Gamma_DAMSM: 5.0000 | Lambda_KL: 2.0000
Step [1575] | D_Loss: 1.1644 | G_Loss: 2.7263 | G_GAN: 7.2598 | L_Words: -0.9974 | L_Sent: 0.0001 | L_DAMSM: -0.9973 | L_KL: 0.2266 | Gamma_DAMSM: 5.0000 | Lambda_KL: 2.0000
Step [1576] | D_Loss: 0.5337 | G_Loss: 1.3658 | G_GAN: 5.9045 | L_Words: -0.9982 | L_Sent: 0.0001 | L_DAMSM: -0.9981 | L_KL: 0.2260 | Gamma_DAMSM: 5.0000 | Lambda_KL: 2.0000
Step [1577] | D_Loss: 0.5575 | G_Loss: 2.5330 | G_GAN: 7.0815 | L_Words: -0.9975 | L_Sent: 0.0001 | L_DAMSM: -0.9974 | L_KL: 0.2193 | Gamma_DAMSM: 5.0000 | Lambda_KL: 2.0000
Step [1578] | D_Loss: 0.3462 | G_Loss: 1.5839 | G_GAN: 6.1429 | L_Words: -0.9979 | L_Sent: 0.0001 | L_DAMSM: -0.9978 | L_KL: 0.2150 | Gamma_DAMSM: 5.0000 | Lambda_KL: 2.0000
Step [1579] | D_Loss: 0.6379 | G_Loss: 3.6598 | G_GAN: 8.2241 | L_Words: -0.9979 | L_Sent: 0.0000 | L_DAMSM: -0.9979 | L_KL: 0.2126 | Gamma_DAMSM: 5.0000 | Lambda_KL: 2.0000
Step [1580] | D_Loss: 0.9056 | G_Loss: 1.6977 | G_GAN: 6.2544 | L_Words: -0.9969 | L_Sent: 0.0001 | L_DAMSM: -0.9969 | L_KL: 0.2139 | Gamma_DAMSM: 5.0000 | Lambda_KL: 2.0000
Step [1581] | D_Loss: 0.6680 | G_Loss: 3.1646 | G_GAN: 7.7232 | L_Words: -0.9974 | L_Sent: 0.0001 | L_DAMSM: -0.9974 | L_KL: 0.2141 | Gamma_DAMSM: 5.0000 | Lambda_KL: 2.0000
Step [1582] | D_Loss: 0.4833 | G_Loss: 8.1871 | G_GAN: 12.7453 | L_Words: -0.9981 | L_Sent: 0.0001 | L_DAMSM: -0.9980 | L_KL: 0.2159 | Gamma_DAMSM: 5.0000 | Lambda_KL: 2.0000
Step [1583] | D_Loss: 1.7552 | G_Loss: 3.2901 | G_GAN: 7.8453 | L_Words: -0.9976 | L_Sent: 0.0000 | L_DAMSM: -0.9975 | L_KL: 0.2162 | Gamma_DAMSM: 5.0000 | Lambda_KL: 2.0000
Step [1584] | D_Loss: 1.0269 | G_Loss: 1.4852 | G_GAN: 6.0405 | L_Words: -0.9977 | L_Sent: 0.0001 | L_DAMSM: -0.9976 | L_KL: 0.2162 | Gamma_DAMSM: 5.0000 | Lambda_KL: 2.0000
Step [1585] | D_Loss: 0.9411 | G_Loss: 2.0391 | G_GAN: 6.5985 | L_Words: -0.9980 | L_Sent: 0.0001 | L_DAMSM: -0.9979 | L_KL: 0.2152 | Gamma_DAMSM: 5.0000 | Lambda_KL: 2.0000
Step [1586] | D_Loss: 0.4926 | G_Loss: 4.7042 | G_GAN: 9.2643 | L_Words: -0.9978 | L_Sent: 0.0000 | L_DAMSM: -0.9977 | L_KL: 0.2142 | Gamma_DAMSM: 5.0000 | Lambda_KL: 2.0000
Step [1587] | D_Loss: 0.9950 | G_Loss: 2.1932 | G_GAN: 6.7607 | L_Words: -0.9979 | L_Sent: 0.0001 | L_DAMSM: -0.9978 | L_KL: 0.2108 | Gamma_DAMSM: 5.0000 | Lambda_KL: 2.0000
Step [1588] | D_Loss: 0.8005 | G_Loss: 3.9806 | G_GAN: 8.5477 | L_Words: -0.9972 | L_Sent: 0.0001 | L_DAMSM: -0.9972 | L_KL: 0.2093 | Gamma_DAMSM: 5.0000 | Lambda_KL: 2.0000
Step [1589] | D_Loss: 0.4017 | G_Loss: 4.5385 | G_GAN: 9.1074 | L_Words: -0.9976 | L_Sent: 0.0001 | L_DAMSM: -0.9976 | L_KL: 0.2095 | Gamma_DAMSM: 5.0000 | Lambda_KL: 2.0000
Step [1590] | D_Loss: 0.4393 | G_Loss: 1.9546 | G_GAN: 6.5208 | L_Words: -0.9974 | L_Sent: 0.0001 | L_DAMSM: -0.9973 | L_KL: 0.2102 | Gamma_DAMSM: 5.0000 | Lambda_KL: 2.0000
Step [1591] | D_Loss: 0.8724 | G_Loss: 2.9938 | G_GAN: 7.5651 | L_Words: -0.9983 | L_Sent: 0.0001 | L_DAMSM: -0.9982 | L_KL: 0.2099 | Gamma_DAMSM: 5.0000 | Lambda_KL: 2.0000
Step [1592] | D_Loss: 0.3239 | G_Loss: 3.4853 | G_GAN: 8.0559 | L_Words: -0.9972 | L_Sent: 0.0001 | L_DAMSM: -0.9972 | L_KL: 0.2076 | Gamma_DAMSM: 5.0000 | Lambda_KL: 2.0000
Step [1593] | D_Loss: 0.4280 | G_Loss: 4.3816 | G_GAN: 8.9642 | L_Words: -0.9983 | L_Sent: 0.0001 | L_DAMSM: -0.9983 | L_KL: 0.2045 | Gamma_DAMSM: 5.0000 | Lambda_KL: 2.0000
Step [1594] | D_Loss: 0.3962 | G_Loss: 3.5094 | G_GAN: 8.0880 | L_Words: -0.9969 | L_Sent: 0.0001 | L_DAMSM: -0.9969 | L_KL: 0.2029 | Gamma_DAMSM: 5.0000 | Lambda_KL: 2.0000
Step [1595] | D_Loss: 0.8874 | G_Loss: 3.3832 | G_GAN: 7.9685 | L_Words: -0.9979 | L_Sent: 0.0001 | L_DAMSM: -0.9978 | L_KL: 0.2019 | Gamma_DAMSM: 5.0000 | Lambda_KL: 2.0000
Step [1596] | D_Loss: 0.2930 | G_Loss: 2.3314 | G_GAN: 6.9058 | L_Words: -0.9956 | L_Sent: 0.0002 | L_DAMSM: -0.9954 | L_KL: 0.2013 | Gamma_DAMSM: 5.0000 | Lambda_KL: 2.0000
Step [1597] | D_Loss: 0.7851 | G_Loss: 6.4642 | G_GAN: 11.0565 | L_Words: -0.9983 | L_Sent: 0.0001 | L_DAMSM: -0.9983 | L_KL: 0.1995 | Gamma_DAMSM: 5.0000 | Lambda_KL: 2.0000
Step [1598] | D_Loss: 0.6300 | G_Loss: 5.0705 | G_GAN: 9.6618 | L_Words: -0.9977 | L_Sent: 0.0001 | L_DAMSM: -0.9976 | L_KL: 0.1983 | Gamma_DAMSM: 5.0000 | Lambda_KL: 2.0000
Step [1599] | D_Loss: 2.2376 | G_Loss: 2.4314 | G_GAN: 7.0207 | L_Words: -0.9972 | L_Sent: 0.0001 | L_DAMSM: -0.9971 | L_KL: 0.1981 | Gamma_DAMSM: 5.0000 | Lambda_KL: 2.0000
Step [1600] | D_Loss: 0.6969 | G_Loss: 6.8870 | G_GAN: 11.4778 | L_Words: -0.9978 | L_Sent: 0.0001 | L_DAMSM: -0.9977 | L_KL: 0.1988 | Gamma_DAMSM: 5.0000 | Lambda_KL: 2.0000
Step [1601] | D_Loss: 0.2373 | G_Loss: 5.1009 | G_GAN: 9.6912 | L_Words: -0.9981 | L_Sent: 0.0000 | L_DAMSM: -0.9980 | L_KL: 0.1999 | Gamma_DAMSM: 5.0000 | Lambda_KL: 2.0000
Step [1602] | D_Loss: 0.5625 | G_Loss: 2.2690 | G_GAN: 6.8596 | L_Words: -0.9983 | L_Sent: 0.0001 | L_DAMSM: -0.9982 | L_KL: 0.2003 | Gamma_DAMSM: 5.0000 | Lambda_KL: 2.0000
Step [1603] | D_Loss: 0.4033 | G_Loss: 3.2344 | G_GAN: 7.8235 | L_Words: -0.9984 | L_Sent: 0.0000 | L_DAMSM: -0.9984 | L_KL: 0.2013 | Gamma_DAMSM: 5.0000 | Lambda_KL: 2.0000
Step [1604] | D_Loss: 0.8852 | G_Loss: 1.9976 | G_GAN: 6.5852 | L_Words: -0.9986 | L_Sent: 0.0001 | L_DAMSM: -0.9985 | L_KL: 0.2024 | Gamma_DAMSM: 5.0000 | Lambda_KL: 2.0000
Step [1605] | D_Loss: 0.7926 | G_Loss: 5.7562 | G_GAN: 10.3311 | L_Words: -0.9964 | L_Sent: 0.0000 | L_DAMSM: -0.9964 | L_KL: 0.2035 | Gamma_DAMSM: 5.0000 | Lambda_KL: 2.0000
Step [1606] | D_Loss: 0.2427 | G_Loss: 5.4659 | G_GAN: 10.0487 | L_Words: -0.9977 | L_Sent: 0.0000 | L_DAMSM: -0.9977 | L_KL: 0.2027 | Gamma_DAMSM: 5.0000 | Lambda_KL: 2.0000
Step [1607] | D_Loss: 0.5321 | G_Loss: 4.8535 | G_GAN: 9.4408 | L_Words: -0.9984 | L_Sent: 0.0001 | L_DAMSM: -0.9984 | L_KL: 0.2023 | Gamma_DAMSM: 5.0000 | Lambda_KL: 2.0000
Step [1608] | D_Loss: 0.4814 | G_Loss: 5.6722 | G_GAN: 10.2579 | L_Words: -0.9981 | L_Sent: 0.0001 | L_DAMSM: -0.9980 | L_KL: 0.2023 | Gamma_DAMSM: 5.0000 | Lambda_KL: 2.0000
Step [1609] | D_Loss: 0.5917 | G_Loss: 2.9937 | G_GAN: 7.5788 | L_Words: -0.9984 | L_Sent: 0.0001 | L_DAMSM: -0.9984 | L_KL: 0.2034 | Gamma_DAMSM: 5.0000 | Lambda_KL: 2.0000
Step [1610] | D_Loss: 0.5180 | G_Loss: 1.3793 | G_GAN: 5.9484 | L_Words: -0.9955 | L_Sent: 0.0001 | L_DAMSM: -0.9954 | L_KL: 0.2040 | Gamma_DAMSM: 5.0000 | Lambda_KL: 2.0000
Step [1611] | D_Loss: 0.6561 | G_Loss: 8.2856 | G_GAN: 12.8670 | L_Words: -0.9971 | L_Sent: 0.0001 | L_DAMSM: -0.9971 | L_KL: 0.2020 | Gamma_DAMSM: 5.0000 | Lambda_KL: 2.0000
Step [1612] | D_Loss: 0.9001 | G_Loss: 5.3246 | G_GAN: 9.9161 | L_Words: -0.9986 | L_Sent: 0.0000 | L_DAMSM: -0.9986 | L_KL: 0.2006 | Gamma_DAMSM: 5.0000 | Lambda_KL: 2.0000
Step [1613] | D_Loss: 0.3090 | G_Loss: 5.7273 | G_GAN: 10.3078 | L_Words: -0.9967 | L_Sent: 0.0001 | L_DAMSM: -0.9966 | L_KL: 0.2012 | Gamma_DAMSM: 5.0000 | Lambda_KL: 2.0000
Step [1614] | D_Loss: 0.4199 | G_Loss: 4.5556 | G_GAN: 9.1441 | L_Words: -0.9978 | L_Sent: 0.0000 | L_DAMSM: -0.9978 | L_KL: 0.2002 | Gamma_DAMSM: 5.0000 | Lambda_KL: 2.0000
Step [1615] | D_Loss: 0.2336 | G_Loss: 6.3253 | G_GAN: 10.9127 | L_Words: -0.9986 | L_Sent: 0.0001 | L_DAMSM: -0.9985 | L_KL: 0.2025 | Gamma_DAMSM: 5.0000 | Lambda_KL: 2.0000
Step [1616] | D_Loss: 0.5538 | G_Loss: 3.5947 | G_GAN: 8.1737 | L_Words: -0.9975 | L_Sent: 0.0001 | L_DAMSM: -0.9975 | L_KL: 0.2041 | Gamma_DAMSM: 5.0000 | Lambda_KL: 2.0000
Step [1617] | D_Loss: 0.9455 | G_Loss: 2.9186 | G_GAN: 7.4957 | L_Words: -0.9967 | L_Sent: 0.0000 | L_DAMSM: -0.9967 | L_KL: 0.2031 | Gamma_DAMSM: 5.0000 | Lambda_KL: 2.0000
Step [1618] | D_Loss: 0.6693 | G_Loss: 4.0281 | G_GAN: 8.6019 | L_Words: -0.9967 | L_Sent: 0.0000 | L_DAMSM: -0.9966 | L_KL: 0.2047 | Gamma_DAMSM: 5.0000 | Lambda_KL: 2.0000
Step [1619] | D_Loss: 0.5268 | G_Loss: 9.6324 | G_GAN: 14.2238 | L_Words: -0.9984 | L_Sent: 0.0000 | L_DAMSM: -0.9984 | L_KL: 0.2003 | Gamma_DAMSM: 5.0000 | Lambda_KL: 2.0000
Step [1620] | D_Loss: 0.2698 | G_Loss: 8.6971 | G_GAN: 13.2799 | L_Words: -0.9969 | L_Sent: 0.0001 | L_DAMSM: -0.9968 | L_KL: 0.2006 | Gamma_DAMSM: 5.0000 | Lambda_KL: 2.0000
Step [1621] | D_Loss: 0.2078 | G_Loss: 5.9506 | G_GAN: 10.5289 | L_Words: -0.9968 | L_Sent: 0.0001 | L_DAMSM: -0.9967 | L_KL: 0.2026 | Gamma_DAMSM: 5.0000 | Lambda_KL: 2.0000
Step [1622] | D_Loss: 0.3588 | G_Loss: 7.8777 | G_GAN: 12.4589 | L_Words: -0.9978 | L_Sent: 0.0000 | L_DAMSM: -0.9978 | L_KL: 0.2038 | Gamma_DAMSM: 5.0000 | Lambda_KL: 2.0000
Step [1623] | D_Loss: 0.9051 | G_Loss: 0.1880 | G_GAN: 4.7630 | L_Words: -0.9972 | L_Sent: 0.0001 | L_DAMSM: -0.9970 | L_KL: 0.2051 | Gamma_DAMSM: 5.0000 | Lambda_KL: 2.0000
Step [1624] | D_Loss: 0.8022 | G_Loss: 4.3154 | G_GAN: 8.8942 | L_Words: -0.9978 | L_Sent: 0.0001 | L_DAMSM: -0.9978 | L_KL: 0.2051 | Gamma_DAMSM: 5.0000 | Lambda_KL: 2.0000
Step [1625] | D_Loss: 0.6289 | G_Loss: 6.5762 | G_GAN: 11.1530 | L_Words: -0.9975 | L_Sent: 0.0001 | L_DAMSM: -0.9974 | L_KL: 0.2051 | Gamma_DAMSM: 5.0000 | Lambda_KL: 2.0000
Step [1626] | D_Loss: 1.1353 | G_Loss: 5.4387 | G_GAN: 10.0207 | L_Words: -0.9974 | L_Sent: 0.0001 | L_DAMSM: -0.9973 | L_KL: 0.2022 | Gamma_DAMSM: 5.0000 | Lambda_KL: 2.0000
Step [1627] | D_Loss: 0.9843 | G_Loss: 7.4615 | G_GAN: 12.0589 | L_Words: -0.9974 | L_Sent: 0.0001 | L_DAMSM: -0.9974 | L_KL: 0.1947 | Gamma_DAMSM: 5.0000 | Lambda_KL: 2.0000
Step [1628] | D_Loss: 0.7838 | G_Loss: 6.6326 | G_GAN: 11.2345 | L_Words: -0.9972 | L_Sent: 0.0001 | L_DAMSM: -0.9971 | L_KL: 0.1918 | Gamma_DAMSM: 5.0000 | Lambda_KL: 2.0000
Step [1629] | D_Loss: 1.3873 | G_Loss: -0.4904 | G_GAN: 4.1175 | L_Words: -0.9979 | L_Sent: 0.0001 | L_DAMSM: -0.9978 | L_KL: 0.1906 | Gamma_DAMSM: 5.0000 | Lambda_KL: 2.0000
Step [1630] | D_Loss: 0.5294 | G_Loss: 4.7868 | G_GAN: 9.3981 | L_Words: -0.9981 | L_Sent: 0.0001 | L_DAMSM: -0.9979 | L_KL: 0.1891 | Gamma_DAMSM: 5.0000 | Lambda_KL: 2.0000
Step [1631] | D_Loss: 0.9071 | G_Loss: 5.3006 | G_GAN: 9.9092 | L_Words: -0.9980 | L_Sent: 0.0000 | L_DAMSM: -0.9980 | L_KL: 0.1907 | Gamma_DAMSM: 5.0000 | Lambda_KL: 2.0000
Step [1632] | D_Loss: 0.4674 | G_Loss: 5.4774 | G_GAN: 10.0861 | L_Words: -0.9982 | L_Sent: 0.0001 | L_DAMSM: -0.9981 | L_KL: 0.1910 | Gamma_DAMSM: 5.0000 | Lambda_KL: 2.0000
Step [1633] | D_Loss: 0.7811 | G_Loss: 2.8810 | G_GAN: 7.4825 | L_Words: -0.9969 | L_Sent: 0.0001 | L_DAMSM: -0.9968 | L_KL: 0.1912 | Gamma_DAMSM: 5.0000 | Lambda_KL: 2.0000
Step [1634] | D_Loss: 0.5254 | G_Loss: 1.1700 | G_GAN: 5.7688 | L_Words: -0.9962 | L_Sent: 0.0001 | L_DAMSM: -0.9961 | L_KL: 0.1909 | Gamma_DAMSM: 5.0000 | Lambda_KL: 2.0000
Step [1635] | D_Loss: 0.6298 | G_Loss: 7.8338 | G_GAN: 12.4379 | L_Words: -0.9967 | L_Sent: 0.0003 | L_DAMSM: -0.9964 | L_KL: 0.1890 | Gamma_DAMSM: 5.0000 | Lambda_KL: 2.0000
Step [1636] | D_Loss: 0.7392 | G_Loss: 7.3979 | G_GAN: 11.9998 | L_Words: -0.9966 | L_Sent: 0.0001 | L_DAMSM: -0.9965 | L_KL: 0.1903 | Gamma_DAMSM: 5.0000 | Lambda_KL: 2.0000
Step [1637] | D_Loss: 0.5124 | G_Loss: 3.6344 | G_GAN: 8.2402 | L_Words: -0.9976 | L_Sent: 0.0001 | L_DAMSM: -0.9975 | L_KL: 0.1909 | Gamma_DAMSM: 5.0000 | Lambda_KL: 2.0000
Step [1638] | D_Loss: 0.5846 | G_Loss: 3.4243 | G_GAN: 8.0434 | L_Words: -0.9974 | L_Sent: 0.0001 | L_DAMSM: -0.9974 | L_KL: 0.1840 | Gamma_DAMSM: 5.0000 | Lambda_KL: 2.0000
Step [1639] | D_Loss: 0.3496 | G_Loss: 5.8168 | G_GAN: 10.4375 | L_Words: -0.9971 | L_Sent: 0.0001 | L_DAMSM: -0.9970 | L_KL: 0.1822 | Gamma_DAMSM: 5.0000 | Lambda_KL: 2.0000
Step [1640] | D_Loss: 1.5015 | G_Loss: 4.5938 | G_GAN: 9.2230 | L_Words: -0.9982 | L_Sent: 0.0000 | L_DAMSM: -0.9982 | L_KL: 0.1808 | Gamma_DAMSM: 5.0000 | Lambda_KL: 2.0000
Step [1641] | D_Loss: 0.8361 | G_Loss: 2.4095 | G_GAN: 7.0390 | L_Words: -0.9979 | L_Sent: 0.0000 | L_DAMSM: -0.9979 | L_KL: 0.1800 | Gamma_DAMSM: 5.0000 | Lambda_KL: 2.0000
Step [1642] | D_Loss: 0.8954 | G_Loss: 1.5464 | G_GAN: 6.1773 | L_Words: -0.9981 | L_Sent: 0.0001 | L_DAMSM: -0.9981 | L_KL: 0.1797 | Gamma_DAMSM: 5.0000 | Lambda_KL: 2.0000
Step [1643] | D_Loss: 0.5614 | G_Loss: 2.5814 | G_GAN: 7.2064 | L_Words: -0.9974 | L_Sent: 0.0000 | L_DAMSM: -0.9974 | L_KL: 0.1809 | Gamma_DAMSM: 5.0000 | Lambda_KL: 2.0000
Step [1644] | D_Loss: 0.3582 | G_Loss: 2.6873 | G_GAN: 7.3161 | L_Words: -0.9976 | L_Sent: 0.0001 | L_DAMSM: -0.9976 | L_KL: 0.1795 | Gamma_DAMSM: 5.0000 | Lambda_KL: 2.0000
Step [1645] | D_Loss: 0.8461 | G_Loss: 2.0271 | G_GAN: 6.6614 | L_Words: -0.9985 | L_Sent: 0.0001 | L_DAMSM: -0.9985 | L_KL: 0.1791 | Gamma_DAMSM: 5.0000 | Lambda_KL: 2.0000
Step [1646] | D_Loss: 0.9093 | G_Loss: 4.4498 | G_GAN: 9.0813 | L_Words: -0.9980 | L_Sent: 0.0001 | L_DAMSM: -0.9980 | L_KL: 0.1792 | Gamma_DAMSM: 5.0000 | Lambda_KL: 2.0000
Step [1647] | D_Loss: 0.4372 | G_Loss: 4.9016 | G_GAN: 9.5323 | L_Words: -0.9977 | L_Sent: 0.0001 | L_DAMSM: -0.9977 | L_KL: 0.1788 | Gamma_DAMSM: 5.0000 | Lambda_KL: 2.0000
Step [1648] | D_Loss: 0.7001 | G_Loss: 5.3518 | G_GAN: 9.9828 | L_Words: -0.9976 | L_Sent: 0.0001 | L_DAMSM: -0.9976 | L_KL: 0.1784 | Gamma_DAMSM: 5.0000 | Lambda_KL: 2.0000
Step [1649] | D_Loss: 0.5924 | G_Loss: 2.8287 | G_GAN: 7.4610 | L_Words: -0.9972 | L_Sent: 0.0000 | L_DAMSM: -0.9972 | L_KL: 0.1768 | Gamma_DAMSM: 5.0000 | Lambda_KL: 2.0000
Step [1650] | D_Loss: 0.5321 | G_Loss: 5.0007 | G_GAN: 9.6346 | L_Words: -0.9976 | L_Sent: 0.0001 | L_DAMSM: -0.9975 | L_KL: 0.1768 | Gamma_DAMSM: 5.0000 | Lambda_KL: 2.0000
Step [1651] | D_Loss: 0.5957 | G_Loss: 3.3343 | G_GAN: 7.9675 | L_Words: -0.9971 | L_Sent: 0.0001 | L_DAMSM: -0.9971 | L_KL: 0.1761 | Gamma_DAMSM: 5.0000 | Lambda_KL: 2.0000
Step [1652] | D_Loss: 1.1621 | G_Loss: 3.6734 | G_GAN: 8.3143 | L_Words: -0.9984 | L_Sent: 0.0001 | L_DAMSM: -0.9983 | L_KL: 0.1752 | Gamma_DAMSM: 5.0000 | Lambda_KL: 2.0000
Step [1653] | D_Loss: 0.5337 | G_Loss: 4.0256 | G_GAN: 8.6538 | L_Words: -0.9964 | L_Sent: 0.0002 | L_DAMSM: -0.9962 | L_KL: 0.1764 | Gamma_DAMSM: 5.0000 | Lambda_KL: 2.0000
Step [1654] | D_Loss: 0.9477 | G_Loss: 3.6180 | G_GAN: 8.2549 | L_Words: -0.9978 | L_Sent: 0.0001 | L_DAMSM: -0.9978 | L_KL: 0.1760 | Gamma_DAMSM: 5.0000 | Lambda_KL: 2.0000
Step [1655] | D_Loss: 1.1463 | G_Loss: 3.1275 | G_GAN: 7.7684 | L_Words: -0.9983 | L_Sent: 0.0000 | L_DAMSM: -0.9982 | L_KL: 0.1751 | Gamma_DAMSM: 5.0000 | Lambda_KL: 2.0000
Step [1656] | D_Loss: 0.8513 | G_Loss: 4.9409 | G_GAN: 9.5669 | L_Words: -0.9954 | L_Sent: 0.0001 | L_DAMSM: -0.9953 | L_KL: 0.1753 | Gamma_DAMSM: 5.0000 | Lambda_KL: 2.0000
Step [1657] | D_Loss: 0.3652 | G_Loss: 4.6472 | G_GAN: 9.2863 | L_Words: -0.9972 | L_Sent: 0.0001 | L_DAMSM: -0.9971 | L_KL: 0.1732 | Gamma_DAMSM: 5.0000 | Lambda_KL: 2.0000
Step [1658] | D_Loss: 0.4894 | G_Loss: 1.4421 | G_GAN: 6.0863 | L_Words: -0.9978 | L_Sent: 0.0002 | L_DAMSM: -0.9976 | L_KL: 0.1719 | Gamma_DAMSM: 5.0000 | Lambda_KL: 2.0000
Step [1659] | D_Loss: 0.4050 | G_Loss: 3.8708 | G_GAN: 8.5204 | L_Words: -0.9983 | L_Sent: 0.0001 | L_DAMSM: -0.9983 | L_KL: 0.1708 | Gamma_DAMSM: 5.0000 | Lambda_KL: 2.0000
Step [1660] | D_Loss: 0.3347 | G_Loss: 3.2849 | G_GAN: 7.9399 | L_Words: -0.9980 | L_Sent: 0.0001 | L_DAMSM: -0.9979 | L_KL: 0.1673 | Gamma_DAMSM: 5.0000 | Lambda_KL: 2.0000
Step [1661] | D_Loss: 0.3332 | G_Loss: 5.3986 | G_GAN: 10.0626 | L_Words: -0.9981 | L_Sent: 0.0001 | L_DAMSM: -0.9980 | L_KL: 0.1630 | Gamma_DAMSM: 5.0000 | Lambda_KL: 2.0000
Step [1662] | D_Loss: 0.5058 | G_Loss: 4.2638 | G_GAN: 8.9326 | L_Words: -0.9982 | L_Sent: 0.0001 | L_DAMSM: -0.9981 | L_KL: 0.1609 | Gamma_DAMSM: 5.0000 | Lambda_KL: 2.0000
Step [1663] | D_Loss: 0.9341 | G_Loss: 2.1999 | G_GAN: 6.8668 | L_Words: -0.9976 | L_Sent: 0.0001 | L_DAMSM: -0.9975 | L_KL: 0.1603 | Gamma_DAMSM: 5.0000 | Lambda_KL: 2.0000
Step [1664] | D_Loss: 0.2422 | G_Loss: 2.4311 | G_GAN: 7.1006 | L_Words: -0.9979 | L_Sent: 0.0001 | L_DAMSM: -0.9977 | L_KL: 0.1595 | Gamma_DAMSM: 5.0000 | Lambda_KL: 2.0000
Step [1665] | D_Loss: 1.1485 | G_Loss: 2.2249 | G_GAN: 6.8920 | L_Words: -0.9977 | L_Sent: 0.0001 | L_DAMSM: -0.9976 | L_KL: 0.1606 | Gamma_DAMSM: 5.0000 | Lambda_KL: 2.0000
Step [1666] | D_Loss: 0.6171 | G_Loss: 4.1033 | G_GAN: 8.7687 | L_Words: -0.9976 | L_Sent: 0.0001 | L_DAMSM: -0.9975 | L_KL: 0.1611 | Gamma_DAMSM: 5.0000 | Lambda_KL: 2.0000
Step [1667] | D_Loss: 1.1628 | G_Loss: 5.1671 | G_GAN: 9.8243 | L_Words: -0.9964 | L_Sent: 0.0001 | L_DAMSM: -0.9963 | L_KL: 0.1622 | Gamma_DAMSM: 5.0000 | Lambda_KL: 2.0000
Step [1668] | D_Loss: 1.2073 | G_Loss: 5.4286 | G_GAN: 10.0939 | L_Words: -0.9980 | L_Sent: 0.0001 | L_DAMSM: -0.9979 | L_KL: 0.1622 | Gamma_DAMSM: 5.0000 | Lambda_KL: 2.0000
Step [1669] | D_Loss: 0.8563 | G_Loss: 0.4460 | G_GAN: 5.1090 | L_Words: -0.9977 | L_Sent: 0.0001 | L_DAMSM: -0.9976 | L_KL: 0.1626 | Gamma_DAMSM: 5.0000 | Lambda_KL: 2.0000
Step [1670] | D_Loss: 1.6175 | G_Loss: 6.5050 | G_GAN: 11.1689 | L_Words: -0.9985 | L_Sent: 0.0001 | L_DAMSM: -0.9984 | L_KL: 0.1640 | Gamma_DAMSM: 5.0000 | Lambda_KL: 2.0000
Step [1671] | D_Loss: 0.5300 | G_Loss: 7.5045 | G_GAN: 12.1629 | L_Words: -0.9977 | L_Sent: 0.0000 | L_DAMSM: -0.9977 | L_KL: 0.1650 | Gamma_DAMSM: 5.0000 | Lambda_KL: 2.0000
Step [1672] | D_Loss: 0.4604 | G_Loss: 9.5589 | G_GAN: 14.2116 | L_Words: -0.9972 | L_Sent: 0.0001 | L_DAMSM: -0.9971 | L_KL: 0.1665 | Gamma_DAMSM: 5.0000 | Lambda_KL: 2.0000
Step [1673] | D_Loss: 0.7729 | G_Loss: 4.9159 | G_GAN: 9.5609 | L_Words: -0.9962 | L_Sent: 0.0001 | L_DAMSM: -0.9961 | L_KL: 0.1678 | Gamma_DAMSM: 5.0000 | Lambda_KL: 2.0000
Step [1674] | D_Loss: 0.2702 | G_Loss: 2.3338 | G_GAN: 6.9800 | L_Words: -0.9968 | L_Sent: 0.0001 | L_DAMSM: -0.9967 | L_KL: 0.1687 | Gamma_DAMSM: 5.0000 | Lambda_KL: 2.0000
Step [1675] | D_Loss: 0.4112 | G_Loss: 2.6917 | G_GAN: 7.3417 | L_Words: -0.9975 | L_Sent: 0.0001 | L_DAMSM: -0.9975 | L_KL: 0.1687 | Gamma_DAMSM: 5.0000 | Lambda_KL: 2.0000
Step [1676] | D_Loss: 0.3364 | G_Loss: 5.6976 | G_GAN: 10.3513 | L_Words: -0.9980 | L_Sent: 0.0001 | L_DAMSM: -0.9980 | L_KL: 0.1681 | Gamma_DAMSM: 5.0000 | Lambda_KL: 2.0000
Step [1677] | D_Loss: 0.2322 | G_Loss: 1.9041 | G_GAN: 6.5561 | L_Words: -0.9980 | L_Sent: 0.0001 | L_DAMSM: -0.9979 | L_KL: 0.1689 | Gamma_DAMSM: 5.0000 | Lambda_KL: 2.0000
Step [1678] | D_Loss: 0.4550 | G_Loss: 6.8639 | G_GAN: 11.5053 | L_Words: -0.9975 | L_Sent: 0.0000 | L_DAMSM: -0.9975 | L_KL: 0.1730 | Gamma_DAMSM: 5.0000 | Lambda_KL: 2.0000
Step [1679] | D_Loss: 0.2784 | G_Loss: 5.6087 | G_GAN: 10.2473 | L_Words: -0.9984 | L_Sent: 0.0000 | L_DAMSM: -0.9984 | L_KL: 0.1767 | Gamma_DAMSM: 5.0000 | Lambda_KL: 2.0000
Step [1680] | D_Loss: 0.1033 | G_Loss: 7.0900 | G_GAN: 11.7174 | L_Words: -0.9978 | L_Sent: 0.0001 | L_DAMSM: -0.9977 | L_KL: 0.1805 | Gamma_DAMSM: 5.0000 | Lambda_KL: 2.0000
Step [1681] | D_Loss: 1.2824 | G_Loss: -1.3664 | G_GAN: 3.2583 | L_Words: -0.9982 | L_Sent: 0.0000 | L_DAMSM: -0.9981 | L_KL: 0.1830 | Gamma_DAMSM: 5.0000 | Lambda_KL: 2.0000
Step [1682] | D_Loss: 1.2427 | G_Loss: 3.7950 | G_GAN: 8.4190 | L_Words: -0.9985 | L_Sent: 0.0000 | L_DAMSM: -0.9985 | L_KL: 0.1842 | Gamma_DAMSM: 5.0000 | Lambda_KL: 2.0000
Step [1683] | D_Loss: 0.5704 | G_Loss: 8.0983 | G_GAN: 12.7235 | L_Words: -0.9983 | L_Sent: 0.0000 | L_DAMSM: -0.9983 | L_KL: 0.1832 | Gamma_DAMSM: 5.0000 | Lambda_KL: 2.0000
Step [1684] | D_Loss: 0.8289 | G_Loss: 5.1861 | G_GAN: 9.8087 | L_Words: -0.9979 | L_Sent: 0.0001 | L_DAMSM: -0.9978 | L_KL: 0.1832 | Gamma_DAMSM: 5.0000 | Lambda_KL: 2.0000
Step [1685] | D_Loss: 0.3872 | G_Loss: 5.6431 | G_GAN: 10.2602 | L_Words: -0.9972 | L_Sent: 0.0001 | L_DAMSM: -0.9971 | L_KL: 0.1842 | Gamma_DAMSM: 5.0000 | Lambda_KL: 2.0000
Step [1686] | D_Loss: 0.6253 | G_Loss: 8.1254 | G_GAN: 12.7430 | L_Words: -0.9975 | L_Sent: 0.0001 | L_DAMSM: -0.9974 | L_KL: 0.1847 | Gamma_DAMSM: 5.0000 | Lambda_KL: 2.0000
Step [1687] | D_Loss: 1.0364 | G_Loss: 4.0712 | G_GAN: 8.6951 | L_Words: -0.9981 | L_Sent: 0.0000 | L_DAMSM: -0.9981 | L_KL: 0.1832 | Gamma_DAMSM: 5.0000 | Lambda_KL: 2.0000
Step [1688] | D_Loss: 0.2360 | G_Loss: 3.3049 | G_GAN: 7.9294 | L_Words: -0.9970 | L_Sent: 0.0000 | L_DAMSM: -0.9970 | L_KL: 0.1801 | Gamma_DAMSM: 5.0000 | Lambda_KL: 2.0000
Step [1689] | D_Loss: 0.4320 | G_Loss: 6.6344 | G_GAN: 11.2641 | L_Words: -0.9983 | L_Sent: 0.0000 | L_DAMSM: -0.9983 | L_KL: 0.1808 | Gamma_DAMSM: 5.0000 | Lambda_KL: 2.0000
Step [1690] | D_Loss: 1.2613 | G_Loss: 4.4963 | G_GAN: 9.1276 | L_Words: -0.9980 | L_Sent: 0.0001 | L_DAMSM: -0.9979 | L_KL: 0.1791 | Gamma_DAMSM: 5.0000 | Lambda_KL: 2.0000
Step [1691] | D_Loss: 1.8404 | G_Loss: -1.5989 | G_GAN: 3.0295 | L_Words: -0.9984 | L_Sent: 0.0001 | L_DAMSM: -0.9983 | L_KL: 0.1815 | Gamma_DAMSM: 5.0000 | Lambda_KL: 2.0000
Step [1692] | D_Loss: 1.9054 | G_Loss: 4.9174 | G_GAN: 9.5441 | L_Words: -0.9986 | L_Sent: 0.0001 | L_DAMSM: -0.9985 | L_KL: 0.1830 | Gamma_DAMSM: 5.0000 | Lambda_KL: 2.0000
Step [1693] | D_Loss: 0.5546 | G_Loss: 1.4716 | G_GAN: 6.0938 | L_Words: -0.9976 | L_Sent: 0.0001 | L_DAMSM: -0.9976 | L_KL: 0.1828 | Gamma_DAMSM: 5.0000 | Lambda_KL: 2.0000
Step [1694] | D_Loss: 0.4261 | G_Loss: 2.3438 | G_GAN: 6.9669 | L_Words: -0.9981 | L_Sent: 0.0001 | L_DAMSM: -0.9980 | L_KL: 0.1835 | Gamma_DAMSM: 5.0000 | Lambda_KL: 2.0000
Step [1695] | D_Loss: 0.5391 | G_Loss: 1.1473 | G_GAN: 5.7731 | L_Words: -0.9984 | L_Sent: 0.0001 | L_DAMSM: -0.9983 | L_KL: 0.1828 | Gamma_DAMSM: 5.0000 | Lambda_KL: 2.0000
Step [1696] | D_Loss: 0.6720 | G_Loss: 4.0956 | G_GAN: 8.7106 | L_Words: -0.9962 | L_Sent: 0.0002 | L_DAMSM: -0.9960 | L_KL: 0.1824 | Gamma_DAMSM: 5.0000 | Lambda_KL: 2.0000
Step [1697] | D_Loss: 1.0404 | G_Loss: 3.7819 | G_GAN: 8.4075 | L_Words: -0.9982 | L_Sent: 0.0001 | L_DAMSM: -0.9982 | L_KL: 0.1826 | Gamma_DAMSM: 5.0000 | Lambda_KL: 2.0000
Step [1698] | D_Loss: 0.4019 | G_Loss: 3.7094 | G_GAN: 8.3332 | L_Words: -0.9975 | L_Sent: 0.0001 | L_DAMSM: -0.9975 | L_KL: 0.1818 | Gamma_DAMSM: 5.0000 | Lambda_KL: 2.0000
Step [1699] | D_Loss: 0.4953 | G_Loss: 3.0347 | G_GAN: 7.6644 | L_Words: -0.9985 | L_Sent: 0.0000 | L_DAMSM: -0.9984 | L_KL: 0.1812 | Gamma_DAMSM: 5.0000 | Lambda_KL: 2.0000
Step [1700] | D_Loss: 0.8975 | G_Loss: 3.2170 | G_GAN: 7.8383 | L_Words: -0.9966 | L_Sent: 0.0001 | L_DAMSM: -0.9965 | L_KL: 0.1806 | Gamma_DAMSM: 5.0000 | Lambda_KL: 2.0000
Step [1701] | D_Loss: 0.7753 | G_Loss: 3.3637 | G_GAN: 7.9921 | L_Words: -0.9979 | L_Sent: 0.0001 | L_DAMSM: -0.9978 | L_KL: 0.1804 | Gamma_DAMSM: 5.0000 | Lambda_KL: 2.0000
Step [1702] | D_Loss: 0.5858 | G_Loss: 0.9881 | G_GAN: 5.6160 | L_Words: -0.9980 | L_Sent: 0.0001 | L_DAMSM: -0.9980 | L_KL: 0.1810 | Gamma_DAMSM: 5.0000 | Lambda_KL: 2.0000
Step [1703] | D_Loss: 0.6051 | G_Loss: 0.8227 | G_GAN: 5.4447 | L_Words: -0.9972 | L_Sent: 0.0001 | L_DAMSM: -0.9972 | L_KL: 0.1820 | Gamma_DAMSM: 5.0000 | Lambda_KL: 2.0000
Step [1704] | D_Loss: 0.4138 | G_Loss: 2.3332 | G_GAN: 6.9575 | L_Words: -0.9979 | L_Sent: 0.0001 | L_DAMSM: -0.9978 | L_KL: 0.1824 | Gamma_DAMSM: 5.0000 | Lambda_KL: 2.0000
Step [1705] | D_Loss: 0.5550 | G_Loss: 4.1280 | G_GAN: 8.7534 | L_Words: -0.9984 | L_Sent: 0.0002 | L_DAMSM: -0.9983 | L_KL: 0.1829 | Gamma_DAMSM: 5.0000 | Lambda_KL: 2.0000
Step [1706] | D_Loss: 0.7395 | G_Loss: 1.4147 | G_GAN: 6.0404 | L_Words: -0.9985 | L_Sent: 0.0001 | L_DAMSM: -0.9984 | L_KL: 0.1832 | Gamma_DAMSM: 5.0000 | Lambda_KL: 2.0000
Step [1707] | D_Loss: 0.9767 | G_Loss: 3.9957 | G_GAN: 8.6087 | L_Words: -0.9961 | L_Sent: 0.0001 | L_DAMSM: -0.9960 | L_KL: 0.1836 | Gamma_DAMSM: 5.0000 | Lambda_KL: 2.0000
Step [1708] | D_Loss: 0.5461 | G_Loss: 2.1907 | G_GAN: 6.8040 | L_Words: -0.9966 | L_Sent: 0.0001 | L_DAMSM: -0.9965 | L_KL: 0.1846 | Gamma_DAMSM: 5.0000 | Lambda_KL: 2.0000
Step [1709] | D_Loss: 0.3346 | G_Loss: 5.6059 | G_GAN: 10.2230 | L_Words: -0.9978 | L_Sent: 0.0001 | L_DAMSM: -0.9977 | L_KL: 0.1858 | Gamma_DAMSM: 5.0000 | Lambda_KL: 2.0000
Step [1710] | D_Loss: 0.1113 | G_Loss: 6.6959 | G_GAN: 11.3054 | L_Words: -0.9960 | L_Sent: 0.0001 | L_DAMSM: -0.9959 | L_KL: 0.1850 | Gamma_DAMSM: 5.0000 | Lambda_KL: 2.0000
Step [1711] | D_Loss: 0.3054 | G_Loss: 5.2383 | G_GAN: 9.8576 | L_Words: -0.9977 | L_Sent: 0.0000 | L_DAMSM: -0.9977 | L_KL: 0.1846 | Gamma_DAMSM: 5.0000 | Lambda_KL: 2.0000
Step [1712] | D_Loss: 0.5797 | G_Loss: 4.9364 | G_GAN: 9.5575 | L_Words: -0.9977 | L_Sent: 0.0000 | L_DAMSM: -0.9977 | L_KL: 0.1836 | Gamma_DAMSM: 5.0000 | Lambda_KL: 2.0000
Step [1713] | D_Loss: 0.3647 | G_Loss: 1.5257 | G_GAN: 6.1459 | L_Words: -0.9972 | L_Sent: 0.0001 | L_DAMSM: -0.9972 | L_KL: 0.1828 | Gamma_DAMSM: 5.0000 | Lambda_KL: 2.0000
Step [1714] | D_Loss: 1.1968 | G_Loss: 6.1864 | G_GAN: 10.8066 | L_Words: -0.9977 | L_Sent: 0.0001 | L_DAMSM: -0.9976 | L_KL: 0.1839 | Gamma_DAMSM: 5.0000 | Lambda_KL: 2.0000
Step [1715] | D_Loss: 0.7172 | G_Loss: 9.3176 | G_GAN: 13.9375 | L_Words: -0.9983 | L_Sent: 0.0000 | L_DAMSM: -0.9982 | L_KL: 0.1856 | Gamma_DAMSM: 5.0000 | Lambda_KL: 2.0000
Step [1716] | D_Loss: 0.8465 | G_Loss: 5.9073 | G_GAN: 10.5233 | L_Words: -0.9977 | L_Sent: 0.0001 | L_DAMSM: -0.9977 | L_KL: 0.1862 | Gamma_DAMSM: 5.0000 | Lambda_KL: 2.0000
Step [1717] | D_Loss: 0.3114 | G_Loss: 5.0317 | G_GAN: 9.6455 | L_Words: -0.9977 | L_Sent: 0.0001 | L_DAMSM: -0.9976 | L_KL: 0.1872 | Gamma_DAMSM: 5.0000 | Lambda_KL: 2.0000
Step [1718] | D_Loss: 0.6974 | G_Loss: 5.5524 | G_GAN: 10.1688 | L_Words: -0.9983 | L_Sent: 0.0001 | L_DAMSM: -0.9982 | L_KL: 0.1872 | Gamma_DAMSM: 5.0000 | Lambda_KL: 2.0000
Step [1719] | D_Loss: 0.8218 | G_Loss: 1.7704 | G_GAN: 6.3792 | L_Words: -0.9965 | L_Sent: 0.0001 | L_DAMSM: -0.9964 | L_KL: 0.1867 | Gamma_DAMSM: 5.0000 | Lambda_KL: 2.0000
Step [1720] | D_Loss: 0.5795 | G_Loss: 3.8535 | G_GAN: 8.4650 | L_Words: -0.9973 | L_Sent: 0.0003 | L_DAMSM: -0.9969 | L_KL: 0.1866 | Gamma_DAMSM: 5.0000 | Lambda_KL: 2.0000
Step [1721] | D_Loss: 0.4120 | G_Loss: 7.8276 | G_GAN: 12.4415 | L_Words: -0.9973 | L_Sent: 0.0001 | L_DAMSM: -0.9972 | L_KL: 0.1860 | Gamma_DAMSM: 5.0000 | Lambda_KL: 2.0000
Step [1722] | D_Loss: 0.5829 | G_Loss: 5.5290 | G_GAN: 10.1518 | L_Words: -0.9983 | L_Sent: 0.0001 | L_DAMSM: -0.9982 | L_KL: 0.1842 | Gamma_DAMSM: 5.0000 | Lambda_KL: 2.0000
Step [1723] | D_Loss: 0.6985 | G_Loss: 5.5693 | G_GAN: 10.1807 | L_Words: -0.9964 | L_Sent: 0.0001 | L_DAMSM: -0.9963 | L_KL: 0.1850 | Gamma_DAMSM: 5.0000 | Lambda_KL: 2.0000
Step [1724] | D_Loss: 1.3336 | G_Loss: 0.1423 | G_GAN: 4.7545 | L_Words: -0.9975 | L_Sent: 0.0003 | L_DAMSM: -0.9973 | L_KL: 0.1870 | Gamma_DAMSM: 5.0000 | Lambda_KL: 2.0000
Step [1725] | D_Loss: 0.8805 | G_Loss: 0.3430 | G_GAN: 4.9501 | L_Words: -0.9974 | L_Sent: 0.0002 | L_DAMSM: -0.9972 | L_KL: 0.1895 | Gamma_DAMSM: 5.0000 | Lambda_KL: 2.0000
Step [1726] | D_Loss: 1.1575 | G_Loss: 2.8939 | G_GAN: 7.5058 | L_Words: -0.9983 | L_Sent: 0.0001 | L_DAMSM: -0.9982 | L_KL: 0.1896 | Gamma_DAMSM: 5.0000 | Lambda_KL: 2.0000
Step [1727] | D_Loss: 0.9204 | G_Loss: 3.2423 | G_GAN: 7.8485 | L_Words: -0.9974 | L_Sent: 0.0001 | L_DAMSM: -0.9973 | L_KL: 0.1902 | Gamma_DAMSM: 5.0000 | Lambda_KL: 2.0000
Step [1728] | D_Loss: 0.4783 | G_Loss: 4.9791 | G_GAN: 9.5831 | L_Words: -0.9971 | L_Sent: 0.0001 | L_DAMSM: -0.9970 | L_KL: 0.1904 | Gamma_DAMSM: 5.0000 | Lambda_KL: 2.0000
Step [1729] | D_Loss: 0.4355 | G_Loss: 3.4973 | G_GAN: 8.1110 | L_Words: -0.9987 | L_Sent: 0.0001 | L_DAMSM: -0.9986 | L_KL: 0.1897 | Gamma_DAMSM: 5.0000 | Lambda_KL: 2.0000
Step [1730] | D_Loss: 0.4472 | G_Loss: 3.1727 | G_GAN: 7.7802 | L_Words: -0.9979 | L_Sent: 0.0001 | L_DAMSM: -0.9979 | L_KL: 0.1909 | Gamma_DAMSM: 5.0000 | Lambda_KL: 2.0000
Step [1731] | D_Loss: 0.2851 | G_Loss: 2.5690 | G_GAN: 7.1726 | L_Words: -0.9972 | L_Sent: 0.0001 | L_DAMSM: -0.9971 | L_KL: 0.1910 | Gamma_DAMSM: 5.0000 | Lambda_KL: 2.0000
Step [1732] | D_Loss: 0.4616 | G_Loss: 4.3448 | G_GAN: 8.9507 | L_Words: -0.9976 | L_Sent: 0.0001 | L_DAMSM: -0.9974 | L_KL: 0.1906 | Gamma_DAMSM: 5.0000 | Lambda_KL: 2.0000
Step [1733] | D_Loss: 0.2869 | G_Loss: 6.5804 | G_GAN: 11.1884 | L_Words: -0.9982 | L_Sent: 0.0001 | L_DAMSM: -0.9981 | L_KL: 0.1912 | Gamma_DAMSM: 5.0000 | Lambda_KL: 2.0000
Step [1734] | D_Loss: 0.3448 | G_Loss: 3.5050 | G_GAN: 8.1115 | L_Words: -0.9981 | L_Sent: 0.0002 | L_DAMSM: -0.9980 | L_KL: 0.1917 | Gamma_DAMSM: 5.0000 | Lambda_KL: 2.0000
Step [1735] | D_Loss: 1.6736 | G_Loss: -1.4009 | G_GAN: 3.2031 | L_Words: -0.9977 | L_Sent: 0.0004 | L_DAMSM: -0.9974 | L_KL: 0.1915 | Gamma_DAMSM: 5.0000 | Lambda_KL: 2.0000
Step [1736] | D_Loss: 0.9496 | G_Loss: 3.1228 | G_GAN: 7.7333 | L_Words: -0.9982 | L_Sent: 0.0001 | L_DAMSM: -0.9982 | L_KL: 0.1903 | Gamma_DAMSM: 5.0000 | Lambda_KL: 2.0000
Step [1737] | D_Loss: 0.4843 | G_Loss: 5.2422 | G_GAN: 9.8552 | L_Words: -0.9981 | L_Sent: 0.0001 | L_DAMSM: -0.9980 | L_KL: 0.1886 | Gamma_DAMSM: 5.0000 | Lambda_KL: 2.0000
Step [1738] | D_Loss: 1.1636 | G_Loss: 4.2107 | G_GAN: 8.8240 | L_Words: -0.9982 | L_Sent: 0.0002 | L_DAMSM: -0.9980 | L_KL: 0.1884 | Gamma_DAMSM: 5.0000 | Lambda_KL: 2.0000
Step [1739] | D_Loss: 0.9101 | G_Loss: 3.0409 | G_GAN: 7.6585 | L_Words: -0.9983 | L_Sent: 0.0002 | L_DAMSM: -0.9982 | L_KL: 0.1866 | Gamma_DAMSM: 5.0000 | Lambda_KL: 2.0000
Step [1740] | D_Loss: 0.3998 | G_Loss: 0.2358 | G_GAN: 4.8584 | L_Words: -0.9987 | L_Sent: 0.0001 | L_DAMSM: -0.9986 | L_KL: 0.1851 | Gamma_DAMSM: 5.0000 | Lambda_KL: 2.0000
Step [1741] | D_Loss: 0.5211 | G_Loss: -0.1842 | G_GAN: 4.4239 | L_Words: -0.9974 | L_Sent: 0.0023 | L_DAMSM: -0.9951 | L_KL: 0.1837 | Gamma_DAMSM: 5.0000 | Lambda_KL: 2.0000
Step [1742] | D_Loss: 0.7618 | G_Loss: 2.8443 | G_GAN: 7.4617 | L_Words: -0.9966 | L_Sent: 0.0000 | L_DAMSM: -0.9965 | L_KL: 0.1826 | Gamma_DAMSM: 5.0000 | Lambda_KL: 2.0000
Step [1743] | D_Loss: 0.4705 | G_Loss: 4.6646 | G_GAN: 9.2897 | L_Words: -0.9980 | L_Sent: 0.0001 | L_DAMSM: -0.9979 | L_KL: 0.1822 | Gamma_DAMSM: 5.0000 | Lambda_KL: 2.0000
Step [1744] | D_Loss: 0.1529 | G_Loss: 7.6656 | G_GAN: 12.2929 | L_Words: -0.9978 | L_Sent: 0.0001 | L_DAMSM: -0.9977 | L_KL: 0.1806 | Gamma_DAMSM: 5.0000 | Lambda_KL: 2.0000
Step [1745] | D_Loss: 0.5081 | G_Loss: 5.6210 | G_GAN: 10.2504 | L_Words: -0.9977 | L_Sent: 0.0000 | L_DAMSM: -0.9977 | L_KL: 0.1796 | Gamma_DAMSM: 5.0000 | Lambda_KL: 2.0000
Step [1746] | D_Loss: 0.6976 | G_Loss: 3.4077 | G_GAN: 8.0353 | L_Words: -0.9978 | L_Sent: 0.0001 | L_DAMSM: -0.9978 | L_KL: 0.1806 | Gamma_DAMSM: 5.0000 | Lambda_KL: 2.0000
Step [1747] | D_Loss: 1.0482 | G_Loss: 2.2308 | G_GAN: 6.8588 | L_Words: -0.9982 | L_Sent: 0.0001 | L_DAMSM: -0.9981 | L_KL: 0.1813 | Gamma_DAMSM: 5.0000 | Lambda_KL: 2.0000
Step [1748] | D_Loss: 1.0372 | G_Loss: 3.9713 | G_GAN: 8.5977 | L_Words: -0.9982 | L_Sent: 0.0002 | L_DAMSM: -0.9980 | L_KL: 0.1819 | Gamma_DAMSM: 5.0000 | Lambda_KL: 2.0000
Step [1749] | D_Loss: 0.6828 | G_Loss: 5.1066 | G_GAN: 9.7305 | L_Words: -0.9974 | L_Sent: 0.0001 | L_DAMSM: -0.9974 | L_KL: 0.1815 | Gamma_DAMSM: 5.0000 | Lambda_KL: 2.0000
Step [1750] | D_Loss: 0.5449 | G_Loss: 1.9864 | G_GAN: 6.6111 | L_Words: -0.9973 | L_Sent: 0.0002 | L_DAMSM: -0.9971 | L_KL: 0.1805 | Gamma_DAMSM: 5.0000 | Lambda_KL: 2.0000
Step [1751] | D_Loss: 1.4676 | G_Loss: 6.2271 | G_GAN: 10.8529 | L_Words: -0.9976 | L_Sent: 0.0001 | L_DAMSM: -0.9976 | L_KL: 0.1810 | Gamma_DAMSM: 5.0000 | Lambda_KL: 2.0000
Step [1752] | D_Loss: 0.5238 | G_Loss: 9.5356 | G_GAN: 14.1595 | L_Words: -0.9981 | L_Sent: 0.0001 | L_DAMSM: -0.9980 | L_KL: 0.1830 | Gamma_DAMSM: 5.0000 | Lambda_KL: 2.0000
Step [1753] | D_Loss: 0.7325 | G_Loss: 5.5231 | G_GAN: 10.1472 | L_Words: -0.9984 | L_Sent: 0.0001 | L_DAMSM: -0.9984 | L_KL: 0.1839 | Gamma_DAMSM: 5.0000 | Lambda_KL: 2.0000
Step [1754] | D_Loss: 0.3141 | G_Loss: 3.9326 | G_GAN: 8.5489 | L_Words: -0.9972 | L_Sent: 0.0001 | L_DAMSM: -0.9970 | L_KL: 0.1845 | Gamma_DAMSM: 5.0000 | Lambda_KL: 2.0000
Step [1755] | D_Loss: 1.1693 | G_Loss: 4.0000 | G_GAN: 8.6203 | L_Words: -0.9979 | L_Sent: 0.0001 | L_DAMSM: -0.9978 | L_KL: 0.1844 | Gamma_DAMSM: 5.0000 | Lambda_KL: 2.0000
Step [1756] | D_Loss: 0.5179 | G_Loss: 6.6950 | G_GAN: 11.3196 | L_Words: -0.9986 | L_Sent: 0.0001 | L_DAMSM: -0.9985 | L_KL: 0.1839 | Gamma_DAMSM: 5.0000 | Lambda_KL: 2.0000
Step [1757] | D_Loss: 0.1212 | G_Loss: 8.2549 | G_GAN: 12.8752 | L_Words: -0.9978 | L_Sent: 0.0001 | L_DAMSM: -0.9978 | L_KL: 0.1843 | Gamma_DAMSM: 5.0000 | Lambda_KL: 2.0000
Step [1758] | D_Loss: 0.4453 | G_Loss: 9.2179 | G_GAN: 13.8380 | L_Words: -0.9980 | L_Sent: 0.0001 | L_DAMSM: -0.9979 | L_KL: 0.1847 | Gamma_DAMSM: 5.0000 | Lambda_KL: 2.0000
Step [1759] | D_Loss: 1.0809 | G_Loss: 0.3268 | G_GAN: 4.9424 | L_Words: -0.9972 | L_Sent: 0.0001 | L_DAMSM: -0.9971 | L_KL: 0.1849 | Gamma_DAMSM: 5.0000 | Lambda_KL: 2.0000
Step [1760] | D_Loss: 0.4100 | G_Loss: 1.5535 | G_GAN: 6.1735 | L_Words: -0.9982 | L_Sent: 0.0000 | L_DAMSM: -0.9981 | L_KL: 0.1852 | Gamma_DAMSM: 5.0000 | Lambda_KL: 2.0000
Step [1761] | D_Loss: 1.0050 | G_Loss: 6.0953 | G_GAN: 10.7148 | L_Words: -0.9981 | L_Sent: 0.0000 | L_DAMSM: -0.9980 | L_KL: 0.1854 | Gamma_DAMSM: 5.0000 | Lambda_KL: 2.0000
Step [1762] | D_Loss: 1.1808 | G_Loss: 4.0367 | G_GAN: 8.6501 | L_Words: -0.9978 | L_Sent: 0.0002 | L_DAMSM: -0.9976 | L_KL: 0.1873 | Gamma_DAMSM: 5.0000 | Lambda_KL: 2.0000
Step [1763] | D_Loss: 0.6042 | G_Loss: 2.6708 | G_GAN: 7.2837 | L_Words: -0.9980 | L_Sent: 0.0001 | L_DAMSM: -0.9980 | L_KL: 0.1884 | Gamma_DAMSM: 5.0000 | Lambda_KL: 2.0000
Step [1764] | D_Loss: 0.3192 | G_Loss: 5.3930 | G_GAN: 10.0075 | L_Words: -0.9986 | L_Sent: 0.0000 | L_DAMSM: -0.9985 | L_KL: 0.1891 | Gamma_DAMSM: 5.0000 | Lambda_KL: 2.0000
Step [1765] | D_Loss: 0.6346 | G_Loss: 4.1391 | G_GAN: 8.7475 | L_Words: -0.9973 | L_Sent: 0.0000 | L_DAMSM: -0.9973 | L_KL: 0.1890 | Gamma_DAMSM: 5.0000 | Lambda_KL: 2.0000
Step [1766] | D_Loss: 0.8228 | G_Loss: 1.9196 | G_GAN: 6.5334 | L_Words: -0.9979 | L_Sent: 0.0001 | L_DAMSM: -0.9979 | L_KL: 0.1877 | Gamma_DAMSM: 5.0000 | Lambda_KL: 2.0000
Step [1767] | D_Loss: 1.0936 | G_Loss: 2.9532 | G_GAN: 7.5685 | L_Words: -0.9983 | L_Sent: 0.0001 | L_DAMSM: -0.9983 | L_KL: 0.1880 | Gamma_DAMSM: 5.0000 | Lambda_KL: 2.0000
Step [1768] | D_Loss: 1.5535 | G_Loss: 3.6596 | G_GAN: 8.2666 | L_Words: -0.9970 | L_Sent: 0.0001 | L_DAMSM: -0.9969 | L_KL: 0.1888 | Gamma_DAMSM: 5.0000 | Lambda_KL: 2.0000
Step [1769] | D_Loss: 0.4913 | G_Loss: 3.1841 | G_GAN: 7.7969 | L_Words: -0.9981 | L_Sent: 0.0002 | L_DAMSM: -0.9979 | L_KL: 0.1884 | Gamma_DAMSM: 5.0000 | Lambda_KL: 2.0000
Step [1770] | D_Loss: 0.2958 | G_Loss: 2.8583 | G_GAN: 7.4720 | L_Words: -0.9983 | L_Sent: 0.0001 | L_DAMSM: -0.9982 | L_KL: 0.1887 | Gamma_DAMSM: 5.0000 | Lambda_KL: 2.0000
Step [1771] | D_Loss: 0.4145 | G_Loss: 5.2722 | G_GAN: 9.8871 | L_Words: -0.9984 | L_Sent: 0.0001 | L_DAMSM: -0.9984 | L_KL: 0.1884 | Gamma_DAMSM: 5.0000 | Lambda_KL: 2.0000
Step [1772] | D_Loss: 0.4886 | G_Loss: 2.5653 | G_GAN: 7.1740 | L_Words: -0.9975 | L_Sent: 0.0000 | L_DAMSM: -0.9974 | L_KL: 0.1893 | Gamma_DAMSM: 5.0000 | Lambda_KL: 2.0000
Step [1773] | D_Loss: 0.4059 | G_Loss: 5.2148 | G_GAN: 9.8285 | L_Words: -0.9984 | L_Sent: 0.0000 | L_DAMSM: -0.9984 | L_KL: 0.1890 | Gamma_DAMSM: 5.0000 | Lambda_KL: 2.0000
Step [1774] | D_Loss: 0.6250 | G_Loss: 1.9835 | G_GAN: 6.5903 | L_Words: -0.9974 | L_Sent: 0.0000 | L_DAMSM: -0.9974 | L_KL: 0.1900 | Gamma_DAMSM: 5.0000 | Lambda_KL: 2.0000
Step [1775] | D_Loss: 0.3194 | G_Loss: 2.6633 | G_GAN: 7.2728 | L_Words: -0.9979 | L_Sent: 0.0000 | L_DAMSM: -0.9979 | L_KL: 0.1900 | Gamma_DAMSM: 5.0000 | Lambda_KL: 2.0000
Step [1776] | D_Loss: 0.9745 | G_Loss: 4.2934 | G_GAN: 8.9010 | L_Words: -0.9973 | L_Sent: 0.0001 | L_DAMSM: -0.9973 | L_KL: 0.1894 | Gamma_DAMSM: 5.0000 | Lambda_KL: 2.0000
Step [1777] | D_Loss: 1.0943 | G_Loss: 7.2507 | G_GAN: 11.8559 | L_Words: -0.9971 | L_Sent: 0.0001 | L_DAMSM: -0.9970 | L_KL: 0.1899 | Gamma_DAMSM: 5.0000 | Lambda_KL: 2.0000
Step [1778] | D_Loss: 0.1777 | G_Loss: 5.1379 | G_GAN: 9.7483 | L_Words: -0.9979 | L_Sent: 0.0001 | L_DAMSM: -0.9979 | L_KL: 0.1895 | Gamma_DAMSM: 5.0000 | Lambda_KL: 2.0000
Step [1779] | D_Loss: 0.9064 | G_Loss: 2.9543 | G_GAN: 7.5691 | L_Words: -0.9986 | L_Sent: 0.0000 | L_DAMSM: -0.9986 | L_KL: 0.1891 | Gamma_DAMSM: 5.0000 | Lambda_KL: 2.0000
Step [1780] | D_Loss: 0.9987 | G_Loss: 3.1532 | G_GAN: 7.7625 | L_Words: -0.9976 | L_Sent: 0.0001 | L_DAMSM: -0.9976 | L_KL: 0.1892 | Gamma_DAMSM: 5.0000 | Lambda_KL: 2.0000
Step [1781] | D_Loss: 1.2770 | G_Loss: 6.4244 | G_GAN: 11.0307 | L_Words: -0.9970 | L_Sent: 0.0002 | L_DAMSM: -0.9968 | L_KL: 0.1888 | Gamma_DAMSM: 5.0000 | Lambda_KL: 2.0000
Step [1782] | D_Loss: 1.3250 | G_Loss: 4.5355 | G_GAN: 9.1472 | L_Words: -0.9977 | L_Sent: 0.0000 | L_DAMSM: -0.9976 | L_KL: 0.1882 | Gamma_DAMSM: 5.0000 | Lambda_KL: 2.0000
Step [1783] | D_Loss: 0.8901 | G_Loss: 0.2414 | G_GAN: 4.8500 | L_Words: -0.9962 | L_Sent: 0.0001 | L_DAMSM: -0.9961 | L_KL: 0.1860 | Gamma_DAMSM: 5.0000 | Lambda_KL: 2.0000
Step [1784] | D_Loss: 0.9029 | G_Loss: 3.1491 | G_GAN: 7.7664 | L_Words: -0.9974 | L_Sent: 0.0000 | L_DAMSM: -0.9974 | L_KL: 0.1847 | Gamma_DAMSM: 5.0000 | Lambda_KL: 2.0000
Step [1785] | D_Loss: 0.4746 | G_Loss: 3.8036 | G_GAN: 8.4234 | L_Words: -0.9979 | L_Sent: 0.0001 | L_DAMSM: -0.9978 | L_KL: 0.1847 | Gamma_DAMSM: 5.0000 | Lambda_KL: 2.0000
Step [1786] | D_Loss: 0.7243 | G_Loss: 3.2406 | G_GAN: 7.8608 | L_Words: -0.9978 | L_Sent: 0.0001 | L_DAMSM: -0.9977 | L_KL: 0.1842 | Gamma_DAMSM: 5.0000 | Lambda_KL: 2.0000
Step [1787] | D_Loss: 0.6147 | G_Loss: 1.7148 | G_GAN: 6.3342 | L_Words: -0.9975 | L_Sent: 0.0001 | L_DAMSM: -0.9974 | L_KL: 0.1839 | Gamma_DAMSM: 5.0000 | Lambda_KL: 2.0000
Step [1788] | D_Loss: 0.4235 | G_Loss: 4.5014 | G_GAN: 9.1238 | L_Words: -0.9983 | L_Sent: 0.0001 | L_DAMSM: -0.9982 | L_KL: 0.1843 | Gamma_DAMSM: 5.0000 | Lambda_KL: 2.0000
Step [1789] | D_Loss: 0.6862 | G_Loss: 1.9102 | G_GAN: 6.5325 | L_Words: -0.9974 | L_Sent: 0.0001 | L_DAMSM: -0.9974 | L_KL: 0.1824 | Gamma_DAMSM: 5.0000 | Lambda_KL: 2.0000
Step [1790] | D_Loss: 0.8254 | G_Loss: 1.5770 | G_GAN: 6.1996 | L_Words: -0.9975 | L_Sent: 0.0001 | L_DAMSM: -0.9974 | L_KL: 0.1823 | Gamma_DAMSM: 5.0000 | Lambda_KL: 2.0000
Step [1791] | D_Loss: 1.1283 | G_Loss: 3.1791 | G_GAN: 7.8026 | L_Words: -0.9979 | L_Sent: 0.0001 | L_DAMSM: -0.9978 | L_KL: 0.1828 | Gamma_DAMSM: 5.0000 | Lambda_KL: 2.0000
Step [1792] | D_Loss: 0.7139 | G_Loss: 3.3040 | G_GAN: 7.9262 | L_Words: -0.9977 | L_Sent: 0.0001 | L_DAMSM: -0.9976 | L_KL: 0.1829 | Gamma_DAMSM: 5.0000 | Lambda_KL: 2.0000
Step [1793] | D_Loss: 0.8358 | G_Loss: -0.0544 | G_GAN: 4.5649 | L_Words: -0.9971 | L_Sent: 0.0000 | L_DAMSM: -0.9970 | L_KL: 0.1829 | Gamma_DAMSM: 5.0000 | Lambda_KL: 2.0000
Step [1794] | D_Loss: 0.6746 | G_Loss: 2.9011 | G_GAN: 7.5268 | L_Words: -0.9979 | L_Sent: 0.0001 | L_DAMSM: -0.9978 | L_KL: 0.1817 | Gamma_DAMSM: 5.0000 | Lambda_KL: 2.0000
Step [1795] | D_Loss: 0.3999 | G_Loss: 2.8463 | G_GAN: 7.4765 | L_Words: -0.9986 | L_Sent: 0.0000 | L_DAMSM: -0.9986 | L_KL: 0.1814 | Gamma_DAMSM: 5.0000 | Lambda_KL: 2.0000
Step [1796] | D_Loss: 0.3156 | G_Loss: 2.4189 | G_GAN: 7.0491 | L_Words: -0.9981 | L_Sent: 0.0000 | L_DAMSM: -0.9981 | L_KL: 0.1801 | Gamma_DAMSM: 5.0000 | Lambda_KL: 2.0000
Step [1797] | D_Loss: 0.3054 | G_Loss: 5.2954 | G_GAN: 9.9265 | L_Words: -0.9979 | L_Sent: 0.0000 | L_DAMSM: -0.9978 | L_KL: 0.1790 | Gamma_DAMSM: 5.0000 | Lambda_KL: 2.0000
Step [1798] | D_Loss: 0.2984 | G_Loss: 4.0929 | G_GAN: 8.7223 | L_Words: -0.9976 | L_Sent: 0.0000 | L_DAMSM: -0.9976 | L_KL: 0.1793 | Gamma_DAMSM: 5.0000 | Lambda_KL: 2.0000
Step [1799] | D_Loss: 0.6333 | G_Loss: 2.2774 | G_GAN: 6.9095 | L_Words: -0.9973 | L_Sent: 0.0001 | L_DAMSM: -0.9972 | L_KL: 0.1770 | Gamma_DAMSM: 5.0000 | Lambda_KL: 2.0000
Step [1800] | D_Loss: 0.8315 | G_Loss: 1.0093 | G_GAN: 5.6447 | L_Words: -0.9971 | L_Sent: 0.0001 | L_DAMSM: -0.9970 | L_KL: 0.1747 | Gamma_DAMSM: 5.0000 | Lambda_KL: 2.0000
Step [1801] | D_Loss: 0.7541 | G_Loss: 0.6753 | G_GAN: 5.3142 | L_Words: -0.9977 | L_Sent: 0.0001 | L_DAMSM: -0.9976 | L_KL: 0.1745 | Gamma_DAMSM: 5.0000 | Lambda_KL: 2.0000
Step [1802] | D_Loss: 0.6056 | G_Loss: 5.7733 | G_GAN: 10.4178 | L_Words: -0.9984 | L_Sent: 0.0001 | L_DAMSM: -0.9983 | L_KL: 0.1735 | Gamma_DAMSM: 5.0000 | Lambda_KL: 2.0000
Step [1803] | D_Loss: 0.4067 | G_Loss: 6.7361 | G_GAN: 11.3745 | L_Words: -0.9972 | L_Sent: 0.0001 | L_DAMSM: -0.9972 | L_KL: 0.1737 | Gamma_DAMSM: 5.0000 | Lambda_KL: 2.0000
Step [1804] | D_Loss: 0.8475 | G_Loss: 0.9807 | G_GAN: 5.6253 | L_Words: -0.9982 | L_Sent: 0.0001 | L_DAMSM: -0.9981 | L_KL: 0.1730 | Gamma_DAMSM: 5.0000 | Lambda_KL: 2.0000
Step [1805] | D_Loss: 0.2198 | G_Loss: 3.8736 | G_GAN: 8.5115 | L_Words: -0.9964 | L_Sent: 0.0001 | L_DAMSM: -0.9963 | L_KL: 0.1718 | Gamma_DAMSM: 5.0000 | Lambda_KL: 2.0000
Step [1806] | D_Loss: 0.9646 | G_Loss: 3.5849 | G_GAN: 8.2177 | L_Words: -0.9953 | L_Sent: 0.0001 | L_DAMSM: -0.9952 | L_KL: 0.1716 | Gamma_DAMSM: 5.0000 | Lambda_KL: 2.0000
Step [1807] | D_Loss: 0.4183 | G_Loss: 4.5875 | G_GAN: 9.2340 | L_Words: -0.9980 | L_Sent: 0.0001 | L_DAMSM: -0.9980 | L_KL: 0.1716 | Gamma_DAMSM: 5.0000 | Lambda_KL: 2.0000
Step [1808] | D_Loss: 1.7355 | G_Loss: 4.7097 | G_GAN: 9.3536 | L_Words: -0.9980 | L_Sent: 0.0001 | L_DAMSM: -0.9980 | L_KL: 0.1729 | Gamma_DAMSM: 5.0000 | Lambda_KL: 2.0000
Step [1809] | D_Loss: 0.4359 | G_Loss: 2.9764 | G_GAN: 7.6168 | L_Words: -0.9976 | L_Sent: 0.0000 | L_DAMSM: -0.9975 | L_KL: 0.1736 | Gamma_DAMSM: 5.0000 | Lambda_KL: 2.0000
Step [1810] | D_Loss: 0.5649 | G_Loss: 5.1013 | G_GAN: 9.7380 | L_Words: -0.9975 | L_Sent: 0.0001 | L_DAMSM: -0.9975 | L_KL: 0.1754 | Gamma_DAMSM: 5.0000 | Lambda_KL: 2.0000
Step [1811] | D_Loss: 1.1769 | G_Loss: 0.9790 | G_GAN: 5.6182 | L_Words: -0.9984 | L_Sent: 0.0001 | L_DAMSM: -0.9984 | L_KL: 0.1763 | Gamma_DAMSM: 5.0000 | Lambda_KL: 2.0000
Step [1812] | D_Loss: 1.2961 | G_Loss: 3.5366 | G_GAN: 8.1741 | L_Words: -0.9984 | L_Sent: 0.0000 | L_DAMSM: -0.9984 | L_KL: 0.1772 | Gamma_DAMSM: 5.0000 | Lambda_KL: 2.0000
Step [1813] | D_Loss: 0.4079 | G_Loss: 1.6462 | G_GAN: 6.2821 | L_Words: -0.9979 | L_Sent: 0.0000 | L_DAMSM: -0.9979 | L_KL: 0.1768 | Gamma_DAMSM: 5.0000 | Lambda_KL: 2.0000
Step [1814] | D_Loss: 0.9906 | G_Loss: 3.0202 | G_GAN: 7.6485 | L_Words: -0.9976 | L_Sent: 0.0001 | L_DAMSM: -0.9976 | L_KL: 0.1797 | Gamma_DAMSM: 5.0000 | Lambda_KL: 2.0000
Step [1815] | D_Loss: 0.9272 | G_Loss: 1.7757 | G_GAN: 6.4002 | L_Words: -0.9974 | L_Sent: 0.0001 | L_DAMSM: -0.9973 | L_KL: 0.1810 | Gamma_DAMSM: 5.0000 | Lambda_KL: 2.0000
Step [1816] | D_Loss: 0.5855 | G_Loss: 4.8467 | G_GAN: 9.4705 | L_Words: -0.9981 | L_Sent: 0.0000 | L_DAMSM: -0.9980 | L_KL: 0.1832 | Gamma_DAMSM: 5.0000 | Lambda_KL: 2.0000
Step [1817] | D_Loss: 0.7850 | G_Loss: 3.4466 | G_GAN: 8.0654 | L_Words: -0.9979 | L_Sent: 0.0001 | L_DAMSM: -0.9978 | L_KL: 0.1851 | Gamma_DAMSM: 5.0000 | Lambda_KL: 2.0000
Step [1818] | D_Loss: 0.5223 | G_Loss: 6.0486 | G_GAN: 10.6644 | L_Words: -0.9981 | L_Sent: 0.0001 | L_DAMSM: -0.9980 | L_KL: 0.1872 | Gamma_DAMSM: 5.0000 | Lambda_KL: 2.0000
Step [1819] | D_Loss: 1.1986 | G_Loss: 2.6764 | G_GAN: 7.2901 | L_Words: -0.9980 | L_Sent: 0.0001 | L_DAMSM: -0.9979 | L_KL: 0.1879 | Gamma_DAMSM: 5.0000 | Lambda_KL: 2.0000
Step [1820] | D_Loss: 0.6137 | G_Loss: -1.1480 | G_GAN: 3.4630 | L_Words: -0.9973 | L_Sent: 0.0001 | L_DAMSM: -0.9972 | L_KL: 0.1876 | Gamma_DAMSM: 5.0000 | Lambda_KL: 2.0000
Step [1821] | D_Loss: 0.7984 | G_Loss: 2.5631 | G_GAN: 7.1791 | L_Words: -0.9983 | L_Sent: 0.0001 | L_DAMSM: -0.9982 | L_KL: 0.1875 | Gamma_DAMSM: 5.0000 | Lambda_KL: 2.0000
Step [1822] | D_Loss: 0.4389 | G_Loss: 4.7804 | G_GAN: 9.3942 | L_Words: -0.9976 | L_Sent: 0.0000 | L_DAMSM: -0.9976 | L_KL: 0.1870 | Gamma_DAMSM: 5.0000 | Lambda_KL: 2.0000
Step [1823] | D_Loss: 1.0607 | G_Loss: 0.9569 | G_GAN: 5.5682 | L_Words: -0.9969 | L_Sent: 0.0002 | L_DAMSM: -0.9968 | L_KL: 0.1863 | Gamma_DAMSM: 5.0000 | Lambda_KL: 2.0000
Step [1824] | D_Loss: 0.7245 | G_Loss: 0.8106 | G_GAN: 5.4253 | L_Words: -0.9975 | L_Sent: 0.0001 | L_DAMSM: -0.9975 | L_KL: 0.1864 | Gamma_DAMSM: 5.0000 | Lambda_KL: 2.0000
Step [1825] | D_Loss: 0.6584 | G_Loss: 4.4164 | G_GAN: 9.0323 | L_Words: -0.9982 | L_Sent: 0.0001 | L_DAMSM: -0.9981 | L_KL: 0.1872 | Gamma_DAMSM: 5.0000 | Lambda_KL: 2.0000
Step [1826] | D_Loss: 0.6389 | G_Loss: 4.9233 | G_GAN: 9.5435 | L_Words: -0.9980 | L_Sent: 0.0001 | L_DAMSM: -0.9979 | L_KL: 0.1848 | Gamma_DAMSM: 5.0000 | Lambda_KL: 2.0000
Step [1827] | D_Loss: 0.4756 | G_Loss: 5.1238 | G_GAN: 9.7452 | L_Words: -0.9977 | L_Sent: 0.0001 | L_DAMSM: -0.9976 | L_KL: 0.1834 | Gamma_DAMSM: 5.0000 | Lambda_KL: 2.0000
Step [1828] | D_Loss: 1.0558 | G_Loss: -0.4567 | G_GAN: 4.1533 | L_Words: -0.9962 | L_Sent: 0.0001 | L_DAMSM: -0.9961 | L_KL: 0.1853 | Gamma_DAMSM: 5.0000 | Lambda_KL: 2.0000
Step [1829] | D_Loss: 1.0270 | G_Loss: 1.3886 | G_GAN: 6.0009 | L_Words: -0.9974 | L_Sent: 0.0001 | L_DAMSM: -0.9973 | L_KL: 0.1871 | Gamma_DAMSM: 5.0000 | Lambda_KL: 2.0000
Step [1830] | D_Loss: 0.4227 | G_Loss: 2.9027 | G_GAN: 7.5200 | L_Words: -0.9982 | L_Sent: 0.0001 | L_DAMSM: -0.9981 | L_KL: 0.1866 | Gamma_DAMSM: 5.0000 | Lambda_KL: 2.0000
Step [1831] | D_Loss: 0.5407 | G_Loss: 3.6743 | G_GAN: 8.2932 | L_Words: -0.9977 | L_Sent: 0.0001 | L_DAMSM: -0.9977 | L_KL: 0.1847 | Gamma_DAMSM: 5.0000 | Lambda_KL: 2.0000
Step [1832] | D_Loss: 1.0936 | G_Loss: 3.4191 | G_GAN: 8.0401 | L_Words: -0.9981 | L_Sent: 0.0001 | L_DAMSM: -0.9981 | L_KL: 0.1848 | Gamma_DAMSM: 5.0000 | Lambda_KL: 2.0000
Step [1833] | D_Loss: 0.7451 | G_Loss: 4.2921 | G_GAN: 8.9153 | L_Words: -0.9985 | L_Sent: 0.0001 | L_DAMSM: -0.9983 | L_KL: 0.1843 | Gamma_DAMSM: 5.0000 | Lambda_KL: 2.0000
Step [1834] | D_Loss: 0.6152 | G_Loss: 1.8662 | G_GAN: 6.4901 | L_Words: -0.9985 | L_Sent: 0.0001 | L_DAMSM: -0.9984 | L_KL: 0.1840 | Gamma_DAMSM: 5.0000 | Lambda_KL: 2.0000
Step [1835] | D_Loss: 0.6765 | G_Loss: 5.4434 | G_GAN: 10.0678 | L_Words: -0.9986 | L_Sent: 0.0001 | L_DAMSM: -0.9985 | L_KL: 0.1841 | Gamma_DAMSM: 5.0000 | Lambda_KL: 2.0000
Step [1836] | D_Loss: 0.2800 | G_Loss: 7.2969 | G_GAN: 11.9203 | L_Words: -0.9982 | L_Sent: 0.0001 | L_DAMSM: -0.9981 | L_KL: 0.1836 | Gamma_DAMSM: 5.0000 | Lambda_KL: 2.0000
Step [1837] | D_Loss: 0.6195 | G_Loss: 6.9944 | G_GAN: 11.6095 | L_Words: -0.9962 | L_Sent: 0.0001 | L_DAMSM: -0.9961 | L_KL: 0.1827 | Gamma_DAMSM: 5.0000 | Lambda_KL: 2.0000
Step [1838] | D_Loss: 0.7015 | G_Loss: 1.4370 | G_GAN: 6.0603 | L_Words: -0.9975 | L_Sent: 0.0002 | L_DAMSM: -0.9974 | L_KL: 0.1818 | Gamma_DAMSM: 5.0000 | Lambda_KL: 2.0000
Step [1839] | D_Loss: 0.6392 | G_Loss: 4.0739 | G_GAN: 8.7046 | L_Words: -0.9982 | L_Sent: 0.0001 | L_DAMSM: -0.9981 | L_KL: 0.1800 | Gamma_DAMSM: 5.0000 | Lambda_KL: 2.0000
Step [1840] | D_Loss: 0.5091 | G_Loss: 4.8766 | G_GAN: 9.5082 | L_Words: -0.9983 | L_Sent: 0.0001 | L_DAMSM: -0.9982 | L_KL: 0.1798 | Gamma_DAMSM: 5.0000 | Lambda_KL: 2.0000
Step [1841] | D_Loss: 0.6332 | G_Loss: 4.4324 | G_GAN: 9.0621 | L_Words: -0.9978 | L_Sent: 0.0000 | L_DAMSM: -0.9978 | L_KL: 0.1797 | Gamma_DAMSM: 5.0000 | Lambda_KL: 2.0000
Step [1842] | D_Loss: 0.6870 | G_Loss: 3.0344 | G_GAN: 7.6620 | L_Words: -0.9973 | L_Sent: 0.0000 | L_DAMSM: -0.9972 | L_KL: 0.1793 | Gamma_DAMSM: 5.0000 | Lambda_KL: 2.0000
Step [1843] | D_Loss: 0.4812 | G_Loss: 3.7861 | G_GAN: 8.4093 | L_Words: -0.9964 | L_Sent: 0.0001 | L_DAMSM: -0.9963 | L_KL: 0.1792 | Gamma_DAMSM: 5.0000 | Lambda_KL: 2.0000
Step [1844] | D_Loss: 0.7648 | G_Loss: 5.7970 | G_GAN: 10.4341 | L_Words: -0.9987 | L_Sent: 0.0000 | L_DAMSM: -0.9986 | L_KL: 0.1780 | Gamma_DAMSM: 5.0000 | Lambda_KL: 2.0000
Step [1845] | D_Loss: 0.2885 | G_Loss: 4.7007 | G_GAN: 9.3350 | L_Words: -0.9983 | L_Sent: 0.0001 | L_DAMSM: -0.9982 | L_KL: 0.1783 | Gamma_DAMSM: 5.0000 | Lambda_KL: 2.0000
Step [1846] | D_Loss: 1.0071 | G_Loss: 9.4682 | G_GAN: 14.1030 | L_Words: -0.9984 | L_Sent: 0.0001 | L_DAMSM: -0.9983 | L_KL: 0.1783 | Gamma_DAMSM: 5.0000 | Lambda_KL: 2.0000
Step [1847] | D_Loss: 1.8725 | G_Loss: 5.4528 | G_GAN: 10.0845 | L_Words: -0.9979 | L_Sent: 0.0001 | L_DAMSM: -0.9979 | L_KL: 0.1788 | Gamma_DAMSM: 5.0000 | Lambda_KL: 2.0000
Step [1848] | D_Loss: 0.5329 | G_Loss: 5.0835 | G_GAN: 9.7146 | L_Words: -0.9979 | L_Sent: 0.0002 | L_DAMSM: -0.9977 | L_KL: 0.1788 | Gamma_DAMSM: 5.0000 | Lambda_KL: 2.0000
Step [1849] | D_Loss: 0.5046 | G_Loss: 3.3627 | G_GAN: 7.9874 | L_Words: -0.9963 | L_Sent: 0.0001 | L_DAMSM: -0.9962 | L_KL: 0.1782 | Gamma_DAMSM: 5.0000 | Lambda_KL: 2.0000
Step [1850] | D_Loss: 1.0105 | G_Loss: 0.6322 | G_GAN: 5.2679 | L_Words: -0.9982 | L_Sent: 0.0000 | L_DAMSM: -0.9982 | L_KL: 0.1776 | Gamma_DAMSM: 5.0000 | Lambda_KL: 2.0000
Step [1851] | D_Loss: 0.3623 | G_Loss: 0.6022 | G_GAN: 5.2411 | L_Words: -0.9989 | L_Sent: 0.0001 | L_DAMSM: -0.9988 | L_KL: 0.1776 | Gamma_DAMSM: 5.0000 | Lambda_KL: 2.0000
Step [1852] | D_Loss: 1.1186 | G_Loss: 2.3176 | G_GAN: 6.9528 | L_Words: -0.9979 | L_Sent: 0.0000 | L_DAMSM: -0.9979 | L_KL: 0.1771 | Gamma_DAMSM: 5.0000 | Lambda_KL: 2.0000
Step [1853] | D_Loss: 0.1640 | G_Loss: 4.5924 | G_GAN: 9.2300 | L_Words: -0.9981 | L_Sent: 0.0001 | L_DAMSM: -0.9980 | L_KL: 0.1761 | Gamma_DAMSM: 5.0000 | Lambda_KL: 2.0000
Step [1854] | D_Loss: 0.8282 | G_Loss: 5.4209 | G_GAN: 10.0610 | L_Words: -0.9981 | L_Sent: 0.0001 | L_DAMSM: -0.9980 | L_KL: 0.1750 | Gamma_DAMSM: 5.0000 | Lambda_KL: 2.0000
Step [1855] | D_Loss: 0.6136 | G_Loss: 3.1085 | G_GAN: 7.7484 | L_Words: -0.9979 | L_Sent: 0.0001 | L_DAMSM: -0.9978 | L_KL: 0.1746 | Gamma_DAMSM: 5.0000 | Lambda_KL: 2.0000
Step [1856] | D_Loss: 0.3346 | G_Loss: 1.6676 | G_GAN: 6.3063 | L_Words: -0.9979 | L_Sent: 0.0000 | L_DAMSM: -0.9979 | L_KL: 0.1753 | Gamma_DAMSM: 5.0000 | Lambda_KL: 2.0000
Step [1857] | D_Loss: 0.3484 | G_Loss: 0.5438 | G_GAN: 5.1837 | L_Words: -0.9985 | L_Sent: 0.0001 | L_DAMSM: -0.9984 | L_KL: 0.1760 | Gamma_DAMSM: 5.0000 | Lambda_KL: 2.0000
Step [1858] | D_Loss: 0.5752 | G_Loss: 4.4975 | G_GAN: 9.1326 | L_Words: -0.9977 | L_Sent: 0.0001 | L_DAMSM: -0.9977 | L_KL: 0.1766 | Gamma_DAMSM: 5.0000 | Lambda_KL: 2.0000
Step [1859] | D_Loss: 0.5775 | G_Loss: 7.5246 | G_GAN: 12.1580 | L_Words: -0.9978 | L_Sent: 0.0001 | L_DAMSM: -0.9977 | L_KL: 0.1776 | Gamma_DAMSM: 5.0000 | Lambda_KL: 2.0000
Step [1860] | D_Loss: 0.8728 | G_Loss: 5.4044 | G_GAN: 10.0361 | L_Words: -0.9973 | L_Sent: 0.0001 | L_DAMSM: -0.9973 | L_KL: 0.1773 | Gamma_DAMSM: 5.0000 | Lambda_KL: 2.0000
Step [1861] | D_Loss: 0.5934 | G_Loss: 2.9721 | G_GAN: 7.5925 | L_Words: -0.9965 | L_Sent: 0.0001 | L_DAMSM: -0.9964 | L_KL: 0.1807 | Gamma_DAMSM: 5.0000 | Lambda_KL: 2.0000
Step [1862] | D_Loss: 0.6250 | G_Loss: 5.0665 | G_GAN: 9.6940 | L_Words: -0.9985 | L_Sent: 0.0001 | L_DAMSM: -0.9984 | L_KL: 0.1823 | Gamma_DAMSM: 5.0000 | Lambda_KL: 2.0000
Step [1863] | D_Loss: 0.8023 | G_Loss: 3.6027 | G_GAN: 8.2164 | L_Words: -0.9965 | L_Sent: 0.0001 | L_DAMSM: -0.9964 | L_KL: 0.1842 | Gamma_DAMSM: 5.0000 | Lambda_KL: 2.0000
Step [1864] | D_Loss: 0.6413 | G_Loss: 8.4366 | G_GAN: 13.0398 | L_Words: -0.9960 | L_Sent: 0.0001 | L_DAMSM: -0.9959 | L_KL: 0.1883 | Gamma_DAMSM: 5.0000 | Lambda_KL: 2.0000
Step [1865] | D_Loss: 0.2572 | G_Loss: 8.4204 | G_GAN: 13.0188 | L_Words: -0.9968 | L_Sent: 0.0000 | L_DAMSM: -0.9968 | L_KL: 0.1927 | Gamma_DAMSM: 5.0000 | Lambda_KL: 2.0000
Step [1866] | D_Loss: 0.2038 | G_Loss: 2.6099 | G_GAN: 7.2038 | L_Words: -0.9973 | L_Sent: 0.0001 | L_DAMSM: -0.9972 | L_KL: 0.1961 | Gamma_DAMSM: 5.0000 | Lambda_KL: 2.0000
Step [1867] | D_Loss: 0.6047 | G_Loss: 3.3800 | G_GAN: 7.9712 | L_Words: -0.9977 | L_Sent: 0.0001 | L_DAMSM: -0.9977 | L_KL: 0.1985 | Gamma_DAMSM: 5.0000 | Lambda_KL: 2.0000
Step [1868] | D_Loss: 2.0203 | G_Loss: 5.1576 | G_GAN: 9.7431 | L_Words: -0.9969 | L_Sent: 0.0002 | L_DAMSM: -0.9968 | L_KL: 0.1992 | Gamma_DAMSM: 5.0000 | Lambda_KL: 2.0000
Step [1869] | D_Loss: 0.8849 | G_Loss: 5.0392 | G_GAN: 9.6305 | L_Words: -0.9978 | L_Sent: 0.0001 | L_DAMSM: -0.9977 | L_KL: 0.1987 | Gamma_DAMSM: 5.0000 | Lambda_KL: 2.0000
Step [1870] | D_Loss: 0.4126 | G_Loss: 8.2844 | G_GAN: 12.8696 | L_Words: -0.9979 | L_Sent: 0.0001 | L_DAMSM: -0.9978 | L_KL: 0.2018 | Gamma_DAMSM: 5.0000 | Lambda_KL: 2.0000
Step [1871] | D_Loss: 0.5194 | G_Loss: 2.6851 | G_GAN: 7.2645 | L_Words: -0.9978 | L_Sent: 0.0001 | L_DAMSM: -0.9977 | L_KL: 0.2045 | Gamma_DAMSM: 5.0000 | Lambda_KL: 2.0000
Step [1872] | D_Loss: 1.0952 | G_Loss: 0.9209 | G_GAN: 5.4972 | L_Words: -0.9982 | L_Sent: 0.0001 | L_DAMSM: -0.9981 | L_KL: 0.2071 | Gamma_DAMSM: 5.0000 | Lambda_KL: 2.0000
Step [1873] | D_Loss: 1.1301 | G_Loss: 3.5624 | G_GAN: 8.1327 | L_Words: -0.9972 | L_Sent: 0.0001 | L_DAMSM: -0.9971 | L_KL: 0.2077 | Gamma_DAMSM: 5.0000 | Lambda_KL: 2.0000
Step [1874] | D_Loss: 0.2972 | G_Loss: 3.3686 | G_GAN: 7.9389 | L_Words: -0.9977 | L_Sent: 0.0001 | L_DAMSM: -0.9976 | L_KL: 0.2089 | Gamma_DAMSM: 5.0000 | Lambda_KL: 2.0000
Step [1875] | D_Loss: 0.2792 | G_Loss: 6.2852 | G_GAN: 10.8541 | L_Words: -0.9976 | L_Sent: 0.0000 | L_DAMSM: -0.9976 | L_KL: 0.2096 | Gamma_DAMSM: 5.0000 | Lambda_KL: 2.0000
Step [1876] | D_Loss: 0.6934 | G_Loss: 7.2249 | G_GAN: 11.8031 | L_Words: -0.9982 | L_Sent: 0.0001 | L_DAMSM: -0.9981 | L_KL: 0.2063 | Gamma_DAMSM: 5.0000 | Lambda_KL: 2.0000
Step [1877] | D_Loss: 0.5869 | G_Loss: 2.4059 | G_GAN: 6.9729 | L_Words: -0.9963 | L_Sent: 0.0001 | L_DAMSM: -0.9962 | L_KL: 0.2071 | Gamma_DAMSM: 5.0000 | Lambda_KL: 2.0000
Step [1878] | D_Loss: 0.7983 | G_Loss: 3.8020 | G_GAN: 8.3752 | L_Words: -0.9979 | L_Sent: 0.0000 | L_DAMSM: -0.9979 | L_KL: 0.2081 | Gamma_DAMSM: 5.0000 | Lambda_KL: 2.0000
Step [1879] | D_Loss: 1.1805 | G_Loss: 3.4788 | G_GAN: 8.0498 | L_Words: -0.9986 | L_Sent: 0.0000 | L_DAMSM: -0.9985 | L_KL: 0.2108 | Gamma_DAMSM: 5.0000 | Lambda_KL: 2.0000
Step [1880] | D_Loss: 1.2163 | G_Loss: 4.1982 | G_GAN: 8.7484 | L_Words: -0.9958 | L_Sent: 0.0001 | L_DAMSM: -0.9958 | L_KL: 0.2143 | Gamma_DAMSM: 5.0000 | Lambda_KL: 2.0000
Step [1881] | D_Loss: 0.4531 | G_Loss: 2.7842 | G_GAN: 7.3388 | L_Words: -0.9969 | L_Sent: 0.0001 | L_DAMSM: -0.9968 | L_KL: 0.2147 | Gamma_DAMSM: 5.0000 | Lambda_KL: 2.0000
Step [1882] | D_Loss: 0.6002 | G_Loss: 4.9805 | G_GAN: 9.5380 | L_Words: -0.9976 | L_Sent: 0.0001 | L_DAMSM: -0.9976 | L_KL: 0.2151 | Gamma_DAMSM: 5.0000 | Lambda_KL: 2.0000
Step [1883] | D_Loss: 0.2626 | G_Loss: 5.9122 | G_GAN: 10.4702 | L_Words: -0.9978 | L_Sent: 0.0001 | L_DAMSM: -0.9978 | L_KL: 0.2154 | Gamma_DAMSM: 5.0000 | Lambda_KL: 2.0000
Step [1884] | D_Loss: 1.5810 | G_Loss: 1.7747 | G_GAN: 6.3295 | L_Words: -0.9966 | L_Sent: 0.0001 | L_DAMSM: -0.9965 | L_KL: 0.2139 | Gamma_DAMSM: 5.0000 | Lambda_KL: 2.0000
Step [1885] | D_Loss: 0.6910 | G_Loss: 0.7629 | G_GAN: 5.3246 | L_Words: -0.9973 | L_Sent: 0.0001 | L_DAMSM: -0.9972 | L_KL: 0.2122 | Gamma_DAMSM: 5.0000 | Lambda_KL: 2.0000
Step [1886] | D_Loss: 0.7979 | G_Loss: 3.6173 | G_GAN: 8.1861 | L_Words: -0.9977 | L_Sent: 0.0000 | L_DAMSM: -0.9977 | L_KL: 0.2097 | Gamma_DAMSM: 5.0000 | Lambda_KL: 2.0000
Step [1887] | D_Loss: 0.2732 | G_Loss: 7.0630 | G_GAN: 11.6309 | L_Words: -0.9975 | L_Sent: 0.0000 | L_DAMSM: -0.9975 | L_KL: 0.2097 | Gamma_DAMSM: 5.0000 | Lambda_KL: 2.0000
Step [1888] | D_Loss: 0.8530 | G_Loss: 5.8243 | G_GAN: 10.3969 | L_Words: -0.9981 | L_Sent: 0.0001 | L_DAMSM: -0.9980 | L_KL: 0.2088 | Gamma_DAMSM: 5.0000 | Lambda_KL: 2.0000
Step [1889] | D_Loss: 0.5609 | G_Loss: 3.2525 | G_GAN: 7.8321 | L_Words: -0.9985 | L_Sent: 0.0001 | L_DAMSM: -0.9984 | L_KL: 0.2062 | Gamma_DAMSM: 5.0000 | Lambda_KL: 2.0000
Step [1890] | D_Loss: 0.5861 | G_Loss: 4.9292 | G_GAN: 9.5008 | L_Words: -0.9968 | L_Sent: 0.0000 | L_DAMSM: -0.9968 | L_KL: 0.2062 | Gamma_DAMSM: 5.0000 | Lambda_KL: 2.0000
Step [1891] | D_Loss: 0.5630 | G_Loss: 4.2189 | G_GAN: 8.7849 | L_Words: -0.9962 | L_Sent: 0.0001 | L_DAMSM: -0.9961 | L_KL: 0.2071 | Gamma_DAMSM: 5.0000 | Lambda_KL: 2.0000
Step [1892] | D_Loss: 0.3811 | G_Loss: 3.4440 | G_GAN: 8.0185 | L_Words: -0.9983 | L_Sent: 0.0000 | L_DAMSM: -0.9983 | L_KL: 0.2084 | Gamma_DAMSM: 5.0000 | Lambda_KL: 2.0000
Step [1893] | D_Loss: 0.4926 | G_Loss: 1.1061 | G_GAN: 5.6722 | L_Words: -0.9969 | L_Sent: 0.0001 | L_DAMSM: -0.9969 | L_KL: 0.2091 | Gamma_DAMSM: 5.0000 | Lambda_KL: 2.0000
Step [1894] | D_Loss: 0.5008 | G_Loss: 3.9761 | G_GAN: 8.5490 | L_Words: -0.9985 | L_Sent: 0.0001 | L_DAMSM: -0.9985 | L_KL: 0.2097 | Gamma_DAMSM: 5.0000 | Lambda_KL: 2.0000
Step [1895] | D_Loss: 0.6052 | G_Loss: 6.4193 | G_GAN: 10.9791 | L_Words: -0.9967 | L_Sent: 0.0001 | L_DAMSM: -0.9967 | L_KL: 0.2118 | Gamma_DAMSM: 5.0000 | Lambda_KL: 2.0000
Step [1896] | D_Loss: 0.5206 | G_Loss: 3.9340 | G_GAN: 8.4920 | L_Words: -0.9969 | L_Sent: 0.0000 | L_DAMSM: -0.9969 | L_KL: 0.2133 | Gamma_DAMSM: 5.0000 | Lambda_KL: 2.0000
Step [1897] | D_Loss: 0.6270 | G_Loss: 3.7099 | G_GAN: 8.2682 | L_Words: -0.9976 | L_Sent: 0.0001 | L_DAMSM: -0.9975 | L_KL: 0.2145 | Gamma_DAMSM: 5.0000 | Lambda_KL: 2.0000
Step [1898] | D_Loss: 0.5110 | G_Loss: 7.7481 | G_GAN: 12.2807 | L_Words: -0.9924 | L_Sent: 0.0001 | L_DAMSM: -0.9923 | L_KL: 0.2145 | Gamma_DAMSM: 5.0000 | Lambda_KL: 2.0000
Step [1899] | D_Loss: 0.6316 | G_Loss: 6.9683 | G_GAN: 11.5251 | L_Words: -0.9978 | L_Sent: 0.0001 | L_DAMSM: -0.9977 | L_KL: 0.2159 | Gamma_DAMSM: 5.0000 | Lambda_KL: 2.0000
Step [1900] | D_Loss: 0.8011 | G_Loss: 2.5533 | G_GAN: 7.0988 | L_Words: -0.9963 | L_Sent: 0.0001 | L_DAMSM: -0.9962 | L_KL: 0.2178 | Gamma_DAMSM: 5.0000 | Lambda_KL: 2.0000
Step [1901] | D_Loss: 0.9854 | G_Loss: 3.9933 | G_GAN: 8.5409 | L_Words: -0.9980 | L_Sent: 0.0001 | L_DAMSM: -0.9979 | L_KL: 0.2211 | Gamma_DAMSM: 5.0000 | Lambda_KL: 2.0000
Step [1902] | D_Loss: 0.6149 | G_Loss: 3.7484 | G_GAN: 8.2880 | L_Words: -0.9976 | L_Sent: 0.0001 | L_DAMSM: -0.9975 | L_KL: 0.2240 | Gamma_DAMSM: 5.0000 | Lambda_KL: 2.0000
Step [1903] | D_Loss: 0.6584 | G_Loss: 7.9831 | G_GAN: 12.5085 | L_Words: -0.9973 | L_Sent: 0.0001 | L_DAMSM: -0.9972 | L_KL: 0.2302 | Gamma_DAMSM: 5.0000 | Lambda_KL: 2.0000
Step [1904] | D_Loss: 0.4720 | G_Loss: 6.2939 | G_GAN: 10.8173 | L_Words: -0.9980 | L_Sent: 0.0001 | L_DAMSM: -0.9979 | L_KL: 0.2330 | Gamma_DAMSM: 5.0000 | Lambda_KL: 2.0000
Step [1905] | D_Loss: 0.3281 | G_Loss: 5.1859 | G_GAN: 9.7073 | L_Words: -0.9981 | L_Sent: 0.0001 | L_DAMSM: -0.9980 | L_KL: 0.2343 | Gamma_DAMSM: 5.0000 | Lambda_KL: 2.0000
Step [1906] | D_Loss: 0.1998 | G_Loss: 4.7617 | G_GAN: 9.2777 | L_Words: -0.9979 | L_Sent: 0.0001 | L_DAMSM: -0.9978 | L_KL: 0.2365 | Gamma_DAMSM: 5.0000 | Lambda_KL: 2.0000
Step [1907] | D_Loss: 1.6645 | G_Loss: 1.4581 | G_GAN: 5.9709 | L_Words: -0.9983 | L_Sent: 0.0001 | L_DAMSM: -0.9982 | L_KL: 0.2391 | Gamma_DAMSM: 5.0000 | Lambda_KL: 2.0000
Step [1908] | D_Loss: 0.8189 | G_Loss: 4.9524 | G_GAN: 9.4591 | L_Words: -0.9980 | L_Sent: 0.0001 | L_DAMSM: -0.9980 | L_KL: 0.2416 | Gamma_DAMSM: 5.0000 | Lambda_KL: 2.0000
Step [1909] | D_Loss: 1.1916 | G_Loss: 4.6713 | G_GAN: 9.1738 | L_Words: -0.9973 | L_Sent: 0.0001 | L_DAMSM: -0.9972 | L_KL: 0.2417 | Gamma_DAMSM: 5.0000 | Lambda_KL: 2.0000
Step [1910] | D_Loss: 0.3817 | G_Loss: 2.7696 | G_GAN: 7.2693 | L_Words: -0.9973 | L_Sent: 0.0000 | L_DAMSM: -0.9973 | L_KL: 0.2433 | Gamma_DAMSM: 5.0000 | Lambda_KL: 2.0000
Step [1911] | D_Loss: 0.9355 | G_Loss: 4.9369 | G_GAN: 9.4407 | L_Words: -0.9974 | L_Sent: 0.0000 | L_DAMSM: -0.9974 | L_KL: 0.2415 | Gamma_DAMSM: 5.0000 | Lambda_KL: 2.0000
Step [1912] | D_Loss: 0.4995 | G_Loss: 1.1988 | G_GAN: 5.7029 | L_Words: -0.9984 | L_Sent: 0.0001 | L_DAMSM: -0.9983 | L_KL: 0.2437 | Gamma_DAMSM: 5.0000 | Lambda_KL: 2.0000
Step [1913] | D_Loss: 0.4067 | G_Loss: 3.3038 | G_GAN: 7.7885 | L_Words: -0.9951 | L_Sent: 0.0001 | L_DAMSM: -0.9951 | L_KL: 0.2453 | Gamma_DAMSM: 5.0000 | Lambda_KL: 2.0000
Step [1914] | D_Loss: 0.7907 | G_Loss: 3.0567 | G_GAN: 7.5567 | L_Words: -0.9978 | L_Sent: 0.0001 | L_DAMSM: -0.9977 | L_KL: 0.2442 | Gamma_DAMSM: 5.0000 | Lambda_KL: 2.0000
Step [1915] | D_Loss: 0.4481 | G_Loss: 3.6023 | G_GAN: 8.0974 | L_Words: -0.9964 | L_Sent: 0.0000 | L_DAMSM: -0.9963 | L_KL: 0.2432 | Gamma_DAMSM: 5.0000 | Lambda_KL: 2.0000
Step [1916] | D_Loss: 0.3824 | G_Loss: 6.3647 | G_GAN: 10.8685 | L_Words: -0.9969 | L_Sent: 0.0001 | L_DAMSM: -0.9969 | L_KL: 0.2402 | Gamma_DAMSM: 5.0000 | Lambda_KL: 2.0000
Step [1917] | D_Loss: 0.7193 | G_Loss: 4.7570 | G_GAN: 9.2576 | L_Words: -0.9954 | L_Sent: 0.0001 | L_DAMSM: -0.9953 | L_KL: 0.2379 | Gamma_DAMSM: 5.0000 | Lambda_KL: 2.0000
Step [1918] | D_Loss: 0.8712 | G_Loss: 1.5913 | G_GAN: 6.1049 | L_Words: -0.9973 | L_Sent: 0.0001 | L_DAMSM: -0.9972 | L_KL: 0.2363 | Gamma_DAMSM: 5.0000 | Lambda_KL: 2.0000
Step [1919] | D_Loss: 0.4996 | G_Loss: 3.5784 | G_GAN: 8.0881 | L_Words: -0.9965 | L_Sent: 0.0001 | L_DAMSM: -0.9965 | L_KL: 0.2363 | Gamma_DAMSM: 5.0000 | Lambda_KL: 2.0000
Step [1920] | D_Loss: 0.6648 | G_Loss: 1.7208 | G_GAN: 6.2239 | L_Words: -0.9955 | L_Sent: 0.0002 | L_DAMSM: -0.9953 | L_KL: 0.2367 | Gamma_DAMSM: 5.0000 | Lambda_KL: 2.0000
Step [1921] | D_Loss: 0.4764 | G_Loss: 5.2926 | G_GAN: 9.8072 | L_Words: -0.9972 | L_Sent: 0.0000 | L_DAMSM: -0.9972 | L_KL: 0.2356 | Gamma_DAMSM: 5.0000 | Lambda_KL: 2.0000
Step [1922] | D_Loss: 0.4097 | G_Loss: 5.6477 | G_GAN: 10.1692 | L_Words: -0.9983 | L_Sent: 0.0001 | L_DAMSM: -0.9983 | L_KL: 0.2349 | Gamma_DAMSM: 5.0000 | Lambda_KL: 2.0000
Step [1923] | D_Loss: 0.3091 | G_Loss: 9.8528 | G_GAN: 14.3775 | L_Words: -0.9983 | L_Sent: 0.0001 | L_DAMSM: -0.9982 | L_KL: 0.2331 | Gamma_DAMSM: 5.0000 | Lambda_KL: 2.0000
Step [1924] | D_Loss: 0.3300 | G_Loss: 7.8157 | G_GAN: 12.3344 | L_Words: -0.9975 | L_Sent: 0.0001 | L_DAMSM: -0.9974 | L_KL: 0.2341 | Gamma_DAMSM: 5.0000 | Lambda_KL: 2.0000
Step [1925] | D_Loss: 1.2054 | G_Loss: 1.8745 | G_GAN: 6.3915 | L_Words: -0.9964 | L_Sent: 0.0003 | L_DAMSM: -0.9962 | L_KL: 0.2319 | Gamma_DAMSM: 5.0000 | Lambda_KL: 2.0000
Step [1926] | D_Loss: 0.9385 | G_Loss: 1.4783 | G_GAN: 6.0034 | L_Words: -0.9973 | L_Sent: 0.0003 | L_DAMSM: -0.9970 | L_KL: 0.2299 | Gamma_DAMSM: 5.0000 | Lambda_KL: 2.0000
Step [1927] | D_Loss: 0.4164 | G_Loss: 3.6477 | G_GAN: 8.1822 | L_Words: -0.9980 | L_Sent: 0.0001 | L_DAMSM: -0.9979 | L_KL: 0.2276 | Gamma_DAMSM: 5.0000 | Lambda_KL: 2.0000
Step [1928] | D_Loss: 0.4451 | G_Loss: 3.8278 | G_GAN: 8.3630 | L_Words: -0.9973 | L_Sent: 0.0002 | L_DAMSM: -0.9971 | L_KL: 0.2252 | Gamma_DAMSM: 5.0000 | Lambda_KL: 2.0000
Step [1929] | D_Loss: 0.5640 | G_Loss: 4.0815 | G_GAN: 8.6189 | L_Words: -0.9976 | L_Sent: 0.0001 | L_DAMSM: -0.9975 | L_KL: 0.2250 | Gamma_DAMSM: 5.0000 | Lambda_KL: 2.0000
Step [1930] | D_Loss: 1.1134 | G_Loss: 0.8692 | G_GAN: 5.4122 | L_Words: -0.9976 | L_Sent: 0.0001 | L_DAMSM: -0.9975 | L_KL: 0.2223 | Gamma_DAMSM: 5.0000 | Lambda_KL: 2.0000
Step [1931] | D_Loss: 1.2317 | G_Loss: 2.4017 | G_GAN: 6.9501 | L_Words: -0.9983 | L_Sent: 0.0001 | L_DAMSM: -0.9982 | L_KL: 0.2212 | Gamma_DAMSM: 5.0000 | Lambda_KL: 2.0000
Step [1932] | D_Loss: 0.6180 | G_Loss: 4.4059 | G_GAN: 8.9504 | L_Words: -0.9962 | L_Sent: 0.0001 | L_DAMSM: -0.9961 | L_KL: 0.2180 | Gamma_DAMSM: 5.0000 | Lambda_KL: 2.0000
Step [1933] | D_Loss: 0.3158 | G_Loss: 5.1385 | G_GAN: 9.6854 | L_Words: -0.9965 | L_Sent: 0.0001 | L_DAMSM: -0.9964 | L_KL: 0.2176 | Gamma_DAMSM: 5.0000 | Lambda_KL: 2.0000
Step [1934] | D_Loss: 0.4949 | G_Loss: 3.3229 | G_GAN: 7.8835 | L_Words: -0.9981 | L_Sent: 0.0001 | L_DAMSM: -0.9980 | L_KL: 0.2147 | Gamma_DAMSM: 5.0000 | Lambda_KL: 2.0000
Step [1935] | D_Loss: 0.9100 | G_Loss: 2.4330 | G_GAN: 6.9979 | L_Words: -0.9984 | L_Sent: 0.0001 | L_DAMSM: -0.9983 | L_KL: 0.2133 | Gamma_DAMSM: 5.0000 | Lambda_KL: 2.0000
Step [1936] | D_Loss: 0.9925 | G_Loss: 3.1520 | G_GAN: 7.7121 | L_Words: -0.9979 | L_Sent: 0.0001 | L_DAMSM: -0.9978 | L_KL: 0.2146 | Gamma_DAMSM: 5.0000 | Lambda_KL: 2.0000
Step [1937] | D_Loss: 0.9036 | G_Loss: 3.9479 | G_GAN: 8.5046 | L_Words: -0.9975 | L_Sent: 0.0001 | L_DAMSM: -0.9974 | L_KL: 0.2152 | Gamma_DAMSM: 5.0000 | Lambda_KL: 2.0000
Step [1938] | D_Loss: 0.4911 | G_Loss: 5.4294 | G_GAN: 9.9914 | L_Words: -0.9988 | L_Sent: 0.0001 | L_DAMSM: -0.9987 | L_KL: 0.2158 | Gamma_DAMSM: 5.0000 | Lambda_KL: 2.0000
Step [1939] | D_Loss: 0.6195 | G_Loss: 4.5563 | G_GAN: 9.1168 | L_Words: -0.9981 | L_Sent: 0.0001 | L_DAMSM: -0.9980 | L_KL: 0.2148 | Gamma_DAMSM: 5.0000 | Lambda_KL: 2.0000
Step [1940] | D_Loss: 0.2065 | G_Loss: 4.0864 | G_GAN: 8.6391 | L_Words: -0.9971 | L_Sent: 0.0001 | L_DAMSM: -0.9970 | L_KL: 0.2161 | Gamma_DAMSM: 5.0000 | Lambda_KL: 2.0000
Step [1941] | D_Loss: 0.7838 | G_Loss: 1.5178 | G_GAN: 6.0708 | L_Words: -0.9972 | L_Sent: 0.0001 | L_DAMSM: -0.9970 | L_KL: 0.2161 | Gamma_DAMSM: 5.0000 | Lambda_KL: 2.0000
Step [1942] | D_Loss: 0.2723 | G_Loss: 1.6255 | G_GAN: 6.1835 | L_Words: -0.9977 | L_Sent: 0.0002 | L_DAMSM: -0.9975 | L_KL: 0.2148 | Gamma_DAMSM: 5.0000 | Lambda_KL: 2.0000
Step [1943] | D_Loss: 0.4019 | G_Loss: 4.2640 | G_GAN: 8.8211 | L_Words: -0.9977 | L_Sent: 0.0001 | L_DAMSM: -0.9976 | L_KL: 0.2156 | Gamma_DAMSM: 5.0000 | Lambda_KL: 2.0000
Step [1944] | D_Loss: 0.6098 | G_Loss: 2.6826 | G_GAN: 7.2381 | L_Words: -0.9976 | L_Sent: 0.0001 | L_DAMSM: -0.9975 | L_KL: 0.2161 | Gamma_DAMSM: 5.0000 | Lambda_KL: 2.0000
Step [1945] | D_Loss: 0.2553 | G_Loss: 4.4084 | G_GAN: 8.9578 | L_Words: -0.9965 | L_Sent: 0.0001 | L_DAMSM: -0.9963 | L_KL: 0.2161 | Gamma_DAMSM: 5.0000 | Lambda_KL: 2.0000
Step [1946] | D_Loss: 0.6682 | G_Loss: 6.1659 | G_GAN: 10.7197 | L_Words: -0.9978 | L_Sent: 0.0001 | L_DAMSM: -0.9977 | L_KL: 0.2174 | Gamma_DAMSM: 5.0000 | Lambda_KL: 2.0000
Step [1947] | D_Loss: 0.3781 | G_Loss: 4.7910 | G_GAN: 9.3434 | L_Words: -0.9977 | L_Sent: 0.0001 | L_DAMSM: -0.9976 | L_KL: 0.2177 | Gamma_DAMSM: 5.0000 | Lambda_KL: 2.0000
Step [1948] | D_Loss: 0.4865 | G_Loss: 6.3884 | G_GAN: 10.9369 | L_Words: -0.9980 | L_Sent: 0.0001 | L_DAMSM: -0.9979 | L_KL: 0.2205 | Gamma_DAMSM: 5.0000 | Lambda_KL: 2.0000
Step [1949] | D_Loss: 0.4115 | G_Loss: 4.9290 | G_GAN: 9.4758 | L_Words: -0.9981 | L_Sent: 0.0000 | L_DAMSM: -0.9981 | L_KL: 0.2217 | Gamma_DAMSM: 5.0000 | Lambda_KL: 2.0000
Step [1950] | D_Loss: 0.2845 | G_Loss: 6.3950 | G_GAN: 10.9382 | L_Words: -0.9978 | L_Sent: 0.0001 | L_DAMSM: -0.9978 | L_KL: 0.2228 | Gamma_DAMSM: 5.0000 | Lambda_KL: 2.0000
Step [1951] | D_Loss: 0.3413 | G_Loss: 7.3676 | G_GAN: 11.9083 | L_Words: -0.9980 | L_Sent: 0.0000 | L_DAMSM: -0.9980 | L_KL: 0.2246 | Gamma_DAMSM: 5.0000 | Lambda_KL: 2.0000
Step [1952] | D_Loss: 0.8502 | G_Loss: 8.8354 | G_GAN: 13.3669 | L_Words: -0.9986 | L_Sent: 0.0001 | L_DAMSM: -0.9985 | L_KL: 0.2304 | Gamma_DAMSM: 5.0000 | Lambda_KL: 2.0000
Step [1953] | D_Loss: 2.6406 | G_Loss: 2.2311 | G_GAN: 6.7436 | L_Words: -0.9978 | L_Sent: 0.0001 | L_DAMSM: -0.9977 | L_KL: 0.2381 | Gamma_DAMSM: 5.0000 | Lambda_KL: 2.0000
Step [1954] | D_Loss: 0.7412 | G_Loss: 2.2404 | G_GAN: 6.7505 | L_Words: -0.9988 | L_Sent: 0.0001 | L_DAMSM: -0.9987 | L_KL: 0.2418 | Gamma_DAMSM: 5.0000 | Lambda_KL: 2.0000
Step [1955] | D_Loss: 0.6330 | G_Loss: 4.8972 | G_GAN: 9.3985 | L_Words: -0.9980 | L_Sent: 0.0001 | L_DAMSM: -0.9980 | L_KL: 0.2443 | Gamma_DAMSM: 5.0000 | Lambda_KL: 2.0000
Step [1956] | D_Loss: 0.8075 | G_Loss: 2.7249 | G_GAN: 7.2215 | L_Words: -0.9972 | L_Sent: 0.0001 | L_DAMSM: -0.9972 | L_KL: 0.2446 | Gamma_DAMSM: 5.0000 | Lambda_KL: 2.0000
Step [1957] | D_Loss: 0.4038 | G_Loss: 1.4755 | G_GAN: 5.9640 | L_Words: -0.9967 | L_Sent: 0.0001 | L_DAMSM: -0.9967 | L_KL: 0.2474 | Gamma_DAMSM: 5.0000 | Lambda_KL: 2.0000
Step [1958] | D_Loss: 0.7123 | G_Loss: 4.5843 | G_GAN: 9.0743 | L_Words: -0.9977 | L_Sent: 0.0001 | L_DAMSM: -0.9976 | L_KL: 0.2491 | Gamma_DAMSM: 5.0000 | Lambda_KL: 2.0000
Step [1959] | D_Loss: 0.8630 | G_Loss: 5.4912 | G_GAN: 9.9675 | L_Words: -0.9962 | L_Sent: 0.0001 | L_DAMSM: -0.9961 | L_KL: 0.2521 | Gamma_DAMSM: 5.0000 | Lambda_KL: 2.0000
Step [1960] | D_Loss: 0.5650 | G_Loss: 4.2267 | G_GAN: 8.6864 | L_Words: -0.9947 | L_Sent: 0.0001 | L_DAMSM: -0.9946 | L_KL: 0.2566 | Gamma_DAMSM: 5.0000 | Lambda_KL: 2.0000
Step [1961] | D_Loss: 0.1603 | G_Loss: 4.7827 | G_GAN: 9.2514 | L_Words: -0.9966 | L_Sent: 0.0001 | L_DAMSM: -0.9965 | L_KL: 0.2570 | Gamma_DAMSM: 5.0000 | Lambda_KL: 2.0000
Step [1962] | D_Loss: 0.5949 | G_Loss: 5.5200 | G_GAN: 9.9868 | L_Words: -0.9967 | L_Sent: 0.0001 | L_DAMSM: -0.9966 | L_KL: 0.2581 | Gamma_DAMSM: 5.0000 | Lambda_KL: 2.0000
Step [1963] | D_Loss: 0.1984 | G_Loss: 6.8160 | G_GAN: 11.2893 | L_Words: -0.9982 | L_Sent: 0.0001 | L_DAMSM: -0.9981 | L_KL: 0.2586 | Gamma_DAMSM: 5.0000 | Lambda_KL: 2.0000
Step [1964] | D_Loss: 0.2774 | G_Loss: 6.0038 | G_GAN: 10.4572 | L_Words: -0.9963 | L_Sent: 0.0001 | L_DAMSM: -0.9963 | L_KL: 0.2640 | Gamma_DAMSM: 5.0000 | Lambda_KL: 2.0000
Step [1965] | D_Loss: 0.8298 | G_Loss: 2.2943 | G_GAN: 6.7445 | L_Words: -0.9967 | L_Sent: 0.0001 | L_DAMSM: -0.9966 | L_KL: 0.2664 | Gamma_DAMSM: 5.0000 | Lambda_KL: 2.0000
Step [1966] | D_Loss: 0.5382 | G_Loss: 1.5278 | G_GAN: 5.9728 | L_Words: -0.9957 | L_Sent: 0.0001 | L_DAMSM: -0.9957 | L_KL: 0.2667 | Gamma_DAMSM: 5.0000 | Lambda_KL: 2.0000
Step [1967] | D_Loss: 0.7035 | G_Loss: 4.8888 | G_GAN: 9.3462 | L_Words: -0.9979 | L_Sent: 0.0001 | L_DAMSM: -0.9979 | L_KL: 0.2660 | Gamma_DAMSM: 5.0000 | Lambda_KL: 2.0000
Step [1968] | D_Loss: 0.1753 | G_Loss: 6.2034 | G_GAN: 10.6643 | L_Words: -0.9977 | L_Sent: 0.0000 | L_DAMSM: -0.9977 | L_KL: 0.2637 | Gamma_DAMSM: 5.0000 | Lambda_KL: 2.0000
Step [1969] | D_Loss: 0.6619 | G_Loss: 8.0170 | G_GAN: 12.4787 | L_Words: -0.9981 | L_Sent: 0.0002 | L_DAMSM: -0.9979 | L_KL: 0.2639 | Gamma_DAMSM: 5.0000 | Lambda_KL: 2.0000
Step [1970] | D_Loss: 1.3564 | G_Loss: 3.2181 | G_GAN: 7.6780 | L_Words: -0.9975 | L_Sent: 0.0001 | L_DAMSM: -0.9974 | L_KL: 0.2637 | Gamma_DAMSM: 5.0000 | Lambda_KL: 2.0000
Step [1971] | D_Loss: 1.6870 | G_Loss: -0.1255 | G_GAN: 4.3318 | L_Words: -0.9968 | L_Sent: 0.0002 | L_DAMSM: -0.9966 | L_KL: 0.2628 | Gamma_DAMSM: 5.0000 | Lambda_KL: 2.0000
Step [1972] | D_Loss: 1.1400 | G_Loss: 4.8268 | G_GAN: 9.2921 | L_Words: -0.9980 | L_Sent: 0.0001 | L_DAMSM: -0.9979 | L_KL: 0.2620 | Gamma_DAMSM: 5.0000 | Lambda_KL: 2.0000
Step [1973] | D_Loss: 0.2988 | G_Loss: 8.1405 | G_GAN: 12.6009 | L_Words: -0.9980 | L_Sent: 0.0001 | L_DAMSM: -0.9978 | L_KL: 0.2644 | Gamma_DAMSM: 5.0000 | Lambda_KL: 2.0000
Step [1974] | D_Loss: 0.2421 | G_Loss: 6.9653 | G_GAN: 11.4202 | L_Words: -0.9971 | L_Sent: 0.0001 | L_DAMSM: -0.9970 | L_KL: 0.2650 | Gamma_DAMSM: 5.0000 | Lambda_KL: 2.0000
Step [1975] | D_Loss: 0.2281 | G_Loss: 4.3709 | G_GAN: 8.8245 | L_Words: -0.9976 | L_Sent: 0.0000 | L_DAMSM: -0.9976 | L_KL: 0.2671 | Gamma_DAMSM: 5.0000 | Lambda_KL: 2.0000
Step [1976] | D_Loss: 0.1745 | G_Loss: 5.0945 | G_GAN: 9.5468 | L_Words: -0.9982 | L_Sent: 0.0001 | L_DAMSM: -0.9981 | L_KL: 0.2691 | Gamma_DAMSM: 5.0000 | Lambda_KL: 2.0000
Step [1977] | D_Loss: 1.0879 | G_Loss: 5.0963 | G_GAN: 9.5446 | L_Words: -0.9979 | L_Sent: 0.0000 | L_DAMSM: -0.9979 | L_KL: 0.2705 | Gamma_DAMSM: 5.0000 | Lambda_KL: 2.0000
Step [1978] | D_Loss: 0.3495 | G_Loss: 6.6539 | G_GAN: 11.1010 | L_Words: -0.9979 | L_Sent: 0.0001 | L_DAMSM: -0.9978 | L_KL: 0.2710 | Gamma_DAMSM: 5.0000 | Lambda_KL: 2.0000
Step [1979] | D_Loss: 0.9681 | G_Loss: 8.6958 | G_GAN: 13.1495 | L_Words: -0.9978 | L_Sent: 0.0001 | L_DAMSM: -0.9977 | L_KL: 0.2675 | Gamma_DAMSM: 5.0000 | Lambda_KL: 2.0000
Step [1980] | D_Loss: 0.5493 | G_Loss: 2.7515 | G_GAN: 7.2118 | L_Words: -0.9985 | L_Sent: 0.0001 | L_DAMSM: -0.9984 | L_KL: 0.2659 | Gamma_DAMSM: 5.0000 | Lambda_KL: 2.0000
Step [1981] | D_Loss: 1.4062 | G_Loss: -0.5922 | G_GAN: 3.8597 | L_Words: -0.9967 | L_Sent: 0.0001 | L_DAMSM: -0.9966 | L_KL: 0.2656 | Gamma_DAMSM: 5.0000 | Lambda_KL: 2.0000
Step [1982] | D_Loss: 0.7113 | G_Loss: 3.9336 | G_GAN: 8.3841 | L_Words: -0.9979 | L_Sent: 0.0001 | L_DAMSM: -0.9978 | L_KL: 0.2693 | Gamma_DAMSM: 5.0000 | Lambda_KL: 2.0000
Step [1983] | D_Loss: 0.6520 | G_Loss: 4.4887 | G_GAN: 8.9438 | L_Words: -0.9982 | L_Sent: 0.0000 | L_DAMSM: -0.9981 | L_KL: 0.2677 | Gamma_DAMSM: 5.0000 | Lambda_KL: 2.0000
Step [1984] | D_Loss: 0.3697 | G_Loss: 4.2554 | G_GAN: 8.7036 | L_Words: -0.9974 | L_Sent: 0.0000 | L_DAMSM: -0.9974 | L_KL: 0.2694 | Gamma_DAMSM: 5.0000 | Lambda_KL: 2.0000
Step [1985] | D_Loss: 0.6356 | G_Loss: 4.1035 | G_GAN: 8.5572 | L_Words: -0.9979 | L_Sent: 0.0000 | L_DAMSM: -0.9979 | L_KL: 0.2678 | Gamma_DAMSM: 5.0000 | Lambda_KL: 2.0000
Step [1986] | D_Loss: 0.2893 | G_Loss: 5.8123 | G_GAN: 10.2645 | L_Words: -0.9973 | L_Sent: 0.0001 | L_DAMSM: -0.9973 | L_KL: 0.2671 | Gamma_DAMSM: 5.0000 | Lambda_KL: 2.0000
Step [1987] | D_Loss: 0.4749 | G_Loss: 6.9153 | G_GAN: 11.3684 | L_Words: -0.9973 | L_Sent: 0.0000 | L_DAMSM: -0.9972 | L_KL: 0.2665 | Gamma_DAMSM: 5.0000 | Lambda_KL: 2.0000
Step [1988] | D_Loss: 0.4492 | G_Loss: 5.1748 | G_GAN: 9.6325 | L_Words: -0.9976 | L_Sent: 0.0001 | L_DAMSM: -0.9975 | L_KL: 0.2649 | Gamma_DAMSM: 5.0000 | Lambda_KL: 2.0000
Step [1989] | D_Loss: 0.5172 | G_Loss: 5.2964 | G_GAN: 9.7504 | L_Words: -0.9978 | L_Sent: 0.0001 | L_DAMSM: -0.9977 | L_KL: 0.2672 | Gamma_DAMSM: 5.0000 | Lambda_KL: 2.0000
Step [1990] | D_Loss: 0.5870 | G_Loss: 9.9444 | G_GAN: 14.4043 | L_Words: -0.9983 | L_Sent: 0.0001 | L_DAMSM: -0.9983 | L_KL: 0.2657 | Gamma_DAMSM: 5.0000 | Lambda_KL: 2.0000
Step [1991] | D_Loss: 0.9716 | G_Loss: 6.5118 | G_GAN: 10.9671 | L_Words: -0.9971 | L_Sent: 0.0001 | L_DAMSM: -0.9970 | L_KL: 0.2648 | Gamma_DAMSM: 5.0000 | Lambda_KL: 2.0000
Step [1992] | D_Loss: 0.9875 | G_Loss: 3.9143 | G_GAN: 8.3845 | L_Words: -0.9986 | L_Sent: 0.0000 | L_DAMSM: -0.9985 | L_KL: 0.2612 | Gamma_DAMSM: 5.0000 | Lambda_KL: 2.0000
Step [1993] | D_Loss: 0.7528 | G_Loss: 4.4536 | G_GAN: 8.9372 | L_Words: -0.9980 | L_Sent: 0.0001 | L_DAMSM: -0.9979 | L_KL: 0.2529 | Gamma_DAMSM: 5.0000 | Lambda_KL: 2.0000
Step [1994] | D_Loss: 1.3228 | G_Loss: 5.7576 | G_GAN: 10.2476 | L_Words: -0.9977 | L_Sent: 0.0001 | L_DAMSM: -0.9976 | L_KL: 0.2489 | Gamma_DAMSM: 5.0000 | Lambda_KL: 2.0000
Step [1995] | D_Loss: 0.5665 | G_Loss: 6.9749 | G_GAN: 11.4592 | L_Words: -0.9949 | L_Sent: 0.0000 | L_DAMSM: -0.9949 | L_KL: 0.2450 | Gamma_DAMSM: 5.0000 | Lambda_KL: 2.0000
Step [1996] | D_Loss: 1.2162 | G_Loss: 5.1319 | G_GAN: 9.6328 | L_Words: -0.9977 | L_Sent: 0.0001 | L_DAMSM: -0.9976 | L_KL: 0.2436 | Gamma_DAMSM: 5.0000 | Lambda_KL: 2.0000
Step [1997] | D_Loss: 0.6013 | G_Loss: 4.0724 | G_GAN: 8.5782 | L_Words: -0.9981 | L_Sent: 0.0001 | L_DAMSM: -0.9980 | L_KL: 0.2420 | Gamma_DAMSM: 5.0000 | Lambda_KL: 2.0000
Step [1998] | D_Loss: 0.7136 | G_Loss: 4.9457 | G_GAN: 9.4429 | L_Words: -0.9961 | L_Sent: 0.0000 | L_DAMSM: -0.9961 | L_KL: 0.2416 | Gamma_DAMSM: 5.0000 | Lambda_KL: 2.0000
Step [1999] | D_Loss: 0.7096 | G_Loss: 7.0248 | G_GAN: 11.5329 | L_Words: -0.9980 | L_Sent: 0.0000 | L_DAMSM: -0.9980 | L_KL: 0.2409 | Gamma_DAMSM: 5.0000 | Lambda_KL: 2.0000
Step [2000] | D_Loss: 0.6434 | G_Loss: 4.6278 | G_GAN: 9.1387 | L_Words: -0.9983 | L_Sent: 0.0001 | L_DAMSM: -0.9982 | L_KL: 0.2401 | Gamma_DAMSM: 5.0000 | Lambda_KL: 2.0000
Step [2001] | D_Loss: 0.2239 | G_Loss: 5.7158 | G_GAN: 10.2276 | L_Words: -0.9987 | L_Sent: 0.0001 | L_DAMSM: -0.9986 | L_KL: 0.2407 | Gamma_DAMSM: 5.0000 | Lambda_KL: 2.0000
Step [2002] | D_Loss: 0.4266 | G_Loss: 3.7421 | G_GAN: 8.2467 | L_Words: -0.9980 | L_Sent: 0.0001 | L_DAMSM: -0.9979 | L_KL: 0.2425 | Gamma_DAMSM: 5.0000 | Lambda_KL: 2.0000
Step [2003] | D_Loss: 0.3751 | G_Loss: 3.6604 | G_GAN: 8.1544 | L_Words: -0.9972 | L_Sent: 0.0001 | L_DAMSM: -0.9971 | L_KL: 0.2459 | Gamma_DAMSM: 5.0000 | Lambda_KL: 2.0000
Step [2004] | D_Loss: 0.1634 | G_Loss: 3.2236 | G_GAN: 7.7267 | L_Words: -0.9984 | L_Sent: 0.0001 | L_DAMSM: -0.9983 | L_KL: 0.2441 | Gamma_DAMSM: 5.0000 | Lambda_KL: 2.0000
Step [2005] | D_Loss: 0.5116 | G_Loss: 6.7840 | G_GAN: 11.2857 | L_Words: -0.9964 | L_Sent: 0.0001 | L_DAMSM: -0.9963 | L_KL: 0.2399 | Gamma_DAMSM: 5.0000 | Lambda_KL: 2.0000
Step [2006] | D_Loss: 0.4714 | G_Loss: 3.2852 | G_GAN: 7.7864 | L_Words: -0.9958 | L_Sent: 0.0000 | L_DAMSM: -0.9958 | L_KL: 0.2388 | Gamma_DAMSM: 5.0000 | Lambda_KL: 2.0000
Step [2007] | D_Loss: 0.3081 | G_Loss: 5.0278 | G_GAN: 9.5413 | L_Words: -0.9984 | L_Sent: 0.0001 | L_DAMSM: -0.9983 | L_KL: 0.2390 | Gamma_DAMSM: 5.0000 | Lambda_KL: 2.0000
Step [2008] | D_Loss: 0.6102 | G_Loss: 4.0735 | G_GAN: 8.5898 | L_Words: -0.9976 | L_Sent: 0.0001 | L_DAMSM: -0.9976 | L_KL: 0.2358 | Gamma_DAMSM: 5.0000 | Lambda_KL: 2.0000
Step [2009] | D_Loss: 0.4766 | G_Loss: 5.9324 | G_GAN: 10.4496 | L_Words: -0.9968 | L_Sent: 0.0000 | L_DAMSM: -0.9968 | L_KL: 0.2333 | Gamma_DAMSM: 5.0000 | Lambda_KL: 2.0000
Step [2010] | D_Loss: 0.7717 | G_Loss: 7.2455 | G_GAN: 11.7573 | L_Words: -0.9982 | L_Sent: 0.0000 | L_DAMSM: -0.9982 | L_KL: 0.2395 | Gamma_DAMSM: 5.0000 | Lambda_KL: 2.0000
Step [2011] | D_Loss: 0.4583 | G_Loss: 4.2385 | G_GAN: 8.7440 | L_Words: -0.9984 | L_Sent: 0.0001 | L_DAMSM: -0.9983 | L_KL: 0.2431 | Gamma_DAMSM: 5.0000 | Lambda_KL: 2.0000
Step [2012] | D_Loss: 0.5532 | G_Loss: 5.0357 | G_GAN: 9.5404 | L_Words: -0.9982 | L_Sent: 0.0002 | L_DAMSM: -0.9980 | L_KL: 0.2427 | Gamma_DAMSM: 5.0000 | Lambda_KL: 2.0000
Step [2013] | D_Loss: 0.8196 | G_Loss: 5.0312 | G_GAN: 9.5294 | L_Words: -0.9980 | L_Sent: 0.0001 | L_DAMSM: -0.9979 | L_KL: 0.2456 | Gamma_DAMSM: 5.0000 | Lambda_KL: 2.0000
Step [2014] | D_Loss: 0.9706 | G_Loss: 10.7628 | G_GAN: 15.2521 | L_Words: -0.9970 | L_Sent: 0.0001 | L_DAMSM: -0.9969 | L_KL: 0.2475 | Gamma_DAMSM: 5.0000 | Lambda_KL: 2.0000
Step [2015] | D_Loss: 0.7495 | G_Loss: 8.9704 | G_GAN: 13.4625 | L_Words: -0.9977 | L_Sent: 0.0001 | L_DAMSM: -0.9976 | L_KL: 0.2479 | Gamma_DAMSM: 5.0000 | Lambda_KL: 2.0000
Step [2016] | D_Loss: 0.4422 | G_Loss: 7.3069 | G_GAN: 11.8043 | L_Words: -0.9977 | L_Sent: 0.0001 | L_DAMSM: -0.9976 | L_KL: 0.2453 | Gamma_DAMSM: 5.0000 | Lambda_KL: 2.0000
Step [2017] | D_Loss: 0.3549 | G_Loss: 6.2140 | G_GAN: 10.7128 | L_Words: -0.9977 | L_Sent: 0.0001 | L_DAMSM: -0.9976 | L_KL: 0.2445 | Gamma_DAMSM: 5.0000 | Lambda_KL: 2.0000
Step [2018] | D_Loss: 0.3282 | G_Loss: 2.7435 | G_GAN: 7.2385 | L_Words: -0.9971 | L_Sent: 0.0001 | L_DAMSM: -0.9971 | L_KL: 0.2452 | Gamma_DAMSM: 5.0000 | Lambda_KL: 2.0000
Step [2019] | D_Loss: 0.6302 | G_Loss: 6.2844 | G_GAN: 10.7855 | L_Words: -0.9984 | L_Sent: 0.0001 | L_DAMSM: -0.9983 | L_KL: 0.2452 | Gamma_DAMSM: 5.0000 | Lambda_KL: 2.0000
Step [2020] | D_Loss: 0.6548 | G_Loss: 5.9648 | G_GAN: 10.4637 | L_Words: -0.9981 | L_Sent: 0.0003 | L_DAMSM: -0.9978 | L_KL: 0.2451 | Gamma_DAMSM: 5.0000 | Lambda_KL: 2.0000
Step [2021] | D_Loss: 0.8607 | G_Loss: 5.1454 | G_GAN: 9.6372 | L_Words: -0.9965 | L_Sent: 0.0001 | L_DAMSM: -0.9964 | L_KL: 0.2451 | Gamma_DAMSM: 5.0000 | Lambda_KL: 2.0000
Step [2022] | D_Loss: 0.3991 | G_Loss: 4.4313 | G_GAN: 8.9330 | L_Words: -0.9978 | L_Sent: 0.0001 | L_DAMSM: -0.9976 | L_KL: 0.2432 | Gamma_DAMSM: 5.0000 | Lambda_KL: 2.0000
Step [2023] | D_Loss: 0.7583 | G_Loss: 3.9651 | G_GAN: 8.4741 | L_Words: -0.9985 | L_Sent: 0.0001 | L_DAMSM: -0.9985 | L_KL: 0.2417 | Gamma_DAMSM: 5.0000 | Lambda_KL: 2.0000
Step [2024] | D_Loss: 0.4061 | G_Loss: 6.3106 | G_GAN: 10.8170 | L_Words: -0.9982 | L_Sent: 0.0001 | L_DAMSM: -0.9980 | L_KL: 0.2419 | Gamma_DAMSM: 5.0000 | Lambda_KL: 2.0000
Step [2025] | D_Loss: 0.2193 | G_Loss: 7.9399 | G_GAN: 12.4466 | L_Words: -0.9974 | L_Sent: 0.0001 | L_DAMSM: -0.9974 | L_KL: 0.2401 | Gamma_DAMSM: 5.0000 | Lambda_KL: 2.0000
Step [2026] | D_Loss: 0.1545 | G_Loss: 13.3558 | G_GAN: 17.8642 | L_Words: -0.9970 | L_Sent: 0.0001 | L_DAMSM: -0.9968 | L_KL: 0.2379 | Gamma_DAMSM: 5.0000 | Lambda_KL: 2.0000
Step [2027] | D_Loss: 1.1858 | G_Loss: 3.4764 | G_GAN: 7.9916 | L_Words: -0.9981 | L_Sent: 0.0001 | L_DAMSM: -0.9979 | L_KL: 0.2372 | Gamma_DAMSM: 5.0000 | Lambda_KL: 2.0000
Step [2028] | D_Loss: 0.6353 | G_Loss: 5.0260 | G_GAN: 9.5437 | L_Words: -0.9979 | L_Sent: 0.0001 | L_DAMSM: -0.9978 | L_KL: 0.2357 | Gamma_DAMSM: 5.0000 | Lambda_KL: 2.0000
Step [2029] | D_Loss: 0.2904 | G_Loss: 2.9672 | G_GAN: 7.4874 | L_Words: -0.9980 | L_Sent: 0.0003 | L_DAMSM: -0.9977 | L_KL: 0.2340 | Gamma_DAMSM: 5.0000 | Lambda_KL: 2.0000
Step [2030] | D_Loss: 0.5167 | G_Loss: 6.4046 | G_GAN: 10.9264 | L_Words: -0.9979 | L_Sent: 0.0001 | L_DAMSM: -0.9978 | L_KL: 0.2336 | Gamma_DAMSM: 5.0000 | Lambda_KL: 2.0000
Step [2031] | D_Loss: 0.7962 | G_Loss: 2.6129 | G_GAN: 7.1319 | L_Words: -0.9976 | L_Sent: 0.0001 | L_DAMSM: -0.9975 | L_KL: 0.2342 | Gamma_DAMSM: 5.0000 | Lambda_KL: 2.0000
Step [2032] | D_Loss: 0.9772 | G_Loss: 4.2144 | G_GAN: 8.7438 | L_Words: -0.9985 | L_Sent: 0.0001 | L_DAMSM: -0.9984 | L_KL: 0.2314 | Gamma_DAMSM: 5.0000 | Lambda_KL: 2.0000
Step [2033] | D_Loss: 0.7462 | G_Loss: 7.5421 | G_GAN: 12.0669 | L_Words: -0.9970 | L_Sent: 0.0002 | L_DAMSM: -0.9969 | L_KL: 0.2298 | Gamma_DAMSM: 5.0000 | Lambda_KL: 2.0000
Step [2034] | D_Loss: 0.1605 | G_Loss: 7.3131 | G_GAN: 11.8437 | L_Words: -0.9977 | L_Sent: 0.0000 | L_DAMSM: -0.9977 | L_KL: 0.2288 | Gamma_DAMSM: 5.0000 | Lambda_KL: 2.0000
Step [2035] | D_Loss: 0.2653 | G_Loss: 3.6541 | G_GAN: 8.1852 | L_Words: -0.9978 | L_Sent: 0.0001 | L_DAMSM: -0.9977 | L_KL: 0.2288 | Gamma_DAMSM: 5.0000 | Lambda_KL: 2.0000
Step [2036] | D_Loss: 1.6485 | G_Loss: 1.4786 | G_GAN: 6.0155 | L_Words: -0.9986 | L_Sent: 0.0001 | L_DAMSM: -0.9986 | L_KL: 0.2279 | Gamma_DAMSM: 5.0000 | Lambda_KL: 2.0000
Step [2037] | D_Loss: 1.1800 | G_Loss: 5.2894 | G_GAN: 9.8275 | L_Words: -0.9984 | L_Sent: 0.0001 | L_DAMSM: -0.9983 | L_KL: 0.2267 | Gamma_DAMSM: 5.0000 | Lambda_KL: 2.0000
Step [2038] | D_Loss: 0.7517 | G_Loss: 5.3905 | G_GAN: 9.9243 | L_Words: -0.9981 | L_Sent: 0.0002 | L_DAMSM: -0.9979 | L_KL: 0.2279 | Gamma_DAMSM: 5.0000 | Lambda_KL: 2.0000
Step [2039] | D_Loss: 0.5047 | G_Loss: 8.6986 | G_GAN: 13.2345 | L_Words: -0.9983 | L_Sent: 0.0001 | L_DAMSM: -0.9983 | L_KL: 0.2277 | Gamma_DAMSM: 5.0000 | Lambda_KL: 2.0000
Step [2040] | D_Loss: 0.3193 | G_Loss: 7.8913 | G_GAN: 12.4221 | L_Words: -0.9973 | L_Sent: 0.0002 | L_DAMSM: -0.9971 | L_KL: 0.2274 | Gamma_DAMSM: 5.0000 | Lambda_KL: 2.0000
Step [2041] | D_Loss: 1.1328 | G_Loss: 4.0886 | G_GAN: 8.6102 | L_Words: -0.9956 | L_Sent: 0.0001 | L_DAMSM: -0.9955 | L_KL: 0.2280 | Gamma_DAMSM: 5.0000 | Lambda_KL: 2.0000
Step [2042] | D_Loss: 0.8520 | G_Loss: 1.9217 | G_GAN: 6.4528 | L_Words: -0.9976 | L_Sent: 0.0001 | L_DAMSM: -0.9975 | L_KL: 0.2283 | Gamma_DAMSM: 5.0000 | Lambda_KL: 2.0000
Step [2043] | D_Loss: 0.8605 | G_Loss: 0.7665 | G_GAN: 5.2986 | L_Words: -0.9979 | L_Sent: 0.0002 | L_DAMSM: -0.9976 | L_KL: 0.2280 | Gamma_DAMSM: 5.0000 | Lambda_KL: 2.0000
Step [2044] | D_Loss: 0.3129 | G_Loss: 1.3148 | G_GAN: 5.8368 | L_Words: -0.9969 | L_Sent: 0.0010 | L_DAMSM: -0.9959 | L_KL: 0.2288 | Gamma_DAMSM: 5.0000 | Lambda_KL: 2.0000
Step [2045] | D_Loss: 0.4709 | G_Loss: 5.3026 | G_GAN: 9.8340 | L_Words: -0.9976 | L_Sent: 0.0001 | L_DAMSM: -0.9975 | L_KL: 0.2281 | Gamma_DAMSM: 5.0000 | Lambda_KL: 2.0000
Step [2046] | D_Loss: 1.0018 | G_Loss: 5.2874 | G_GAN: 9.8120 | L_Words: -0.9959 | L_Sent: 0.0001 | L_DAMSM: -0.9958 | L_KL: 0.2272 | Gamma_DAMSM: 5.0000 | Lambda_KL: 2.0000
Step [2047] | D_Loss: 0.5137 | G_Loss: 5.4916 | G_GAN: 10.0253 | L_Words: -0.9983 | L_Sent: 0.0003 | L_DAMSM: -0.9980 | L_KL: 0.2281 | Gamma_DAMSM: 5.0000 | Lambda_KL: 2.0000
Step [2048] | D_Loss: 0.3222 | G_Loss: 6.4238 | G_GAN: 10.9482 | L_Words: -0.9970 | L_Sent: 0.0001 | L_DAMSM: -0.9969 | L_KL: 0.2300 | Gamma_DAMSM: 5.0000 | Lambda_KL: 2.0000
Step [2049] | D_Loss: 0.5792 | G_Loss: 6.1360 | G_GAN: 10.6660 | L_Words: -0.9983 | L_Sent: 0.0001 | L_DAMSM: -0.9981 | L_KL: 0.2303 | Gamma_DAMSM: 5.0000 | Lambda_KL: 2.0000
Step [2050] | D_Loss: 0.4237 | G_Loss: 7.4824 | G_GAN: 12.0073 | L_Words: -0.9972 | L_Sent: 0.0001 | L_DAMSM: -0.9971 | L_KL: 0.2304 | Gamma_DAMSM: 5.0000 | Lambda_KL: 2.0000
Step [2051] | D_Loss: 0.9978 | G_Loss: 3.2848 | G_GAN: 7.8121 | L_Words: -0.9974 | L_Sent: 0.0002 | L_DAMSM: -0.9972 | L_KL: 0.2294 | Gamma_DAMSM: 5.0000 | Lambda_KL: 2.0000
Step [2052] | D_Loss: 0.4146 | G_Loss: 4.3251 | G_GAN: 8.8482 | L_Words: -0.9961 | L_Sent: 0.0001 | L_DAMSM: -0.9960 | L_KL: 0.2286 | Gamma_DAMSM: 5.0000 | Lambda_KL: 2.0000
Step [2053] | D_Loss: 0.2144 | G_Loss: 5.3746 | G_GAN: 9.9066 | L_Words: -0.9977 | L_Sent: 0.0001 | L_DAMSM: -0.9976 | L_KL: 0.2279 | Gamma_DAMSM: 5.0000 | Lambda_KL: 2.0000
Step [2054] | D_Loss: 0.1332 | G_Loss: 4.7976 | G_GAN: 9.3269 | L_Words: -0.9972 | L_Sent: 0.0001 | L_DAMSM: -0.9972 | L_KL: 0.2283 | Gamma_DAMSM: 5.0000 | Lambda_KL: 2.0000
Step [2055] | D_Loss: 0.7578 | G_Loss: 2.3279 | G_GAN: 6.8569 | L_Words: -0.9980 | L_Sent: 0.0001 | L_DAMSM: -0.9979 | L_KL: 0.2303 | Gamma_DAMSM: 5.0000 | Lambda_KL: 2.0000
Step [2056] | D_Loss: 0.5230 | G_Loss: 4.7285 | G_GAN: 9.2580 | L_Words: -0.9983 | L_Sent: 0.0001 | L_DAMSM: -0.9982 | L_KL: 0.2307 | Gamma_DAMSM: 5.0000 | Lambda_KL: 2.0000
Step [2057] | D_Loss: 1.0442 | G_Loss: 8.0636 | G_GAN: 12.5787 | L_Words: -0.9961 | L_Sent: 0.0002 | L_DAMSM: -0.9959 | L_KL: 0.2321 | Gamma_DAMSM: 5.0000 | Lambda_KL: 2.0000
Step [2058] | D_Loss: 0.6329 | G_Loss: 5.3413 | G_GAN: 9.8644 | L_Words: -0.9970 | L_Sent: 0.0001 | L_DAMSM: -0.9968 | L_KL: 0.2306 | Gamma_DAMSM: 5.0000 | Lambda_KL: 2.0000
Step [2059] | D_Loss: 0.5782 | G_Loss: 6.6635 | G_GAN: 11.1787 | L_Words: -0.9954 | L_Sent: 0.0001 | L_DAMSM: -0.9953 | L_KL: 0.2307 | Gamma_DAMSM: 5.0000 | Lambda_KL: 2.0000
Step [2060] | D_Loss: 0.4523 | G_Loss: 5.9911 | G_GAN: 10.5113 | L_Words: -0.9966 | L_Sent: 0.0001 | L_DAMSM: -0.9965 | L_KL: 0.2311 | Gamma_DAMSM: 5.0000 | Lambda_KL: 2.0000
Step [2061] | D_Loss: 0.6222 | G_Loss: 6.2034 | G_GAN: 10.7304 | L_Words: -0.9974 | L_Sent: 0.0001 | L_DAMSM: -0.9973 | L_KL: 0.2299 | Gamma_DAMSM: 5.0000 | Lambda_KL: 2.0000
Step [2062] | D_Loss: 0.4267 | G_Loss: 7.7433 | G_GAN: 12.2696 | L_Words: -0.9977 | L_Sent: 0.0001 | L_DAMSM: -0.9976 | L_KL: 0.2308 | Gamma_DAMSM: 5.0000 | Lambda_KL: 2.0000
Step [2063] | D_Loss: 0.1186 | G_Loss: 7.3507 | G_GAN: 11.8776 | L_Words: -0.9977 | L_Sent: 0.0001 | L_DAMSM: -0.9976 | L_KL: 0.2306 | Gamma_DAMSM: 5.0000 | Lambda_KL: 2.0000
Step [2064] | D_Loss: 0.5299 | G_Loss: 6.1131 | G_GAN: 10.6418 | L_Words: -0.9974 | L_Sent: 0.0001 | L_DAMSM: -0.9974 | L_KL: 0.2291 | Gamma_DAMSM: 5.0000 | Lambda_KL: 2.0000
Step [2065] | D_Loss: 0.8431 | G_Loss: 4.7710 | G_GAN: 9.3009 | L_Words: -0.9971 | L_Sent: 0.0000 | L_DAMSM: -0.9970 | L_KL: 0.2276 | Gamma_DAMSM: 5.0000 | Lambda_KL: 2.0000
Step [2066] | D_Loss: 0.1994 | G_Loss: 8.2130 | G_GAN: 12.7474 | L_Words: -0.9974 | L_Sent: 0.0001 | L_DAMSM: -0.9974 | L_KL: 0.2262 | Gamma_DAMSM: 5.0000 | Lambda_KL: 2.0000
Step [2067] | D_Loss: 0.2537 | G_Loss: 5.6918 | G_GAN: 10.2318 | L_Words: -0.9975 | L_Sent: 0.0000 | L_DAMSM: -0.9975 | L_KL: 0.2237 | Gamma_DAMSM: 5.0000 | Lambda_KL: 2.0000
Step [2068] | D_Loss: 0.1659 | G_Loss: 8.2885 | G_GAN: 12.8267 | L_Words: -0.9978 | L_Sent: 0.0001 | L_DAMSM: -0.9977 | L_KL: 0.2252 | Gamma_DAMSM: 5.0000 | Lambda_KL: 2.0000
Step [2069] | D_Loss: 0.1102 | G_Loss: 7.6636 | G_GAN: 12.2048 | L_Words: -0.9983 | L_Sent: 0.0000 | L_DAMSM: -0.9983 | L_KL: 0.2250 | Gamma_DAMSM: 5.0000 | Lambda_KL: 2.0000
Step [2070] | D_Loss: 0.6644 | G_Loss: 3.9537 | G_GAN: 8.4902 | L_Words: -0.9981 | L_Sent: 0.0001 | L_DAMSM: -0.9980 | L_KL: 0.2269 | Gamma_DAMSM: 5.0000 | Lambda_KL: 2.0000
Step [2071] | D_Loss: 0.3104 | G_Loss: 5.6710 | G_GAN: 10.2071 | L_Words: -0.9983 | L_Sent: 0.0000 | L_DAMSM: -0.9982 | L_KL: 0.2275 | Gamma_DAMSM: 5.0000 | Lambda_KL: 2.0000
Step [2072] | D_Loss: 0.4961 | G_Loss: 5.7279 | G_GAN: 10.2600 | L_Words: -0.9973 | L_Sent: 0.0001 | L_DAMSM: -0.9973 | L_KL: 0.2271 | Gamma_DAMSM: 5.0000 | Lambda_KL: 2.0000
Step [2073] | D_Loss: 0.2519 | G_Loss: 6.7068 | G_GAN: 11.2356 | L_Words: -0.9965 | L_Sent: 0.0000 | L_DAMSM: -0.9965 | L_KL: 0.2268 | Gamma_DAMSM: 5.0000 | Lambda_KL: 2.0000
Step [2074] | D_Loss: 0.3847 | G_Loss: 11.9789 | G_GAN: 16.5161 | L_Words: -0.9977 | L_Sent: 0.0001 | L_DAMSM: -0.9976 | L_KL: 0.2254 | Gamma_DAMSM: 5.0000 | Lambda_KL: 2.0000
Step [2075] | D_Loss: 1.7312 | G_Loss: 5.0566 | G_GAN: 9.5923 | L_Words: -0.9974 | L_Sent: 0.0001 | L_DAMSM: -0.9973 | L_KL: 0.2254 | Gamma_DAMSM: 5.0000 | Lambda_KL: 2.0000
Step [2076] | D_Loss: 0.4276 | G_Loss: 1.8652 | G_GAN: 6.3981 | L_Words: -0.9968 | L_Sent: 0.0001 | L_DAMSM: -0.9967 | L_KL: 0.2254 | Gamma_DAMSM: 5.0000 | Lambda_KL: 2.0000
Step [2077] | D_Loss: 0.9235 | G_Loss: 4.7700 | G_GAN: 9.2886 | L_Words: -0.9930 | L_Sent: 0.0001 | L_DAMSM: -0.9929 | L_KL: 0.2230 | Gamma_DAMSM: 5.0000 | Lambda_KL: 2.0000
Step [2078] | D_Loss: 0.7779 | G_Loss: 8.2056 | G_GAN: 12.7474 | L_Words: -0.9980 | L_Sent: 0.0001 | L_DAMSM: -0.9979 | L_KL: 0.2238 | Gamma_DAMSM: 5.0000 | Lambda_KL: 2.0000
Step [2079] | D_Loss: 0.6946 | G_Loss: 8.6197 | G_GAN: 13.1588 | L_Words: -0.9976 | L_Sent: 0.0001 | L_DAMSM: -0.9975 | L_KL: 0.2242 | Gamma_DAMSM: 5.0000 | Lambda_KL: 2.0000
Step [2080] | D_Loss: 0.4341 | G_Loss: 10.0205 | G_GAN: 14.5582 | L_Words: -0.9980 | L_Sent: 0.0001 | L_DAMSM: -0.9979 | L_KL: 0.2260 | Gamma_DAMSM: 5.0000 | Lambda_KL: 2.0000
Step [2081] | D_Loss: 0.6900 | G_Loss: 4.9743 | G_GAN: 9.5116 | L_Words: -0.9976 | L_Sent: 0.0001 | L_DAMSM: -0.9974 | L_KL: 0.2250 | Gamma_DAMSM: 5.0000 | Lambda_KL: 2.0000
Step [2082] | D_Loss: 0.4511 | G_Loss: 6.8568 | G_GAN: 11.4035 | L_Words: -0.9985 | L_Sent: 0.0000 | L_DAMSM: -0.9984 | L_KL: 0.2228 | Gamma_DAMSM: 5.0000 | Lambda_KL: 2.0000
Step [2083] | D_Loss: 0.2190 | G_Loss: 6.1825 | G_GAN: 10.7306 | L_Words: -0.9983 | L_Sent: 0.0001 | L_DAMSM: -0.9983 | L_KL: 0.2216 | Gamma_DAMSM: 5.0000 | Lambda_KL: 2.0000
Step [2084] | D_Loss: 0.7405 | G_Loss: 5.4670 | G_GAN: 10.0068 | L_Words: -0.9971 | L_Sent: 0.0001 | L_DAMSM: -0.9970 | L_KL: 0.2226 | Gamma_DAMSM: 5.0000 | Lambda_KL: 2.0000
Step [2085] | D_Loss: 0.2646 | G_Loss: 4.9686 | G_GAN: 9.5148 | L_Words: -0.9980 | L_Sent: 0.0001 | L_DAMSM: -0.9979 | L_KL: 0.2216 | Gamma_DAMSM: 5.0000 | Lambda_KL: 2.0000
Step [2086] | D_Loss: 0.5792 | G_Loss: 3.4970 | G_GAN: 8.0408 | L_Words: -0.9973 | L_Sent: 0.0001 | L_DAMSM: -0.9972 | L_KL: 0.2211 | Gamma_DAMSM: 5.0000 | Lambda_KL: 2.0000
Step [2087] | D_Loss: 0.4721 | G_Loss: 2.3154 | G_GAN: 6.8570 | L_Words: -0.9967 | L_Sent: 0.0001 | L_DAMSM: -0.9966 | L_KL: 0.2207 | Gamma_DAMSM: 5.0000 | Lambda_KL: 2.0000
Step [2088] | D_Loss: 1.0679 | G_Loss: 3.1222 | G_GAN: 7.6716 | L_Words: -0.9982 | L_Sent: 0.0001 | L_DAMSM: -0.9981 | L_KL: 0.2205 | Gamma_DAMSM: 5.0000 | Lambda_KL: 2.0000
Step [2089] | D_Loss: 0.4763 | G_Loss: 6.8834 | G_GAN: 11.4225 | L_Words: -0.9967 | L_Sent: 0.0001 | L_DAMSM: -0.9966 | L_KL: 0.2221 | Gamma_DAMSM: 5.0000 | Lambda_KL: 2.0000
Step [2090] | D_Loss: 0.9818 | G_Loss: 5.2626 | G_GAN: 9.8040 | L_Words: -0.9972 | L_Sent: 0.0001 | L_DAMSM: -0.9971 | L_KL: 0.2220 | Gamma_DAMSM: 5.0000 | Lambda_KL: 2.0000
Step [2091] | D_Loss: 0.7499 | G_Loss: 3.9568 | G_GAN: 8.5032 | L_Words: -0.9967 | L_Sent: 0.0001 | L_DAMSM: -0.9966 | L_KL: 0.2182 | Gamma_DAMSM: 5.0000 | Lambda_KL: 2.0000
Step [2092] | D_Loss: 0.9491 | G_Loss: 0.5783 | G_GAN: 5.1348 | L_Words: -0.9982 | L_Sent: 0.0001 | L_DAMSM: -0.9981 | L_KL: 0.2170 | Gamma_DAMSM: 5.0000 | Lambda_KL: 2.0000
Step [2093] | D_Loss: 0.8546 | G_Loss: 5.6999 | G_GAN: 10.2584 | L_Words: -0.9979 | L_Sent: 0.0001 | L_DAMSM: -0.9978 | L_KL: 0.2153 | Gamma_DAMSM: 5.0000 | Lambda_KL: 2.0000
Step [2094] | D_Loss: 0.4111 | G_Loss: 6.1725 | G_GAN: 10.7241 | L_Words: -0.9967 | L_Sent: 0.0001 | L_DAMSM: -0.9967 | L_KL: 0.2159 | Gamma_DAMSM: 5.0000 | Lambda_KL: 2.0000
Step [2095] | D_Loss: 0.8445 | G_Loss: 4.7411 | G_GAN: 9.2944 | L_Words: -0.9974 | L_Sent: 0.0001 | L_DAMSM: -0.9973 | L_KL: 0.2167 | Gamma_DAMSM: 5.0000 | Lambda_KL: 2.0000
Step [2096] | D_Loss: 0.4882 | G_Loss: 7.1115 | G_GAN: 11.6672 | L_Words: -0.9980 | L_Sent: 0.0001 | L_DAMSM: -0.9979 | L_KL: 0.2168 | Gamma_DAMSM: 5.0000 | Lambda_KL: 2.0000
Step [2097] | D_Loss: 1.4654 | G_Loss: 1.8750 | G_GAN: 6.4309 | L_Words: -0.9980 | L_Sent: 0.0001 | L_DAMSM: -0.9979 | L_KL: 0.2169 | Gamma_DAMSM: 5.0000 | Lambda_KL: 2.0000
Step [2098] | D_Loss: 0.4866 | G_Loss: 4.3961 | G_GAN: 8.9532 | L_Words: -0.9982 | L_Sent: 0.0001 | L_DAMSM: -0.9982 | L_KL: 0.2169 | Gamma_DAMSM: 5.0000 | Lambda_KL: 2.0000
Step [2099] | D_Loss: 0.5255 | G_Loss: 3.7221 | G_GAN: 8.2802 | L_Words: -0.9984 | L_Sent: 0.0001 | L_DAMSM: -0.9983 | L_KL: 0.2166 | Gamma_DAMSM: 5.0000 | Lambda_KL: 2.0000
Step [2100] | D_Loss: 0.4235 | G_Loss: 5.0430 | G_GAN: 9.6006 | L_Words: -0.9976 | L_Sent: 0.0000 | L_DAMSM: -0.9975 | L_KL: 0.2150 | Gamma_DAMSM: 5.0000 | Lambda_KL: 2.0000
Step [2101] | D_Loss: 0.6356 | G_Loss: 9.0787 | G_GAN: 13.6396 | L_Words: -0.9974 | L_Sent: 0.0001 | L_DAMSM: -0.9973 | L_KL: 0.2128 | Gamma_DAMSM: 5.0000 | Lambda_KL: 2.0000
Step [2102] | D_Loss: 0.6790 | G_Loss: 3.5778 | G_GAN: 8.1368 | L_Words: -0.9969 | L_Sent: 0.0001 | L_DAMSM: -0.9968 | L_KL: 0.2125 | Gamma_DAMSM: 5.0000 | Lambda_KL: 2.0000
Step [2103] | D_Loss: 0.6202 | G_Loss: 4.8555 | G_GAN: 9.4236 | L_Words: -0.9978 | L_Sent: 0.0001 | L_DAMSM: -0.9978 | L_KL: 0.2103 | Gamma_DAMSM: 5.0000 | Lambda_KL: 2.0000
Step [2104] | D_Loss: 0.6948 | G_Loss: 6.9579 | G_GAN: 11.5112 | L_Words: -0.9952 | L_Sent: 0.0001 | L_DAMSM: -0.9952 | L_KL: 0.2113 | Gamma_DAMSM: 5.0000 | Lambda_KL: 2.0000
Step [2105] | D_Loss: 0.2983 | G_Loss: 7.4295 | G_GAN: 11.9978 | L_Words: -0.9980 | L_Sent: 0.0001 | L_DAMSM: -0.9978 | L_KL: 0.2104 | Gamma_DAMSM: 5.0000 | Lambda_KL: 2.0000
Step [2106] | D_Loss: 0.7998 | G_Loss: 3.9879 | G_GAN: 8.5552 | L_Words: -0.9970 | L_Sent: 0.0000 | L_DAMSM: -0.9970 | L_KL: 0.2088 | Gamma_DAMSM: 5.0000 | Lambda_KL: 2.0000
Step [2107] | D_Loss: 0.6115 | G_Loss: 3.1249 | G_GAN: 7.7000 | L_Words: -0.9979 | L_Sent: 0.0001 | L_DAMSM: -0.9978 | L_KL: 0.2069 | Gamma_DAMSM: 5.0000 | Lambda_KL: 2.0000
Step [2108] | D_Loss: 1.0330 | G_Loss: 6.9693 | G_GAN: 11.5434 | L_Words: -0.9975 | L_Sent: 0.0001 | L_DAMSM: -0.9974 | L_KL: 0.2065 | Gamma_DAMSM: 5.0000 | Lambda_KL: 2.0000
Step [2109] | D_Loss: 0.5193 | G_Loss: 5.2970 | G_GAN: 9.8751 | L_Words: -0.9980 | L_Sent: 0.0002 | L_DAMSM: -0.9978 | L_KL: 0.2056 | Gamma_DAMSM: 5.0000 | Lambda_KL: 2.0000
Step [2110] | D_Loss: 1.3022 | G_Loss: 0.4142 | G_GAN: 4.9941 | L_Words: -0.9985 | L_Sent: 0.0001 | L_DAMSM: -0.9984 | L_KL: 0.2061 | Gamma_DAMSM: 5.0000 | Lambda_KL: 2.0000
Step [2111] | D_Loss: 0.7790 | G_Loss: 4.9223 | G_GAN: 9.5000 | L_Words: -0.9982 | L_Sent: 0.0001 | L_DAMSM: -0.9981 | L_KL: 0.2065 | Gamma_DAMSM: 5.0000 | Lambda_KL: 2.0000
Step [2112] | D_Loss: 0.6203 | G_Loss: 3.0953 | G_GAN: 7.6709 | L_Words: -0.9974 | L_Sent: 0.0001 | L_DAMSM: -0.9973 | L_KL: 0.2055 | Gamma_DAMSM: 5.0000 | Lambda_KL: 2.0000
Step [2113] | D_Loss: 0.4552 | G_Loss: 5.9019 | G_GAN: 10.4779 | L_Words: -0.9973 | L_Sent: 0.0001 | L_DAMSM: -0.9973 | L_KL: 0.2051 | Gamma_DAMSM: 5.0000 | Lambda_KL: 2.0000
Step [2114] | D_Loss: 0.2196 | G_Loss: 8.2274 | G_GAN: 12.7997 | L_Words: -0.9966 | L_Sent: 0.0001 | L_DAMSM: -0.9966 | L_KL: 0.2053 | Gamma_DAMSM: 5.0000 | Lambda_KL: 2.0000
Step [2115] | D_Loss: 0.4122 | G_Loss: 3.9362 | G_GAN: 8.5168 | L_Words: -0.9981 | L_Sent: 0.0001 | L_DAMSM: -0.9980 | L_KL: 0.2048 | Gamma_DAMSM: 5.0000 | Lambda_KL: 2.0000
Step [2116] | D_Loss: 0.6592 | G_Loss: 6.8308 | G_GAN: 11.4134 | L_Words: -0.9982 | L_Sent: 0.0001 | L_DAMSM: -0.9982 | L_KL: 0.2041 | Gamma_DAMSM: 5.0000 | Lambda_KL: 2.0000
Step [2117] | D_Loss: 0.4161 | G_Loss: 6.0084 | G_GAN: 10.5926 | L_Words: -0.9980 | L_Sent: 0.0001 | L_DAMSM: -0.9979 | L_KL: 0.2027 | Gamma_DAMSM: 5.0000 | Lambda_KL: 2.0000
Step [2118] | D_Loss: 0.6402 | G_Loss: 5.9148 | G_GAN: 10.4957 | L_Words: -0.9970 | L_Sent: 0.0001 | L_DAMSM: -0.9970 | L_KL: 0.2020 | Gamma_DAMSM: 5.0000 | Lambda_KL: 2.0000
Step [2119] | D_Loss: 0.3423 | G_Loss: 4.7603 | G_GAN: 9.3415 | L_Words: -0.9972 | L_Sent: 0.0001 | L_DAMSM: -0.9971 | L_KL: 0.2021 | Gamma_DAMSM: 5.0000 | Lambda_KL: 2.0000
Step [2120] | D_Loss: 0.3225 | G_Loss: 6.8647 | G_GAN: 11.4549 | L_Words: -0.9985 | L_Sent: 0.0001 | L_DAMSM: -0.9984 | L_KL: 0.2009 | Gamma_DAMSM: 5.0000 | Lambda_KL: 2.0000
Step [2121] | D_Loss: 0.3877 | G_Loss: 5.4094 | G_GAN: 9.9913 | L_Words: -0.9969 | L_Sent: 0.0001 | L_DAMSM: -0.9969 | L_KL: 0.2012 | Gamma_DAMSM: 5.0000 | Lambda_KL: 2.0000
Step [2122] | D_Loss: 0.4675 | G_Loss: -0.7094 | G_GAN: 3.8728 | L_Words: -0.9981 | L_Sent: 0.0001 | L_DAMSM: -0.9980 | L_KL: 0.2039 | Gamma_DAMSM: 5.0000 | Lambda_KL: 2.0000
Step [2123] | D_Loss: 0.9461 | G_Loss: 5.4084 | G_GAN: 9.9823 | L_Words: -0.9984 | L_Sent: 0.0001 | L_DAMSM: -0.9983 | L_KL: 0.2087 | Gamma_DAMSM: 5.0000 | Lambda_KL: 2.0000
Step [2124] | D_Loss: 0.2977 | G_Loss: 4.9931 | G_GAN: 9.5636 | L_Words: -0.9983 | L_Sent: 0.0001 | L_DAMSM: -0.9982 | L_KL: 0.2103 | Gamma_DAMSM: 5.0000 | Lambda_KL: 2.0000
Step [2125] | D_Loss: 0.2232 | G_Loss: 5.3981 | G_GAN: 9.9650 | L_Words: -0.9977 | L_Sent: 0.0001 | L_DAMSM: -0.9976 | L_KL: 0.2106 | Gamma_DAMSM: 5.0000 | Lambda_KL: 2.0000
Step [2126] | D_Loss: 0.3724 | G_Loss: 6.4999 | G_GAN: 11.0697 | L_Words: -0.9979 | L_Sent: 0.0001 | L_DAMSM: -0.9978 | L_KL: 0.2096 | Gamma_DAMSM: 5.0000 | Lambda_KL: 2.0000
Step [2127] | D_Loss: 1.1527 | G_Loss: 1.1336 | G_GAN: 5.7049 | L_Words: -0.9985 | L_Sent: 0.0001 | L_DAMSM: -0.9984 | L_KL: 0.2104 | Gamma_DAMSM: 5.0000 | Lambda_KL: 2.0000
Step [2128] | D_Loss: 0.9747 | G_Loss: 4.0990 | G_GAN: 8.6668 | L_Words: -0.9981 | L_Sent: 0.0000 | L_DAMSM: -0.9980 | L_KL: 0.2112 | Gamma_DAMSM: 5.0000 | Lambda_KL: 2.0000
Step [2129] | D_Loss: 0.3128 | G_Loss: 5.1596 | G_GAN: 9.7262 | L_Words: -0.9985 | L_Sent: 0.0000 | L_DAMSM: -0.9985 | L_KL: 0.2128 | Gamma_DAMSM: 5.0000 | Lambda_KL: 2.0000
Step [2130] | D_Loss: 0.3269 | G_Loss: 5.8496 | G_GAN: 10.4087 | L_Words: -0.9967 | L_Sent: 0.0001 | L_DAMSM: -0.9966 | L_KL: 0.2120 | Gamma_DAMSM: 5.0000 | Lambda_KL: 2.0000
Step [2131] | D_Loss: 0.4029 | G_Loss: 9.7642 | G_GAN: 14.3284 | L_Words: -0.9969 | L_Sent: 0.0002 | L_DAMSM: -0.9968 | L_KL: 0.2098 | Gamma_DAMSM: 5.0000 | Lambda_KL: 2.0000
Step [2132] | D_Loss: 0.9083 | G_Loss: 8.1437 | G_GAN: 12.7167 | L_Words: -0.9980 | L_Sent: 0.0001 | L_DAMSM: -0.9979 | L_KL: 0.2083 | Gamma_DAMSM: 5.0000 | Lambda_KL: 2.0000
Step [2133] | D_Loss: 0.5086 | G_Loss: 2.8672 | G_GAN: 7.4397 | L_Words: -0.9978 | L_Sent: 0.0001 | L_DAMSM: -0.9977 | L_KL: 0.2081 | Gamma_DAMSM: 5.0000 | Lambda_KL: 2.0000
Step [2134] | D_Loss: 0.7015 | G_Loss: 4.5764 | G_GAN: 9.1440 | L_Words: -0.9972 | L_Sent: 0.0000 | L_DAMSM: -0.9972 | L_KL: 0.2092 | Gamma_DAMSM: 5.0000 | Lambda_KL: 2.0000
Step [2135] | D_Loss: 0.3935 | G_Loss: 5.0962 | G_GAN: 9.6666 | L_Words: -0.9983 | L_Sent: 0.0001 | L_DAMSM: -0.9982 | L_KL: 0.2103 | Gamma_DAMSM: 5.0000 | Lambda_KL: 2.0000
Step [2136] | D_Loss: 0.5754 | G_Loss: 3.4155 | G_GAN: 7.9662 | L_Words: -0.9954 | L_Sent: 0.0002 | L_DAMSM: -0.9952 | L_KL: 0.2128 | Gamma_DAMSM: 5.0000 | Lambda_KL: 2.0000
Step [2137] | D_Loss: 0.1133 | G_Loss: 6.8493 | G_GAN: 11.4139 | L_Words: -0.9984 | L_Sent: 0.0001 | L_DAMSM: -0.9983 | L_KL: 0.2135 | Gamma_DAMSM: 5.0000 | Lambda_KL: 2.0000
Step [2138] | D_Loss: 0.2001 | G_Loss: 6.7828 | G_GAN: 11.3466 | L_Words: -0.9981 | L_Sent: 0.0000 | L_DAMSM: -0.9981 | L_KL: 0.2133 | Gamma_DAMSM: 5.0000 | Lambda_KL: 2.0000
Step [2139] | D_Loss: 0.8457 | G_Loss: 0.7040 | G_GAN: 5.2663 | L_Words: -0.9977 | L_Sent: 0.0001 | L_DAMSM: -0.9976 | L_KL: 0.2128 | Gamma_DAMSM: 5.0000 | Lambda_KL: 2.0000
Step [2140] | D_Loss: 0.7166 | G_Loss: 4.5910 | G_GAN: 9.1564 | L_Words: -0.9984 | L_Sent: 0.0002 | L_DAMSM: -0.9983 | L_KL: 0.2130 | Gamma_DAMSM: 5.0000 | Lambda_KL: 2.0000
Step [2141] | D_Loss: 0.8023 | G_Loss: 3.3950 | G_GAN: 7.9602 | L_Words: -0.9987 | L_Sent: 0.0004 | L_DAMSM: -0.9983 | L_KL: 0.2131 | Gamma_DAMSM: 5.0000 | Lambda_KL: 2.0000
Step [2142] | D_Loss: 0.5489 | G_Loss: 5.5581 | G_GAN: 10.1200 | L_Words: -0.9975 | L_Sent: 0.0001 | L_DAMSM: -0.9974 | L_KL: 0.2126 | Gamma_DAMSM: 5.0000 | Lambda_KL: 2.0000
Step [2143] | D_Loss: 0.9148 | G_Loss: 5.0276 | G_GAN: 9.5881 | L_Words: -0.9977 | L_Sent: 0.0001 | L_DAMSM: -0.9977 | L_KL: 0.2139 | Gamma_DAMSM: 5.0000 | Lambda_KL: 2.0000
Step [2144] | D_Loss: 0.3774 | G_Loss: 6.1598 | G_GAN: 10.7138 | L_Words: -0.9970 | L_Sent: 0.0001 | L_DAMSM: -0.9969 | L_KL: 0.2153 | Gamma_DAMSM: 5.0000 | Lambda_KL: 2.0000
Step [2145] | D_Loss: 0.5471 | G_Loss: 0.9739 | G_GAN: 5.5328 | L_Words: -0.9981 | L_Sent: 0.0004 | L_DAMSM: -0.9977 | L_KL: 0.2147 | Gamma_DAMSM: 5.0000 | Lambda_KL: 2.0000
Step [2146] | D_Loss: 0.6723 | G_Loss: 2.6847 | G_GAN: 7.2474 | L_Words: -0.9984 | L_Sent: 0.0001 | L_DAMSM: -0.9983 | L_KL: 0.2143 | Gamma_DAMSM: 5.0000 | Lambda_KL: 2.0000
Step [2147] | D_Loss: 0.3013 | G_Loss: 5.7010 | G_GAN: 10.2554 | L_Words: -0.9969 | L_Sent: 0.0001 | L_DAMSM: -0.9968 | L_KL: 0.2147 | Gamma_DAMSM: 5.0000 | Lambda_KL: 2.0000
Step [2148] | D_Loss: 1.0476 | G_Loss: 8.7958 | G_GAN: 13.3534 | L_Words: -0.9971 | L_Sent: 0.0001 | L_DAMSM: -0.9971 | L_KL: 0.2138 | Gamma_DAMSM: 5.0000 | Lambda_KL: 2.0000
Step [2149] | D_Loss: 1.9609 | G_Loss: 4.9181 | G_GAN: 9.4810 | L_Words: -0.9986 | L_Sent: 0.0001 | L_DAMSM: -0.9985 | L_KL: 0.2148 | Gamma_DAMSM: 5.0000 | Lambda_KL: 2.0000
Step [2150] | D_Loss: 0.6950 | G_Loss: 2.6555 | G_GAN: 7.2161 | L_Words: -0.9974 | L_Sent: 0.0001 | L_DAMSM: -0.9973 | L_KL: 0.2130 | Gamma_DAMSM: 5.0000 | Lambda_KL: 2.0000
Step [2151] | D_Loss: 0.3996 | G_Loss: 3.4995 | G_GAN: 8.0656 | L_Words: -0.9978 | L_Sent: 0.0001 | L_DAMSM: -0.9977 | L_KL: 0.2111 | Gamma_DAMSM: 5.0000 | Lambda_KL: 2.0000
Step [2152] | D_Loss: 0.6229 | G_Loss: 4.4574 | G_GAN: 9.0256 | L_Words: -0.9977 | L_Sent: 0.0001 | L_DAMSM: -0.9975 | L_KL: 0.2097 | Gamma_DAMSM: 5.0000 | Lambda_KL: 2.0000
Step [2153] | D_Loss: 0.2800 | G_Loss: 4.2434 | G_GAN: 8.8081 | L_Words: -0.9970 | L_Sent: 0.0002 | L_DAMSM: -0.9968 | L_KL: 0.2096 | Gamma_DAMSM: 5.0000 | Lambda_KL: 2.0000
Step [2154] | D_Loss: 0.7052 | G_Loss: 1.0447 | G_GAN: 5.6083 | L_Words: -0.9976 | L_Sent: 0.0011 | L_DAMSM: -0.9964 | L_KL: 0.2092 | Gamma_DAMSM: 5.0000 | Lambda_KL: 2.0000
Step [2155] | D_Loss: 0.8906 | G_Loss: 3.4510 | G_GAN: 8.0185 | L_Words: -0.9979 | L_Sent: 0.0004 | L_DAMSM: -0.9975 | L_KL: 0.2100 | Gamma_DAMSM: 5.0000 | Lambda_KL: 2.0000
Step [2156] | D_Loss: 0.9194 | G_Loss: 1.9274 | G_GAN: 6.4929 | L_Words: -0.9976 | L_Sent: 0.0001 | L_DAMSM: -0.9976 | L_KL: 0.2112 | Gamma_DAMSM: 5.0000 | Lambda_KL: 2.0000
Step [2157] | D_Loss: 0.5904 | G_Loss: 3.5926 | G_GAN: 8.1616 | L_Words: -0.9980 | L_Sent: 0.0002 | L_DAMSM: -0.9978 | L_KL: 0.2100 | Gamma_DAMSM: 5.0000 | Lambda_KL: 2.0000
Step [2158] | D_Loss: 0.6469 | G_Loss: 4.9492 | G_GAN: 9.5172 | L_Words: -0.9974 | L_Sent: 0.0001 | L_DAMSM: -0.9973 | L_KL: 0.2092 | Gamma_DAMSM: 5.0000 | Lambda_KL: 2.0000
Step [2159] | D_Loss: 0.4102 | G_Loss: 3.5407 | G_GAN: 8.1143 | L_Words: -0.9983 | L_Sent: 0.0001 | L_DAMSM: -0.9982 | L_KL: 0.2087 | Gamma_DAMSM: 5.0000 | Lambda_KL: 2.0000
Step [2160] | D_Loss: 0.8854 | G_Loss: 4.8262 | G_GAN: 9.3801 | L_Words: -0.9942 | L_Sent: 0.0001 | L_DAMSM: -0.9941 | L_KL: 0.2084 | Gamma_DAMSM: 5.0000 | Lambda_KL: 2.0000
Step [2161] | D_Loss: 0.4537 | G_Loss: 5.5029 | G_GAN: 10.0803 | L_Words: -0.9982 | L_Sent: 0.0001 | L_DAMSM: -0.9981 | L_KL: 0.2065 | Gamma_DAMSM: 5.0000 | Lambda_KL: 2.0000
Step [2162] | D_Loss: 0.5520 | G_Loss: 3.7991 | G_GAN: 8.3823 | L_Words: -0.9980 | L_Sent: 0.0002 | L_DAMSM: -0.9978 | L_KL: 0.2030 | Gamma_DAMSM: 5.0000 | Lambda_KL: 2.0000
Step [2163] | D_Loss: 0.5235 | G_Loss: 4.0438 | G_GAN: 8.6295 | L_Words: -0.9976 | L_Sent: 0.0001 | L_DAMSM: -0.9974 | L_KL: 0.2007 | Gamma_DAMSM: 5.0000 | Lambda_KL: 2.0000
Step [2164] | D_Loss: 0.5033 | G_Loss: 4.0395 | G_GAN: 8.6170 | L_Words: -0.9957 | L_Sent: 0.0001 | L_DAMSM: -0.9956 | L_KL: 0.2003 | Gamma_DAMSM: 5.0000 | Lambda_KL: 2.0000
Step [2165] | D_Loss: 1.5543 | G_Loss: 6.9341 | G_GAN: 11.5220 | L_Words: -0.9971 | L_Sent: 0.0002 | L_DAMSM: -0.9969 | L_KL: 0.1983 | Gamma_DAMSM: 5.0000 | Lambda_KL: 2.0000
Step [2166] | D_Loss: 1.2847 | G_Loss: 2.5870 | G_GAN: 7.1737 | L_Words: -0.9972 | L_Sent: 0.0007 | L_DAMSM: -0.9964 | L_KL: 0.1978 | Gamma_DAMSM: 5.0000 | Lambda_KL: 2.0000
Step [2167] | D_Loss: 1.0452 | G_Loss: 1.9467 | G_GAN: 6.5450 | L_Words: -0.9983 | L_Sent: 0.0001 | L_DAMSM: -0.9982 | L_KL: 0.1964 | Gamma_DAMSM: 5.0000 | Lambda_KL: 2.0000
Step [2168] | D_Loss: 0.8095 | G_Loss: 4.8773 | G_GAN: 9.4702 | L_Words: -0.9973 | L_Sent: 0.0001 | L_DAMSM: -0.9973 | L_KL: 0.1967 | Gamma_DAMSM: 5.0000 | Lambda_KL: 2.0000
Step [2169] | D_Loss: 0.7371 | G_Loss: 7.5908 | G_GAN: 12.1832 | L_Words: -0.9983 | L_Sent: 0.0005 | L_DAMSM: -0.9978 | L_KL: 0.1982 | Gamma_DAMSM: 5.0000 | Lambda_KL: 2.0000
Step [2170] | D_Loss: 0.5639 | G_Loss: 5.2225 | G_GAN: 9.8183 | L_Words: -0.9988 | L_Sent: 0.0001 | L_DAMSM: -0.9987 | L_KL: 0.1989 | Gamma_DAMSM: 5.0000 | Lambda_KL: 2.0000
Step [2171] | D_Loss: 0.3525 | G_Loss: 2.2350 | G_GAN: 6.8257 | L_Words: -0.9982 | L_Sent: 0.0001 | L_DAMSM: -0.9981 | L_KL: 0.2000 | Gamma_DAMSM: 5.0000 | Lambda_KL: 2.0000
Step [2172] | D_Loss: 0.5674 | G_Loss: 1.1348 | G_GAN: 5.7243 | L_Words: -0.9985 | L_Sent: 0.0001 | L_DAMSM: -0.9985 | L_KL: 0.2014 | Gamma_DAMSM: 5.0000 | Lambda_KL: 2.0000
Step [2173] | D_Loss: 0.8780 | G_Loss: 2.3576 | G_GAN: 6.9444 | L_Words: -0.9980 | L_Sent: 0.0001 | L_DAMSM: -0.9979 | L_KL: 0.2014 | Gamma_DAMSM: 5.0000 | Lambda_KL: 2.0000
Step [2174] | D_Loss: 0.6511 | G_Loss: 3.8233 | G_GAN: 8.4100 | L_Words: -0.9976 | L_Sent: 0.0001 | L_DAMSM: -0.9976 | L_KL: 0.2005 | Gamma_DAMSM: 5.0000 | Lambda_KL: 2.0000
Step [2175] | D_Loss: 0.7765 | G_Loss: 2.6393 | G_GAN: 7.2271 | L_Words: -0.9981 | L_Sent: 0.0001 | L_DAMSM: -0.9981 | L_KL: 0.2013 | Gamma_DAMSM: 5.0000 | Lambda_KL: 2.0000
Step [2176] | D_Loss: 0.5128 | G_Loss: 4.7035 | G_GAN: 9.2794 | L_Words: -0.9958 | L_Sent: 0.0001 | L_DAMSM: -0.9957 | L_KL: 0.2013 | Gamma_DAMSM: 5.0000 | Lambda_KL: 2.0000
Step [2177] | D_Loss: 0.4244 | G_Loss: 5.4754 | G_GAN: 10.0606 | L_Words: -0.9971 | L_Sent: 0.0001 | L_DAMSM: -0.9971 | L_KL: 0.2001 | Gamma_DAMSM: 5.0000 | Lambda_KL: 2.0000
Step [2178] | D_Loss: 0.5278 | G_Loss: 5.1063 | G_GAN: 9.6969 | L_Words: -0.9978 | L_Sent: 0.0000 | L_DAMSM: -0.9978 | L_KL: 0.1992 | Gamma_DAMSM: 5.0000 | Lambda_KL: 2.0000
Step [2179] | D_Loss: 1.1329 | G_Loss: -1.8307 | G_GAN: 2.7607 | L_Words: -0.9976 | L_Sent: 0.0001 | L_DAMSM: -0.9975 | L_KL: 0.1981 | Gamma_DAMSM: 5.0000 | Lambda_KL: 2.0000
Step [2180] | D_Loss: 0.7518 | G_Loss: 3.0682 | G_GAN: 7.6459 | L_Words: -0.9944 | L_Sent: 0.0001 | L_DAMSM: -0.9943 | L_KL: 0.1969 | Gamma_DAMSM: 5.0000 | Lambda_KL: 2.0000
Step [2181] | D_Loss: 0.8970 | G_Loss: 4.4552 | G_GAN: 9.0501 | L_Words: -0.9979 | L_Sent: 0.0000 | L_DAMSM: -0.9979 | L_KL: 0.1973 | Gamma_DAMSM: 5.0000 | Lambda_KL: 2.0000
Step [2182] | D_Loss: 0.1051 | G_Loss: 6.8651 | G_GAN: 11.4583 | L_Words: -0.9983 | L_Sent: 0.0001 | L_DAMSM: -0.9982 | L_KL: 0.1989 | Gamma_DAMSM: 5.0000 | Lambda_KL: 2.0000
Step [2183] | D_Loss: 0.2893 | G_Loss: 7.2222 | G_GAN: 11.8107 | L_Words: -0.9980 | L_Sent: 0.0000 | L_DAMSM: -0.9979 | L_KL: 0.2006 | Gamma_DAMSM: 5.0000 | Lambda_KL: 2.0000
Step [2184] | D_Loss: 0.3282 | G_Loss: 6.1936 | G_GAN: 10.7886 | L_Words: -0.9987 | L_Sent: 0.0000 | L_DAMSM: -0.9987 | L_KL: 0.1992 | Gamma_DAMSM: 5.0000 | Lambda_KL: 2.0000
Step [2185] | D_Loss: 0.2305 | G_Loss: 3.2903 | G_GAN: 7.8833 | L_Words: -0.9977 | L_Sent: 0.0001 | L_DAMSM: -0.9977 | L_KL: 0.1976 | Gamma_DAMSM: 5.0000 | Lambda_KL: 2.0000
Step [2186] | D_Loss: 1.0283 | G_Loss: 5.8072 | G_GAN: 10.4011 | L_Words: -0.9981 | L_Sent: 0.0001 | L_DAMSM: -0.9981 | L_KL: 0.1982 | Gamma_DAMSM: 5.0000 | Lambda_KL: 2.0000
Step [2187] | D_Loss: 1.5286 | G_Loss: 3.2045 | G_GAN: 7.7952 | L_Words: -0.9977 | L_Sent: 0.0000 | L_DAMSM: -0.9976 | L_KL: 0.1987 | Gamma_DAMSM: 5.0000 | Lambda_KL: 2.0000
Step [2188] | D_Loss: 0.8912 | G_Loss: 1.2907 | G_GAN: 5.8771 | L_Words: -0.9969 | L_Sent: 0.0001 | L_DAMSM: -0.9968 | L_KL: 0.1987 | Gamma_DAMSM: 5.0000 | Lambda_KL: 2.0000
Step [2189] | D_Loss: 1.1596 | G_Loss: 3.5806 | G_GAN: 8.1764 | L_Words: -0.9986 | L_Sent: 0.0002 | L_DAMSM: -0.9984 | L_KL: 0.1980 | Gamma_DAMSM: 5.0000 | Lambda_KL: 2.0000
Step [2190] | D_Loss: 1.2586 | G_Loss: 4.4650 | G_GAN: 9.0504 | L_Words: -0.9969 | L_Sent: 0.0001 | L_DAMSM: -0.9968 | L_KL: 0.1993 | Gamma_DAMSM: 5.0000 | Lambda_KL: 2.0000
Step [2191] | D_Loss: 0.9766 | G_Loss: 2.8663 | G_GAN: 7.4563 | L_Words: -0.9983 | L_Sent: 0.0002 | L_DAMSM: -0.9981 | L_KL: 0.2002 | Gamma_DAMSM: 5.0000 | Lambda_KL: 2.0000
Step [2192] | D_Loss: 1.2881 | G_Loss: 1.9387 | G_GAN: 6.5194 | L_Words: -0.9971 | L_Sent: 0.0005 | L_DAMSM: -0.9965 | L_KL: 0.2011 | Gamma_DAMSM: 5.0000 | Lambda_KL: 2.0000
Step [2193] | D_Loss: 1.1239 | G_Loss: 1.9381 | G_GAN: 6.5227 | L_Words: -0.9978 | L_Sent: 0.0005 | L_DAMSM: -0.9972 | L_KL: 0.2008 | Gamma_DAMSM: 5.0000 | Lambda_KL: 2.0000
Step [2194] | D_Loss: 0.4638 | G_Loss: 2.3796 | G_GAN: 6.9680 | L_Words: -0.9978 | L_Sent: 0.0001 | L_DAMSM: -0.9977 | L_KL: 0.2001 | Gamma_DAMSM: 5.0000 | Lambda_KL: 2.0000
Step [2195] | D_Loss: 0.6731 | G_Loss: 3.8600 | G_GAN: 8.4495 | L_Words: -0.9979 | L_Sent: 0.0002 | L_DAMSM: -0.9977 | L_KL: 0.1994 | Gamma_DAMSM: 5.0000 | Lambda_KL: 2.0000
Step [2196] | D_Loss: 0.4582 | G_Loss: 3.3464 | G_GAN: 7.9348 | L_Words: -0.9974 | L_Sent: 0.0001 | L_DAMSM: -0.9973 | L_KL: 0.1990 | Gamma_DAMSM: 5.0000 | Lambda_KL: 2.0000
Step [2197] | D_Loss: 0.3343 | G_Loss: 4.3857 | G_GAN: 8.9714 | L_Words: -0.9970 | L_Sent: 0.0001 | L_DAMSM: -0.9970 | L_KL: 0.1996 | Gamma_DAMSM: 5.0000 | Lambda_KL: 2.0000
Step [2198] | D_Loss: 0.3744 | G_Loss: 4.3399 | G_GAN: 8.9280 | L_Words: -0.9977 | L_Sent: 0.0001 | L_DAMSM: -0.9976 | L_KL: 0.1998 | Gamma_DAMSM: 5.0000 | Lambda_KL: 2.0000
Step [2199] | D_Loss: 0.5273 | G_Loss: 4.0786 | G_GAN: 8.6598 | L_Words: -0.9960 | L_Sent: 0.0001 | L_DAMSM: -0.9960 | L_KL: 0.1993 | Gamma_DAMSM: 5.0000 | Lambda_KL: 2.0000
Step [2200] | D_Loss: 0.9109 | G_Loss: 2.2621 | G_GAN: 6.8561 | L_Words: -0.9982 | L_Sent: 0.0000 | L_DAMSM: -0.9982 | L_KL: 0.1985 | Gamma_DAMSM: 5.0000 | Lambda_KL: 2.0000
Step [2201] | D_Loss: 0.4827 | G_Loss: 2.0701 | G_GAN: 6.6690 | L_Words: -0.9985 | L_Sent: 0.0001 | L_DAMSM: -0.9985 | L_KL: 0.1967 | Gamma_DAMSM: 5.0000 | Lambda_KL: 2.0000
Step [2202] | D_Loss: 0.9674 | G_Loss: 1.2408 | G_GAN: 5.8409 | L_Words: -0.9983 | L_Sent: 0.0000 | L_DAMSM: -0.9982 | L_KL: 0.1955 | Gamma_DAMSM: 5.0000 | Lambda_KL: 2.0000
Step [2203] | D_Loss: 1.2259 | G_Loss: 4.2144 | G_GAN: 8.8110 | L_Words: -0.9982 | L_Sent: 0.0001 | L_DAMSM: -0.9981 | L_KL: 0.1969 | Gamma_DAMSM: 5.0000 | Lambda_KL: 2.0000
Step [2204] | D_Loss: 0.5048 | G_Loss: 5.4354 | G_GAN: 10.0216 | L_Words: -0.9965 | L_Sent: 0.0001 | L_DAMSM: -0.9964 | L_KL: 0.1979 | Gamma_DAMSM: 5.0000 | Lambda_KL: 2.0000
Step [2205] | D_Loss: 0.9319 | G_Loss: 2.9276 | G_GAN: 7.5183 | L_Words: -0.9972 | L_Sent: 0.0001 | L_DAMSM: -0.9971 | L_KL: 0.1974 | Gamma_DAMSM: 5.0000 | Lambda_KL: 2.0000
Step [2206] | D_Loss: 0.9677 | G_Loss: 0.8692 | G_GAN: 5.4606 | L_Words: -0.9974 | L_Sent: 0.0001 | L_DAMSM: -0.9973 | L_KL: 0.1976 | Gamma_DAMSM: 5.0000 | Lambda_KL: 2.0000
Step [2207] | D_Loss: 1.2838 | G_Loss: 2.0252 | G_GAN: 6.6214 | L_Words: -0.9979 | L_Sent: 0.0000 | L_DAMSM: -0.9979 | L_KL: 0.1966 | Gamma_DAMSM: 5.0000 | Lambda_KL: 2.0000
Step [2208] | D_Loss: 0.5433 | G_Loss: 4.0416 | G_GAN: 8.6340 | L_Words: -0.9971 | L_Sent: 0.0002 | L_DAMSM: -0.9970 | L_KL: 0.1963 | Gamma_DAMSM: 5.0000 | Lambda_KL: 2.0000
Step [2209] | D_Loss: 0.6027 | G_Loss: 3.3389 | G_GAN: 7.9311 | L_Words: -0.9977 | L_Sent: 0.0001 | L_DAMSM: -0.9976 | L_KL: 0.1978 | Gamma_DAMSM: 5.0000 | Lambda_KL: 2.0000
Step [2210] | D_Loss: 0.6022 | G_Loss: 2.4200 | G_GAN: 7.0132 | L_Words: -0.9981 | L_Sent: 0.0002 | L_DAMSM: -0.9979 | L_KL: 0.1982 | Gamma_DAMSM: 5.0000 | Lambda_KL: 2.0000
Step [2211] | D_Loss: 0.4711 | G_Loss: 1.2480 | G_GAN: 5.8350 | L_Words: -0.9973 | L_Sent: 0.0000 | L_DAMSM: -0.9973 | L_KL: 0.1997 | Gamma_DAMSM: 5.0000 | Lambda_KL: 2.0000
Step [2212] | D_Loss: 1.6436 | G_Loss: 1.1746 | G_GAN: 5.7618 | L_Words: -0.9977 | L_Sent: 0.0001 | L_DAMSM: -0.9977 | L_KL: 0.2006 | Gamma_DAMSM: 5.0000 | Lambda_KL: 2.0000
Step [2213] | D_Loss: 1.1282 | G_Loss: 3.3588 | G_GAN: 7.9468 | L_Words: -0.9981 | L_Sent: 0.0001 | L_DAMSM: -0.9980 | L_KL: 0.2011 | Gamma_DAMSM: 5.0000 | Lambda_KL: 2.0000

Epoch 1/5 complete.
Running validation for epoch 1...
Validation — D: 2.2281 | G: 1.3065 | DAMSM: -0.9975 | KL: 0.2002
Checkpoint saved: results/damsm_demo_5e/attenx_mhsa/checkpoints/checkpoint_epoch_0001.pth
  New best validation loss: 1.3065
Checkpoint saved: results/damsm_demo_5e/attenx_mhsa/checkpoints/checkpoint_epoch_0001.pth
Step [2214] | D_Loss: 0.5702 | G_Loss: 5.8258 | G_GAN: 10.4126 | L_Words: -0.9976 | L_Sent: 0.0001 | L_DAMSM: -0.9975 | L_KL: 0.2004 | Gamma_DAMSM: 5.0000 | Lambda_KL: 2.0000
Step [2215] | D_Loss: 0.5863 | G_Loss: 5.2537 | G_GAN: 9.8426 | L_Words: -0.9976 | L_Sent: 0.0001 | L_DAMSM: -0.9975 | L_KL: 0.1993 | Gamma_DAMSM: 5.0000 | Lambda_KL: 2.0000
Step [2216] | D_Loss: 0.4094 | G_Loss: 4.2982 | G_GAN: 8.8931 | L_Words: -0.9981 | L_Sent: 0.0000 | L_DAMSM: -0.9981 | L_KL: 0.1977 | Gamma_DAMSM: 5.0000 | Lambda_KL: 2.0000
Step [2217] | D_Loss: 1.0453 | G_Loss: 0.7465 | G_GAN: 5.3456 | L_Words: -0.9986 | L_Sent: 0.0001 | L_DAMSM: -0.9985 | L_KL: 0.1968 | Gamma_DAMSM: 5.0000 | Lambda_KL: 2.0000
Step [2218] | D_Loss: 0.4645 | G_Loss: 2.5993 | G_GAN: 7.1962 | L_Words: -0.9979 | L_Sent: 0.0001 | L_DAMSM: -0.9978 | L_KL: 0.1961 | Gamma_DAMSM: 5.0000 | Lambda_KL: 2.0000
Step [2219] | D_Loss: 0.2329 | G_Loss: 5.4171 | G_GAN: 10.0118 | L_Words: -0.9969 | L_Sent: 0.0001 | L_DAMSM: -0.9968 | L_KL: 0.1946 | Gamma_DAMSM: 5.0000 | Lambda_KL: 2.0000
Step [2220] | D_Loss: 0.4506 | G_Loss: 3.1669 | G_GAN: 7.7687 | L_Words: -0.9977 | L_Sent: 0.0001 | L_DAMSM: -0.9976 | L_KL: 0.1931 | Gamma_DAMSM: 5.0000 | Lambda_KL: 2.0000
Step [2221] | D_Loss: 0.4532 | G_Loss: 5.3282 | G_GAN: 9.9348 | L_Words: -0.9983 | L_Sent: 0.0000 | L_DAMSM: -0.9983 | L_KL: 0.1925 | Gamma_DAMSM: 5.0000 | Lambda_KL: 2.0000
Step [2222] | D_Loss: 0.7599 | G_Loss: 4.7627 | G_GAN: 9.3665 | L_Words: -0.9979 | L_Sent: 0.0000 | L_DAMSM: -0.9979 | L_KL: 0.1928 | Gamma_DAMSM: 5.0000 | Lambda_KL: 2.0000
Step [2223] | D_Loss: 0.3981 | G_Loss: 1.8616 | G_GAN: 6.4506 | L_Words: -0.9950 | L_Sent: 0.0001 | L_DAMSM: -0.9950 | L_KL: 0.1929 | Gamma_DAMSM: 5.0000 | Lambda_KL: 2.0000
Step [2224] | D_Loss: 0.3163 | G_Loss: 3.6766 | G_GAN: 8.2807 | L_Words: -0.9974 | L_Sent: 0.0001 | L_DAMSM: -0.9973 | L_KL: 0.1913 | Gamma_DAMSM: 5.0000 | Lambda_KL: 2.0000
Step [2225] | D_Loss: 0.6317 | G_Loss: 3.5677 | G_GAN: 8.1710 | L_Words: -0.9978 | L_Sent: 0.0000 | L_DAMSM: -0.9978 | L_KL: 0.1927 | Gamma_DAMSM: 5.0000 | Lambda_KL: 2.0000
Step [2226] | D_Loss: 0.4176 | G_Loss: 2.0123 | G_GAN: 6.6135 | L_Words: -0.9978 | L_Sent: 0.0002 | L_DAMSM: -0.9976 | L_KL: 0.1934 | Gamma_DAMSM: 5.0000 | Lambda_KL: 2.0000
Step [2227] | D_Loss: 0.2715 | G_Loss: 6.8267 | G_GAN: 11.4267 | L_Words: -0.9975 | L_Sent: 0.0001 | L_DAMSM: -0.9974 | L_KL: 0.1935 | Gamma_DAMSM: 5.0000 | Lambda_KL: 2.0000
Step [2228] | D_Loss: 0.6942 | G_Loss: 6.7726 | G_GAN: 11.3726 | L_Words: -0.9978 | L_Sent: 0.0001 | L_DAMSM: -0.9977 | L_KL: 0.1943 | Gamma_DAMSM: 5.0000 | Lambda_KL: 2.0000
Step [2229] | D_Loss: 0.5245 | G_Loss: 3.7817 | G_GAN: 8.3826 | L_Words: -0.9982 | L_Sent: 0.0001 | L_DAMSM: -0.9981 | L_KL: 0.1949 | Gamma_DAMSM: 5.0000 | Lambda_KL: 2.0000
Step [2230] | D_Loss: 0.6647 | G_Loss: 4.6329 | G_GAN: 9.2266 | L_Words: -0.9970 | L_Sent: 0.0001 | L_DAMSM: -0.9970 | L_KL: 0.1955 | Gamma_DAMSM: 5.0000 | Lambda_KL: 2.0000
Step [2231] | D_Loss: 0.5486 | G_Loss: 8.0990 | G_GAN: 12.6985 | L_Words: -0.9978 | L_Sent: 0.0000 | L_DAMSM: -0.9977 | L_KL: 0.1946 | Gamma_DAMSM: 5.0000 | Lambda_KL: 2.0000
Step [2232] | D_Loss: 0.7474 | G_Loss: 6.7339 | G_GAN: 11.3279 | L_Words: -0.9972 | L_Sent: 0.0001 | L_DAMSM: -0.9971 | L_KL: 0.1959 | Gamma_DAMSM: 5.0000 | Lambda_KL: 2.0000
Step [2233] | D_Loss: 0.4131 | G_Loss: 6.0163 | G_GAN: 10.6169 | L_Words: -0.9982 | L_Sent: 0.0000 | L_DAMSM: -0.9982 | L_KL: 0.1951 | Gamma_DAMSM: 5.0000 | Lambda_KL: 2.0000
Step [2234] | D_Loss: 0.3951 | G_Loss: 0.5434 | G_GAN: 5.1391 | L_Words: -0.9974 | L_Sent: 0.0001 | L_DAMSM: -0.9974 | L_KL: 0.1955 | Gamma_DAMSM: 5.0000 | Lambda_KL: 2.0000
Step [2235] | D_Loss: 0.7167 | G_Loss: 5.9402 | G_GAN: 10.5424 | L_Words: -0.9980 | L_Sent: 0.0001 | L_DAMSM: -0.9979 | L_KL: 0.1937 | Gamma_DAMSM: 5.0000 | Lambda_KL: 2.0000
Step [2236] | D_Loss: 0.4783 | G_Loss: 5.3917 | G_GAN: 9.9914 | L_Words: -0.9979 | L_Sent: 0.0003 | L_DAMSM: -0.9976 | L_KL: 0.1941 | Gamma_DAMSM: 5.0000 | Lambda_KL: 2.0000
Step [2237] | D_Loss: 0.8837 | G_Loss: 5.2016 | G_GAN: 9.8004 | L_Words: -0.9975 | L_Sent: 0.0000 | L_DAMSM: -0.9975 | L_KL: 0.1944 | Gamma_DAMSM: 5.0000 | Lambda_KL: 2.0000
Step [2238] | D_Loss: 0.7221 | G_Loss: 5.2128 | G_GAN: 9.8128 | L_Words: -0.9980 | L_Sent: 0.0001 | L_DAMSM: -0.9979 | L_KL: 0.1948 | Gamma_DAMSM: 5.0000 | Lambda_KL: 2.0000
Step [2239] | D_Loss: 0.3318 | G_Loss: 7.5241 | G_GAN: 12.1118 | L_Words: -0.9956 | L_Sent: 0.0001 | L_DAMSM: -0.9955 | L_KL: 0.1948 | Gamma_DAMSM: 5.0000 | Lambda_KL: 2.0000
Step [2240] | D_Loss: 0.4026 | G_Loss: 7.6952 | G_GAN: 12.2937 | L_Words: -0.9979 | L_Sent: 0.0001 | L_DAMSM: -0.9978 | L_KL: 0.1953 | Gamma_DAMSM: 5.0000 | Lambda_KL: 2.0000
Step [2241] | D_Loss: 0.7215 | G_Loss: 3.2138 | G_GAN: 7.8062 | L_Words: -0.9973 | L_Sent: 0.0001 | L_DAMSM: -0.9972 | L_KL: 0.1968 | Gamma_DAMSM: 5.0000 | Lambda_KL: 2.0000
Step [2242] | D_Loss: 0.8390 | G_Loss: 3.3053 | G_GAN: 7.8968 | L_Words: -0.9975 | L_Sent: 0.0001 | L_DAMSM: -0.9974 | L_KL: 0.1977 | Gamma_DAMSM: 5.0000 | Lambda_KL: 2.0000
Step [2243] | D_Loss: 0.5784 | G_Loss: 4.3170 | G_GAN: 8.9024 | L_Words: -0.9967 | L_Sent: 0.0001 | L_DAMSM: -0.9966 | L_KL: 0.1988 | Gamma_DAMSM: 5.0000 | Lambda_KL: 2.0000
Step [2244] | D_Loss: 0.6679 | G_Loss: 2.7915 | G_GAN: 7.3857 | L_Words: -0.9985 | L_Sent: 0.0000 | L_DAMSM: -0.9985 | L_KL: 0.1991 | Gamma_DAMSM: 5.0000 | Lambda_KL: 2.0000
Step [2245] | D_Loss: 0.6511 | G_Loss: 6.2804 | G_GAN: 10.8692 | L_Words: -0.9980 | L_Sent: 0.0001 | L_DAMSM: -0.9979 | L_KL: 0.2004 | Gamma_DAMSM: 5.0000 | Lambda_KL: 2.0000
Step [2246] | D_Loss: 1.5260 | G_Loss: 6.4147 | G_GAN: 11.0019 | L_Words: -0.9980 | L_Sent: 0.0000 | L_DAMSM: -0.9980 | L_KL: 0.2014 | Gamma_DAMSM: 5.0000 | Lambda_KL: 2.0000
Step [2247] | D_Loss: 0.6423 | G_Loss: 3.7251 | G_GAN: 8.2911 | L_Words: -0.9952 | L_Sent: 0.0001 | L_DAMSM: -0.9951 | L_KL: 0.2047 | Gamma_DAMSM: 5.0000 | Lambda_KL: 2.0000
Step [2248] | D_Loss: 0.6556 | G_Loss: 2.8742 | G_GAN: 7.4510 | L_Words: -0.9980 | L_Sent: 0.0001 | L_DAMSM: -0.9979 | L_KL: 0.2064 | Gamma_DAMSM: 5.0000 | Lambda_KL: 2.0000
Step [2249] | D_Loss: 0.4941 | G_Loss: 3.0322 | G_GAN: 7.6013 | L_Words: -0.9970 | L_Sent: 0.0001 | L_DAMSM: -0.9969 | L_KL: 0.2076 | Gamma_DAMSM: 5.0000 | Lambda_KL: 2.0000
Step [2250] | D_Loss: 0.5292 | G_Loss: 4.9952 | G_GAN: 9.5629 | L_Words: -0.9982 | L_Sent: 0.0001 | L_DAMSM: -0.9981 | L_KL: 0.2114 | Gamma_DAMSM: 5.0000 | Lambda_KL: 2.0000
Step [2251] | D_Loss: 0.7100 | G_Loss: 3.8474 | G_GAN: 8.4059 | L_Words: -0.9972 | L_Sent: 0.0001 | L_DAMSM: -0.9971 | L_KL: 0.2135 | Gamma_DAMSM: 5.0000 | Lambda_KL: 2.0000
Step [2252] | D_Loss: 0.5680 | G_Loss: 7.1613 | G_GAN: 11.7194 | L_Words: -0.9980 | L_Sent: 0.0000 | L_DAMSM: -0.9980 | L_KL: 0.2159 | Gamma_DAMSM: 5.0000 | Lambda_KL: 2.0000
Step [2253] | D_Loss: 0.7553 | G_Loss: 4.0852 | G_GAN: 8.6380 | L_Words: -0.9983 | L_Sent: 0.0001 | L_DAMSM: -0.9982 | L_KL: 0.2191 | Gamma_DAMSM: 5.0000 | Lambda_KL: 2.0000
Step [2254] | D_Loss: 0.6878 | G_Loss: 5.9943 | G_GAN: 10.5470 | L_Words: -0.9987 | L_Sent: 0.0001 | L_DAMSM: -0.9986 | L_KL: 0.2202 | Gamma_DAMSM: 5.0000 | Lambda_KL: 2.0000
Step [2255] | D_Loss: 0.3463 | G_Loss: 4.6994 | G_GAN: 9.2472 | L_Words: -0.9981 | L_Sent: 0.0001 | L_DAMSM: -0.9980 | L_KL: 0.2212 | Gamma_DAMSM: 5.0000 | Lambda_KL: 2.0000
Step [2256] | D_Loss: 0.4143 | G_Loss: 6.3476 | G_GAN: 10.8862 | L_Words: -0.9981 | L_Sent: 0.0003 | L_DAMSM: -0.9977 | L_KL: 0.2251 | Gamma_DAMSM: 5.0000 | Lambda_KL: 2.0000
Step [2257] | D_Loss: 0.9783 | G_Loss: 9.9371 | G_GAN: 14.4707 | L_Words: -0.9976 | L_Sent: 0.0002 | L_DAMSM: -0.9975 | L_KL: 0.2270 | Gamma_DAMSM: 5.0000 | Lambda_KL: 2.0000
Step [2258] | D_Loss: 0.7196 | G_Loss: 8.3588 | G_GAN: 12.8946 | L_Words: -0.9977 | L_Sent: 0.0000 | L_DAMSM: -0.9976 | L_KL: 0.2262 | Gamma_DAMSM: 5.0000 | Lambda_KL: 2.0000
Step [2259] | D_Loss: 0.3801 | G_Loss: 6.8581 | G_GAN: 11.3976 | L_Words: -0.9986 | L_Sent: 0.0001 | L_DAMSM: -0.9986 | L_KL: 0.2266 | Gamma_DAMSM: 5.0000 | Lambda_KL: 2.0000
Step [2260] | D_Loss: 2.0655 | G_Loss: 5.7048 | G_GAN: 10.2418 | L_Words: -0.9983 | L_Sent: 0.0001 | L_DAMSM: -0.9982 | L_KL: 0.2271 | Gamma_DAMSM: 5.0000 | Lambda_KL: 2.0000
Step [2261] | D_Loss: 0.9119 | G_Loss: 2.3511 | G_GAN: 6.8869 | L_Words: -0.9981 | L_Sent: 0.0001 | L_DAMSM: -0.9981 | L_KL: 0.2273 | Gamma_DAMSM: 5.0000 | Lambda_KL: 2.0000
Step [2262] | D_Loss: 0.5443 | G_Loss: 4.1677 | G_GAN: 8.7043 | L_Words: -0.9986 | L_Sent: 0.0001 | L_DAMSM: -0.9985 | L_KL: 0.2279 | Gamma_DAMSM: 5.0000 | Lambda_KL: 2.0000
Step [2263] | D_Loss: 0.8002 | G_Loss: 0.3011 | G_GAN: 4.8318 | L_Words: -0.9970 | L_Sent: 0.0001 | L_DAMSM: -0.9970 | L_KL: 0.2270 | Gamma_DAMSM: 5.0000 | Lambda_KL: 2.0000
Step [2264] | D_Loss: 0.7686 | G_Loss: 2.9632 | G_GAN: 7.4980 | L_Words: -0.9978 | L_Sent: 0.0001 | L_DAMSM: -0.9978 | L_KL: 0.2270 | Gamma_DAMSM: 5.0000 | Lambda_KL: 2.0000
Step [2265] | D_Loss: 0.5142 | G_Loss: 4.5236 | G_GAN: 9.0569 | L_Words: -0.9974 | L_Sent: 0.0001 | L_DAMSM: -0.9973 | L_KL: 0.2266 | Gamma_DAMSM: 5.0000 | Lambda_KL: 2.0000
Step [2266] | D_Loss: 0.2990 | G_Loss: 3.3044 | G_GAN: 7.8381 | L_Words: -0.9972 | L_Sent: 0.0000 | L_DAMSM: -0.9971 | L_KL: 0.2260 | Gamma_DAMSM: 5.0000 | Lambda_KL: 2.0000
Step [2267] | D_Loss: 0.7288 | G_Loss: 5.0923 | G_GAN: 9.6297 | L_Words: -0.9975 | L_Sent: 0.0001 | L_DAMSM: -0.9975 | L_KL: 0.2249 | Gamma_DAMSM: 5.0000 | Lambda_KL: 2.0000
Step [2268] | D_Loss: 0.7961 | G_Loss: 0.6288 | G_GAN: 5.1602 | L_Words: -0.9963 | L_Sent: 0.0001 | L_DAMSM: -0.9962 | L_KL: 0.2248 | Gamma_DAMSM: 5.0000 | Lambda_KL: 2.0000
Step [2269] | D_Loss: 0.3189 | G_Loss: 1.2988 | G_GAN: 5.8272 | L_Words: -0.9957 | L_Sent: 0.0001 | L_DAMSM: -0.9956 | L_KL: 0.2249 | Gamma_DAMSM: 5.0000 | Lambda_KL: 2.0000
Step [2270] | D_Loss: 0.9721 | G_Loss: 3.7703 | G_GAN: 8.3071 | L_Words: -0.9978 | L_Sent: 0.0001 | L_DAMSM: -0.9977 | L_KL: 0.2260 | Gamma_DAMSM: 5.0000 | Lambda_KL: 2.0000
Step [2271] | D_Loss: 0.3812 | G_Loss: 3.0595 | G_GAN: 7.5926 | L_Words: -0.9978 | L_Sent: 0.0001 | L_DAMSM: -0.9977 | L_KL: 0.2278 | Gamma_DAMSM: 5.0000 | Lambda_KL: 2.0000
Step [2272] | D_Loss: 0.5186 | G_Loss: 2.9074 | G_GAN: 7.4356 | L_Words: -0.9968 | L_Sent: 0.0000 | L_DAMSM: -0.9968 | L_KL: 0.2279 | Gamma_DAMSM: 5.0000 | Lambda_KL: 2.0000
Step [2273] | D_Loss: 0.2390 | G_Loss: 4.2110 | G_GAN: 8.7412 | L_Words: -0.9976 | L_Sent: 0.0001 | L_DAMSM: -0.9975 | L_KL: 0.2286 | Gamma_DAMSM: 5.0000 | Lambda_KL: 2.0000
Step [2274] | D_Loss: 1.1133 | G_Loss: 3.3838 | G_GAN: 7.9170 | L_Words: -0.9985 | L_Sent: 0.0001 | L_DAMSM: -0.9985 | L_KL: 0.2296 | Gamma_DAMSM: 5.0000 | Lambda_KL: 2.0000
Step [2275] | D_Loss: 0.8119 | G_Loss: 4.1286 | G_GAN: 8.6516 | L_Words: -0.9968 | L_Sent: 0.0001 | L_DAMSM: -0.9967 | L_KL: 0.2303 | Gamma_DAMSM: 5.0000 | Lambda_KL: 2.0000
Step [2276] | D_Loss: 0.3364 | G_Loss: 6.3580 | G_GAN: 10.8846 | L_Words: -0.9981 | L_Sent: 0.0000 | L_DAMSM: -0.9981 | L_KL: 0.2319 | Gamma_DAMSM: 5.0000 | Lambda_KL: 2.0000
Step [2277] | D_Loss: 0.2684 | G_Loss: 5.8287 | G_GAN: 10.3510 | L_Words: -0.9983 | L_Sent: 0.0000 | L_DAMSM: -0.9982 | L_KL: 0.2344 | Gamma_DAMSM: 5.0000 | Lambda_KL: 2.0000
Step [2278] | D_Loss: 0.3918 | G_Loss: 4.2578 | G_GAN: 8.7761 | L_Words: -0.9977 | L_Sent: 0.0001 | L_DAMSM: -0.9976 | L_KL: 0.2350 | Gamma_DAMSM: 5.0000 | Lambda_KL: 2.0000
Step [2279] | D_Loss: 0.6045 | G_Loss: 2.6684 | G_GAN: 7.1849 | L_Words: -0.9976 | L_Sent: 0.0001 | L_DAMSM: -0.9975 | L_KL: 0.2355 | Gamma_DAMSM: 5.0000 | Lambda_KL: 2.0000
Step [2280] | D_Loss: 0.6725 | G_Loss: 4.1948 | G_GAN: 8.7120 | L_Words: -0.9981 | L_Sent: 0.0001 | L_DAMSM: -0.9980 | L_KL: 0.2365 | Gamma_DAMSM: 5.0000 | Lambda_KL: 2.0000
Step [2281] | D_Loss: 1.1991 | G_Loss: 1.2383 | G_GAN: 5.7497 | L_Words: -0.9969 | L_Sent: 0.0001 | L_DAMSM: -0.9969 | L_KL: 0.2365 | Gamma_DAMSM: 5.0000 | Lambda_KL: 2.0000
Step [2282] | D_Loss: 1.5049 | G_Loss: 0.0638 | G_GAN: 4.5787 | L_Words: -0.9974 | L_Sent: 0.0001 | L_DAMSM: -0.9973 | L_KL: 0.2360 | Gamma_DAMSM: 5.0000 | Lambda_KL: 2.0000
Step [2283] | D_Loss: 1.0055 | G_Loss: 1.3386 | G_GAN: 5.8549 | L_Words: -0.9981 | L_Sent: 0.0001 | L_DAMSM: -0.9980 | L_KL: 0.2369 | Gamma_DAMSM: 5.0000 | Lambda_KL: 2.0000
Step [2284] | D_Loss: 0.7180 | G_Loss: 5.0099 | G_GAN: 9.5179 | L_Words: -0.9970 | L_Sent: 0.0001 | L_DAMSM: -0.9969 | L_KL: 0.2383 | Gamma_DAMSM: 5.0000 | Lambda_KL: 2.0000
Step [2285] | D_Loss: 0.3004 | G_Loss: 6.4623 | G_GAN: 10.9782 | L_Words: -0.9985 | L_Sent: 0.0001 | L_DAMSM: -0.9984 | L_KL: 0.2381 | Gamma_DAMSM: 5.0000 | Lambda_KL: 2.0000
Step [2286] | D_Loss: 0.8774 | G_Loss: 1.6636 | G_GAN: 6.1685 | L_Words: -0.9952 | L_Sent: 0.0001 | L_DAMSM: -0.9951 | L_KL: 0.2354 | Gamma_DAMSM: 5.0000 | Lambda_KL: 2.0000
Step [2287] | D_Loss: 0.2475 | G_Loss: 4.0405 | G_GAN: 8.5636 | L_Words: -0.9982 | L_Sent: 0.0001 | L_DAMSM: -0.9981 | L_KL: 0.2336 | Gamma_DAMSM: 5.0000 | Lambda_KL: 2.0000
Step [2288] | D_Loss: 0.5930 | G_Loss: 6.6289 | G_GAN: 11.1495 | L_Words: -0.9972 | L_Sent: 0.0000 | L_DAMSM: -0.9971 | L_KL: 0.2326 | Gamma_DAMSM: 5.0000 | Lambda_KL: 2.0000
Step [2289] | D_Loss: 0.3818 | G_Loss: 7.5398 | G_GAN: 12.0642 | L_Words: -0.9978 | L_Sent: 0.0001 | L_DAMSM: -0.9977 | L_KL: 0.2321 | Gamma_DAMSM: 5.0000 | Lambda_KL: 2.0000
Step [2290] | D_Loss: 0.3651 | G_Loss: 4.2372 | G_GAN: 8.7599 | L_Words: -0.9971 | L_Sent: 0.0001 | L_DAMSM: -0.9970 | L_KL: 0.2311 | Gamma_DAMSM: 5.0000 | Lambda_KL: 2.0000
Step [2291] | D_Loss: 0.7733 | G_Loss: 3.4321 | G_GAN: 7.9483 | L_Words: -0.9962 | L_Sent: 0.0006 | L_DAMSM: -0.9956 | L_KL: 0.2309 | Gamma_DAMSM: 5.0000 | Lambda_KL: 2.0000
Step [2292] | D_Loss: 0.8833 | G_Loss: 1.5738 | G_GAN: 6.1011 | L_Words: -0.9982 | L_Sent: 0.0002 | L_DAMSM: -0.9981 | L_KL: 0.2316 | Gamma_DAMSM: 5.0000 | Lambda_KL: 2.0000
Step [2293] | D_Loss: 0.7102 | G_Loss: 0.9526 | G_GAN: 5.4789 | L_Words: -0.9981 | L_Sent: 0.0000 | L_DAMSM: -0.9980 | L_KL: 0.2319 | Gamma_DAMSM: 5.0000 | Lambda_KL: 2.0000
Step [2294] | D_Loss: 0.4583 | G_Loss: 2.3540 | G_GAN: 6.8727 | L_Words: -0.9965 | L_Sent: 0.0002 | L_DAMSM: -0.9963 | L_KL: 0.2315 | Gamma_DAMSM: 5.0000 | Lambda_KL: 2.0000
Step [2295] | D_Loss: 0.3045 | G_Loss: 5.9841 | G_GAN: 10.5134 | L_Words: -0.9976 | L_Sent: 0.0004 | L_DAMSM: -0.9972 | L_KL: 0.2284 | Gamma_DAMSM: 5.0000 | Lambda_KL: 2.0000
Step [2296] | D_Loss: 0.5261 | G_Loss: 5.3038 | G_GAN: 9.8364 | L_Words: -0.9974 | L_Sent: 0.0001 | L_DAMSM: -0.9973 | L_KL: 0.2268 | Gamma_DAMSM: 5.0000 | Lambda_KL: 2.0000
Step [2297] | D_Loss: 0.1978 | G_Loss: 6.1386 | G_GAN: 10.6721 | L_Words: -0.9977 | L_Sent: 0.0001 | L_DAMSM: -0.9976 | L_KL: 0.2273 | Gamma_DAMSM: 5.0000 | Lambda_KL: 2.0000
Step [2298] | D_Loss: 0.6942 | G_Loss: 7.0654 | G_GAN: 11.5934 | L_Words: -0.9966 | L_Sent: 0.0001 | L_DAMSM: -0.9964 | L_KL: 0.2271 | Gamma_DAMSM: 5.0000 | Lambda_KL: 2.0000
Step [2299] | D_Loss: 1.1681 | G_Loss: 0.6854 | G_GAN: 5.2235 | L_Words: -0.9983 | L_Sent: 0.0000 | L_DAMSM: -0.9982 | L_KL: 0.2265 | Gamma_DAMSM: 5.0000 | Lambda_KL: 2.0000
Step [2300] | D_Loss: 0.8826 | G_Loss: 3.6664 | G_GAN: 8.1904 | L_Words: -0.9953 | L_Sent: 0.0001 | L_DAMSM: -0.9952 | L_KL: 0.2260 | Gamma_DAMSM: 5.0000 | Lambda_KL: 2.0000
Step [2301] | D_Loss: 0.5958 | G_Loss: 4.3203 | G_GAN: 8.8552 | L_Words: -0.9974 | L_Sent: 0.0001 | L_DAMSM: -0.9974 | L_KL: 0.2260 | Gamma_DAMSM: 5.0000 | Lambda_KL: 2.0000
Step [2302] | D_Loss: 0.9237 | G_Loss: 2.5335 | G_GAN: 7.0726 | L_Words: -0.9975 | L_Sent: 0.0000 | L_DAMSM: -0.9974 | L_KL: 0.2240 | Gamma_DAMSM: 5.0000 | Lambda_KL: 2.0000
Step [2303] | D_Loss: 0.8668 | G_Loss: 6.2587 | G_GAN: 10.8046 | L_Words: -0.9982 | L_Sent: 0.0001 | L_DAMSM: -0.9982 | L_KL: 0.2225 | Gamma_DAMSM: 5.0000 | Lambda_KL: 2.0000
Step [2304] | D_Loss: 1.3718 | G_Loss: 3.3995 | G_GAN: 7.9376 | L_Words: -0.9969 | L_Sent: 0.0001 | L_DAMSM: -0.9968 | L_KL: 0.2228 | Gamma_DAMSM: 5.0000 | Lambda_KL: 2.0000
Step [2305] | D_Loss: 0.8645 | G_Loss: -0.4028 | G_GAN: 4.1399 | L_Words: -0.9979 | L_Sent: 0.0000 | L_DAMSM: -0.9978 | L_KL: 0.2233 | Gamma_DAMSM: 5.0000 | Lambda_KL: 2.0000
Step [2306] | D_Loss: 0.8642 | G_Loss: 1.4829 | G_GAN: 6.0219 | L_Words: -0.9980 | L_Sent: 0.0001 | L_DAMSM: -0.9979 | L_KL: 0.2253 | Gamma_DAMSM: 5.0000 | Lambda_KL: 2.0000
Step [2307] | D_Loss: 0.4066 | G_Loss: 4.7057 | G_GAN: 9.2439 | L_Words: -0.9979 | L_Sent: 0.0001 | L_DAMSM: -0.9979 | L_KL: 0.2256 | Gamma_DAMSM: 5.0000 | Lambda_KL: 2.0000
Step [2308] | D_Loss: 0.5300 | G_Loss: 2.8763 | G_GAN: 7.4125 | L_Words: -0.9971 | L_Sent: 0.0000 | L_DAMSM: -0.9971 | L_KL: 0.2246 | Gamma_DAMSM: 5.0000 | Lambda_KL: 2.0000
Step [2309] | D_Loss: 0.7222 | G_Loss: 5.2256 | G_GAN: 9.7548 | L_Words: -0.9981 | L_Sent: 0.0001 | L_DAMSM: -0.9980 | L_KL: 0.2304 | Gamma_DAMSM: 5.0000 | Lambda_KL: 2.0000
Step [2310] | D_Loss: 1.4300 | G_Loss: 3.5134 | G_GAN: 8.0339 | L_Words: -0.9974 | L_Sent: 0.0001 | L_DAMSM: -0.9973 | L_KL: 0.2330 | Gamma_DAMSM: 5.0000 | Lambda_KL: 2.0000
Step [2311] | D_Loss: 1.2002 | G_Loss: 2.5605 | G_GAN: 7.0735 | L_Words: -0.9969 | L_Sent: 0.0001 | L_DAMSM: -0.9969 | L_KL: 0.2356 | Gamma_DAMSM: 5.0000 | Lambda_KL: 2.0000
Step [2312] | D_Loss: 0.6832 | G_Loss: 3.2210 | G_GAN: 7.7234 | L_Words: -0.9956 | L_Sent: 0.0001 | L_DAMSM: -0.9955 | L_KL: 0.2375 | Gamma_DAMSM: 5.0000 | Lambda_KL: 2.0000
Step [2313] | D_Loss: 0.3416 | G_Loss: 2.6691 | G_GAN: 7.1803 | L_Words: -0.9973 | L_Sent: 0.0001 | L_DAMSM: -0.9973 | L_KL: 0.2376 | Gamma_DAMSM: 5.0000 | Lambda_KL: 2.0000
Step [2314] | D_Loss: 0.3779 | G_Loss: 3.5056 | G_GAN: 8.0233 | L_Words: -0.9974 | L_Sent: 0.0001 | L_DAMSM: -0.9973 | L_KL: 0.2344 | Gamma_DAMSM: 5.0000 | Lambda_KL: 2.0000
Step [2315] | D_Loss: 0.3973 | G_Loss: 5.1163 | G_GAN: 9.6436 | L_Words: -0.9980 | L_Sent: 0.0001 | L_DAMSM: -0.9979 | L_KL: 0.2312 | Gamma_DAMSM: 5.0000 | Lambda_KL: 2.0000
Step [2316] | D_Loss: 0.3368 | G_Loss: 5.5612 | G_GAN: 10.0847 | L_Words: -0.9966 | L_Sent: 0.0001 | L_DAMSM: -0.9965 | L_KL: 0.2294 | Gamma_DAMSM: 5.0000 | Lambda_KL: 2.0000
Step [2317] | D_Loss: 0.5587 | G_Loss: 5.3095 | G_GAN: 9.8407 | L_Words: -0.9973 | L_Sent: 0.0000 | L_DAMSM: -0.9972 | L_KL: 0.2275 | Gamma_DAMSM: 5.0000 | Lambda_KL: 2.0000
Step [2318] | D_Loss: 0.3718 | G_Loss: 1.7247 | G_GAN: 6.2612 | L_Words: -0.9982 | L_Sent: 0.0001 | L_DAMSM: -0.9982 | L_KL: 0.2272 | Gamma_DAMSM: 5.0000 | Lambda_KL: 2.0000
Step [2319] | D_Loss: 0.5310 | G_Loss: 3.5390 | G_GAN: 8.0780 | L_Words: -0.9982 | L_Sent: 0.0000 | L_DAMSM: -0.9982 | L_KL: 0.2260 | Gamma_DAMSM: 5.0000 | Lambda_KL: 2.0000
Step [2320] | D_Loss: 0.5294 | G_Loss: 7.0585 | G_GAN: 11.5922 | L_Words: -0.9978 | L_Sent: 0.0001 | L_DAMSM: -0.9978 | L_KL: 0.2275 | Gamma_DAMSM: 5.0000 | Lambda_KL: 2.0000
Step [2321] | D_Loss: 0.2090 | G_Loss: 6.8787 | G_GAN: 11.4107 | L_Words: -0.9979 | L_Sent: 0.0000 | L_DAMSM: -0.9979 | L_KL: 0.2287 | Gamma_DAMSM: 5.0000 | Lambda_KL: 2.0000
Step [2322] | D_Loss: 0.2314 | G_Loss: 7.5834 | G_GAN: 12.1083 | L_Words: -0.9965 | L_Sent: 0.0000 | L_DAMSM: -0.9965 | L_KL: 0.2288 | Gamma_DAMSM: 5.0000 | Lambda_KL: 2.0000
Step [2323] | D_Loss: 0.6096 | G_Loss: 5.3311 | G_GAN: 9.8510 | L_Words: -0.9975 | L_Sent: 0.0001 | L_DAMSM: -0.9974 | L_KL: 0.2335 | Gamma_DAMSM: 5.0000 | Lambda_KL: 2.0000
Step [2324] | D_Loss: 0.9407 | G_Loss: -0.2311 | G_GAN: 4.2794 | L_Words: -0.9966 | L_Sent: 0.0000 | L_DAMSM: -0.9966 | L_KL: 0.2363 | Gamma_DAMSM: 5.0000 | Lambda_KL: 2.0000
Step [2325] | D_Loss: 0.9473 | G_Loss: 3.8752 | G_GAN: 8.3952 | L_Words: -0.9984 | L_Sent: 0.0000 | L_DAMSM: -0.9984 | L_KL: 0.2359 | Gamma_DAMSM: 5.0000 | Lambda_KL: 2.0000
Step [2326] | D_Loss: 0.2631 | G_Loss: 5.7644 | G_GAN: 10.2750 | L_Words: -0.9963 | L_Sent: 0.0001 | L_DAMSM: -0.9962 | L_KL: 0.2353 | Gamma_DAMSM: 5.0000 | Lambda_KL: 2.0000
Step [2327] | D_Loss: 0.3405 | G_Loss: 4.7590 | G_GAN: 9.2758 | L_Words: -0.9973 | L_Sent: 0.0001 | L_DAMSM: -0.9971 | L_KL: 0.2344 | Gamma_DAMSM: 5.0000 | Lambda_KL: 2.0000
Step [2328] | D_Loss: 0.8098 | G_Loss: 4.4141 | G_GAN: 8.9333 | L_Words: -0.9978 | L_Sent: 0.0001 | L_DAMSM: -0.9977 | L_KL: 0.2346 | Gamma_DAMSM: 5.0000 | Lambda_KL: 2.0000
Step [2329] | D_Loss: 0.5777 | G_Loss: 6.7442 | G_GAN: 11.2586 | L_Words: -0.9972 | L_Sent: 0.0004 | L_DAMSM: -0.9968 | L_KL: 0.2347 | Gamma_DAMSM: 5.0000 | Lambda_KL: 2.0000
Step [2330] | D_Loss: 0.8568 | G_Loss: 4.4305 | G_GAN: 8.9476 | L_Words: -0.9973 | L_Sent: 0.0001 | L_DAMSM: -0.9972 | L_KL: 0.2344 | Gamma_DAMSM: 5.0000 | Lambda_KL: 2.0000
Step [2331] | D_Loss: 0.8419 | G_Loss: 8.7326 | G_GAN: 13.2541 | L_Words: -0.9981 | L_Sent: 0.0001 | L_DAMSM: -0.9980 | L_KL: 0.2342 | Gamma_DAMSM: 5.0000 | Lambda_KL: 2.0000
Step [2332] | D_Loss: 0.3080 | G_Loss: 6.0781 | G_GAN: 10.5996 | L_Words: -0.9982 | L_Sent: 0.0001 | L_DAMSM: -0.9981 | L_KL: 0.2346 | Gamma_DAMSM: 5.0000 | Lambda_KL: 2.0000
Step [2333] | D_Loss: 0.1410 | G_Loss: 4.8601 | G_GAN: 9.3705 | L_Words: -0.9961 | L_Sent: 0.0000 | L_DAMSM: -0.9961 | L_KL: 0.2350 | Gamma_DAMSM: 5.0000 | Lambda_KL: 2.0000
Step [2334] | D_Loss: 0.5175 | G_Loss: 4.1142 | G_GAN: 8.6362 | L_Words: -0.9976 | L_Sent: 0.0001 | L_DAMSM: -0.9976 | L_KL: 0.2329 | Gamma_DAMSM: 5.0000 | Lambda_KL: 2.0000
Step [2335] | D_Loss: 0.1118 | G_Loss: 9.7952 | G_GAN: 14.3228 | L_Words: -0.9980 | L_Sent: 0.0001 | L_DAMSM: -0.9979 | L_KL: 0.2309 | Gamma_DAMSM: 5.0000 | Lambda_KL: 2.0000
Step [2336] | D_Loss: 1.4891 | G_Loss: 4.6470 | G_GAN: 9.1699 | L_Words: -0.9970 | L_Sent: 0.0001 | L_DAMSM: -0.9968 | L_KL: 0.2307 | Gamma_DAMSM: 5.0000 | Lambda_KL: 2.0000
Step [2337] | D_Loss: 0.1814 | G_Loss: 3.6050 | G_GAN: 8.1389 | L_Words: -0.9986 | L_Sent: 0.0000 | L_DAMSM: -0.9986 | L_KL: 0.2295 | Gamma_DAMSM: 5.0000 | Lambda_KL: 2.0000
Step [2338] | D_Loss: 0.5606 | G_Loss: 9.4643 | G_GAN: 13.9846 | L_Words: -0.9958 | L_Sent: 0.0001 | L_DAMSM: -0.9957 | L_KL: 0.2291 | Gamma_DAMSM: 5.0000 | Lambda_KL: 2.0000
Step [2339] | D_Loss: 0.2957 | G_Loss: 9.5124 | G_GAN: 14.0391 | L_Words: -0.9968 | L_Sent: 0.0001 | L_DAMSM: -0.9967 | L_KL: 0.2284 | Gamma_DAMSM: 5.0000 | Lambda_KL: 2.0000
Step [2340] | D_Loss: 1.4990 | G_Loss: 2.0104 | G_GAN: 6.5424 | L_Words: -0.9974 | L_Sent: 0.0001 | L_DAMSM: -0.9973 | L_KL: 0.2272 | Gamma_DAMSM: 5.0000 | Lambda_KL: 2.0000
Step [2341] | D_Loss: 0.5880 | G_Loss: 7.1792 | G_GAN: 11.7075 | L_Words: -0.9961 | L_Sent: 0.0001 | L_DAMSM: -0.9960 | L_KL: 0.2258 | Gamma_DAMSM: 5.0000 | Lambda_KL: 2.0000
Step [2342] | D_Loss: 0.3891 | G_Loss: 6.7202 | G_GAN: 11.2578 | L_Words: -0.9982 | L_Sent: 0.0001 | L_DAMSM: -0.9981 | L_KL: 0.2265 | Gamma_DAMSM: 5.0000 | Lambda_KL: 2.0000
Step [2343] | D_Loss: 0.1489 | G_Loss: 8.7102 | G_GAN: 13.2445 | L_Words: -0.9980 | L_Sent: 0.0001 | L_DAMSM: -0.9979 | L_KL: 0.2277 | Gamma_DAMSM: 5.0000 | Lambda_KL: 2.0000
Step [2344] | D_Loss: 0.1970 | G_Loss: 7.5088 | G_GAN: 12.0367 | L_Words: -0.9969 | L_Sent: 0.0002 | L_DAMSM: -0.9967 | L_KL: 0.2279 | Gamma_DAMSM: 5.0000 | Lambda_KL: 2.0000
Step [2345] | D_Loss: 0.4984 | G_Loss: 5.8376 | G_GAN: 10.3706 | L_Words: -0.9981 | L_Sent: 0.0001 | L_DAMSM: -0.9980 | L_KL: 0.2286 | Gamma_DAMSM: 5.0000 | Lambda_KL: 2.0000
Step [2346] | D_Loss: 0.5913 | G_Loss: 5.1258 | G_GAN: 9.6603 | L_Words: -0.9981 | L_Sent: 0.0001 | L_DAMSM: -0.9980 | L_KL: 0.2278 | Gamma_DAMSM: 5.0000 | Lambda_KL: 2.0000
Step [2347] | D_Loss: 1.0730 | G_Loss: 8.2205 | G_GAN: 12.7494 | L_Words: -0.9983 | L_Sent: 0.0021 | L_DAMSM: -0.9962 | L_KL: 0.2260 | Gamma_DAMSM: 5.0000 | Lambda_KL: 2.0000
Step [2348] | D_Loss: 0.1475 | G_Loss: 11.4883 | G_GAN: 16.0138 | L_Words: -0.9970 | L_Sent: 0.0018 | L_DAMSM: -0.9952 | L_KL: 0.2251 | Gamma_DAMSM: 5.0000 | Lambda_KL: 2.0000
Step [2349] | D_Loss: 0.7995 | G_Loss: 9.2146 | G_GAN: 13.7543 | L_Words: -0.9976 | L_Sent: 0.0001 | L_DAMSM: -0.9975 | L_KL: 0.2239 | Gamma_DAMSM: 5.0000 | Lambda_KL: 2.0000
Step [2350] | D_Loss: 0.5298 | G_Loss: 2.2672 | G_GAN: 6.8070 | L_Words: -0.9977 | L_Sent: 0.0001 | L_DAMSM: -0.9976 | L_KL: 0.2241 | Gamma_DAMSM: 5.0000 | Lambda_KL: 2.0000
Step [2351] | D_Loss: 0.6499 | G_Loss: 3.2000 | G_GAN: 7.7402 | L_Words: -0.9981 | L_Sent: 0.0001 | L_DAMSM: -0.9980 | L_KL: 0.2249 | Gamma_DAMSM: 5.0000 | Lambda_KL: 2.0000
Step [2352] | D_Loss: 0.4472 | G_Loss: 10.2522 | G_GAN: 14.7888 | L_Words: -0.9973 | L_Sent: 0.0001 | L_DAMSM: -0.9973 | L_KL: 0.2249 | Gamma_DAMSM: 5.0000 | Lambda_KL: 2.0000
Step [2353] | D_Loss: 0.4230 | G_Loss: 8.5939 | G_GAN: 13.1354 | L_Words: -0.9983 | L_Sent: 0.0001 | L_DAMSM: -0.9982 | L_KL: 0.2248 | Gamma_DAMSM: 5.0000 | Lambda_KL: 2.0000
Step [2354] | D_Loss: 0.1676 | G_Loss: 8.8636 | G_GAN: 13.3996 | L_Words: -0.9981 | L_Sent: 0.0000 | L_DAMSM: -0.9981 | L_KL: 0.2271 | Gamma_DAMSM: 5.0000 | Lambda_KL: 2.0000
Step [2355] | D_Loss: 0.8526 | G_Loss: 8.4131 | G_GAN: 12.9514 | L_Words: -0.9984 | L_Sent: 0.0001 | L_DAMSM: -0.9983 | L_KL: 0.2265 | Gamma_DAMSM: 5.0000 | Lambda_KL: 2.0000
Step [2356] | D_Loss: 0.8968 | G_Loss: 2.6012 | G_GAN: 7.1384 | L_Words: -0.9985 | L_Sent: 0.0000 | L_DAMSM: -0.9985 | L_KL: 0.2275 | Gamma_DAMSM: 5.0000 | Lambda_KL: 2.0000
Step [2357] | D_Loss: 0.2940 | G_Loss: 0.7621 | G_GAN: 5.2921 | L_Words: -0.9975 | L_Sent: 0.0001 | L_DAMSM: -0.9974 | L_KL: 0.2284 | Gamma_DAMSM: 5.0000 | Lambda_KL: 2.0000
Step [2358] | D_Loss: 0.7487 | G_Loss: 4.0867 | G_GAN: 8.6190 | L_Words: -0.9982 | L_Sent: 0.0002 | L_DAMSM: -0.9980 | L_KL: 0.2290 | Gamma_DAMSM: 5.0000 | Lambda_KL: 2.0000
Step [2359] | D_Loss: 1.5933 | G_Loss: 3.9025 | G_GAN: 8.4270 | L_Words: -0.9976 | L_Sent: 0.0000 | L_DAMSM: -0.9975 | L_KL: 0.2316 | Gamma_DAMSM: 5.0000 | Lambda_KL: 2.0000
Step [2360] | D_Loss: 0.7356 | G_Loss: 3.0395 | G_GAN: 7.5622 | L_Words: -0.9981 | L_Sent: 0.0001 | L_DAMSM: -0.9980 | L_KL: 0.2336 | Gamma_DAMSM: 5.0000 | Lambda_KL: 2.0000
Step [2361] | D_Loss: 0.5026 | G_Loss: 2.6288 | G_GAN: 7.1300 | L_Words: -0.9943 | L_Sent: 0.0001 | L_DAMSM: -0.9942 | L_KL: 0.2349 | Gamma_DAMSM: 5.0000 | Lambda_KL: 2.0000
Step [2362] | D_Loss: 0.6377 | G_Loss: 4.4606 | G_GAN: 8.9802 | L_Words: -0.9978 | L_Sent: 0.0001 | L_DAMSM: -0.9977 | L_KL: 0.2345 | Gamma_DAMSM: 5.0000 | Lambda_KL: 2.0000
Step [2363] | D_Loss: 0.5931 | G_Loss: 5.4076 | G_GAN: 9.9301 | L_Words: -0.9982 | L_Sent: 0.0002 | L_DAMSM: -0.9980 | L_KL: 0.2337 | Gamma_DAMSM: 5.0000 | Lambda_KL: 2.0000
Step [2364] | D_Loss: 0.6346 | G_Loss: 5.8706 | G_GAN: 10.3951 | L_Words: -0.9983 | L_Sent: 0.0001 | L_DAMSM: -0.9982 | L_KL: 0.2333 | Gamma_DAMSM: 5.0000 | Lambda_KL: 2.0000
Step [2365] | D_Loss: 0.2885 | G_Loss: 8.2814 | G_GAN: 12.7967 | L_Words: -0.9964 | L_Sent: 0.0001 | L_DAMSM: -0.9963 | L_KL: 0.2331 | Gamma_DAMSM: 5.0000 | Lambda_KL: 2.0000
Step [2366] | D_Loss: 0.6905 | G_Loss: 4.6057 | G_GAN: 9.1288 | L_Words: -0.9976 | L_Sent: 0.0001 | L_DAMSM: -0.9975 | L_KL: 0.2322 | Gamma_DAMSM: 5.0000 | Lambda_KL: 2.0000
Step [2367] | D_Loss: 0.7660 | G_Loss: 4.0518 | G_GAN: 8.5809 | L_Words: -0.9985 | L_Sent: 0.0000 | L_DAMSM: -0.9985 | L_KL: 0.2317 | Gamma_DAMSM: 5.0000 | Lambda_KL: 2.0000
Step [2368] | D_Loss: 0.2411 | G_Loss: 2.7900 | G_GAN: 7.3172 | L_Words: -0.9979 | L_Sent: 0.0002 | L_DAMSM: -0.9977 | L_KL: 0.2306 | Gamma_DAMSM: 5.0000 | Lambda_KL: 2.0000
Step [2369] | D_Loss: 0.6006 | G_Loss: 6.6746 | G_GAN: 11.1963 | L_Words: -0.9967 | L_Sent: 0.0001 | L_DAMSM: -0.9965 | L_KL: 0.2304 | Gamma_DAMSM: 5.0000 | Lambda_KL: 2.0000
Step [2370] | D_Loss: 1.0605 | G_Loss: 2.7942 | G_GAN: 7.3139 | L_Words: -0.9958 | L_Sent: 0.0001 | L_DAMSM: -0.9957 | L_KL: 0.2294 | Gamma_DAMSM: 5.0000 | Lambda_KL: 2.0000
Step [2371] | D_Loss: 0.8593 | G_Loss: 3.1290 | G_GAN: 7.6568 | L_Words: -0.9974 | L_Sent: 0.0001 | L_DAMSM: -0.9973 | L_KL: 0.2294 | Gamma_DAMSM: 5.0000 | Lambda_KL: 2.0000
Step [2372] | D_Loss: 0.3797 | G_Loss: 4.4417 | G_GAN: 8.9688 | L_Words: -0.9974 | L_Sent: 0.0001 | L_DAMSM: -0.9973 | L_KL: 0.2297 | Gamma_DAMSM: 5.0000 | Lambda_KL: 2.0000
Step [2373] | D_Loss: 0.3316 | G_Loss: 6.2307 | G_GAN: 10.7594 | L_Words: -0.9980 | L_Sent: 0.0001 | L_DAMSM: -0.9978 | L_KL: 0.2302 | Gamma_DAMSM: 5.0000 | Lambda_KL: 2.0000
Step [2374] | D_Loss: 0.1962 | G_Loss: 7.6915 | G_GAN: 12.2187 | L_Words: -0.9981 | L_Sent: 0.0001 | L_DAMSM: -0.9980 | L_KL: 0.2314 | Gamma_DAMSM: 5.0000 | Lambda_KL: 2.0000
Step [2375] | D_Loss: 0.1715 | G_Loss: 6.1560 | G_GAN: 10.6838 | L_Words: -0.9986 | L_Sent: 0.0001 | L_DAMSM: -0.9985 | L_KL: 0.2323 | Gamma_DAMSM: 5.0000 | Lambda_KL: 2.0000
Step [2376] | D_Loss: 0.5964 | G_Loss: 1.3905 | G_GAN: 5.9100 | L_Words: -0.9971 | L_Sent: 0.0001 | L_DAMSM: -0.9971 | L_KL: 0.2329 | Gamma_DAMSM: 5.0000 | Lambda_KL: 2.0000
Step [2377] | D_Loss: 0.6697 | G_Loss: 7.5682 | G_GAN: 12.0916 | L_Words: -0.9979 | L_Sent: 0.0001 | L_DAMSM: -0.9978 | L_KL: 0.2329 | Gamma_DAMSM: 5.0000 | Lambda_KL: 2.0000
Step [2378] | D_Loss: 0.6715 | G_Loss: 8.8338 | G_GAN: 13.3527 | L_Words: -0.9970 | L_Sent: 0.0001 | L_DAMSM: -0.9969 | L_KL: 0.2330 | Gamma_DAMSM: 5.0000 | Lambda_KL: 2.0000
Step [2379] | D_Loss: 0.6671 | G_Loss: 5.1303 | G_GAN: 9.6544 | L_Words: -0.9984 | L_Sent: 0.0001 | L_DAMSM: -0.9983 | L_KL: 0.2337 | Gamma_DAMSM: 5.0000 | Lambda_KL: 2.0000
Step [2380] | D_Loss: 0.4215 | G_Loss: 5.6189 | G_GAN: 10.1347 | L_Words: -0.9975 | L_Sent: 0.0001 | L_DAMSM: -0.9973 | L_KL: 0.2354 | Gamma_DAMSM: 5.0000 | Lambda_KL: 2.0000
Step [2381] | D_Loss: 0.6859 | G_Loss: 1.9173 | G_GAN: 6.4371 | L_Words: -0.9985 | L_Sent: 0.0001 | L_DAMSM: -0.9985 | L_KL: 0.2363 | Gamma_DAMSM: 5.0000 | Lambda_KL: 2.0000
Step [2382] | D_Loss: 0.6360 | G_Loss: 5.7888 | G_GAN: 10.3035 | L_Words: -0.9979 | L_Sent: 0.0001 | L_DAMSM: -0.9979 | L_KL: 0.2373 | Gamma_DAMSM: 5.0000 | Lambda_KL: 2.0000
Step [2383] | D_Loss: 0.3921 | G_Loss: 6.5643 | G_GAN: 11.0782 | L_Words: -0.9980 | L_Sent: 0.0001 | L_DAMSM: -0.9980 | L_KL: 0.2380 | Gamma_DAMSM: 5.0000 | Lambda_KL: 2.0000
Step [2384] | D_Loss: 0.3058 | G_Loss: 4.3457 | G_GAN: 8.8586 | L_Words: -0.9976 | L_Sent: 0.0001 | L_DAMSM: -0.9975 | L_KL: 0.2373 | Gamma_DAMSM: 5.0000 | Lambda_KL: 2.0000
Step [2385] | D_Loss: 0.2019 | G_Loss: 4.8757 | G_GAN: 9.3827 | L_Words: -0.9975 | L_Sent: 0.0001 | L_DAMSM: -0.9975 | L_KL: 0.2402 | Gamma_DAMSM: 5.0000 | Lambda_KL: 2.0000
Step [2386] | D_Loss: 0.6764 | G_Loss: 9.1422 | G_GAN: 13.6489 | L_Words: -0.9980 | L_Sent: 0.0000 | L_DAMSM: -0.9979 | L_KL: 0.2414 | Gamma_DAMSM: 5.0000 | Lambda_KL: 2.0000
Step [2387] | D_Loss: 1.5283 | G_Loss: 2.2636 | G_GAN: 6.7604 | L_Words: -0.9966 | L_Sent: 0.0001 | L_DAMSM: -0.9965 | L_KL: 0.2429 | Gamma_DAMSM: 5.0000 | Lambda_KL: 2.0000
Step [2388] | D_Loss: 1.4287 | G_Loss: 7.0044 | G_GAN: 11.5115 | L_Words: -0.9982 | L_Sent: 0.0000 | L_DAMSM: -0.9982 | L_KL: 0.2420 | Gamma_DAMSM: 5.0000 | Lambda_KL: 2.0000
Step [2389] | D_Loss: 0.5264 | G_Loss: 6.6833 | G_GAN: 11.1839 | L_Words: -0.9973 | L_Sent: 0.0000 | L_DAMSM: -0.9973 | L_KL: 0.2429 | Gamma_DAMSM: 5.0000 | Lambda_KL: 2.0000
Step [2390] | D_Loss: 0.2331 | G_Loss: 6.5868 | G_GAN: 11.0867 | L_Words: -0.9973 | L_Sent: 0.0000 | L_DAMSM: -0.9972 | L_KL: 0.2432 | Gamma_DAMSM: 5.0000 | Lambda_KL: 2.0000
Step [2391] | D_Loss: 0.3010 | G_Loss: 4.3292 | G_GAN: 8.8335 | L_Words: -0.9981 | L_Sent: 0.0001 | L_DAMSM: -0.9980 | L_KL: 0.2429 | Gamma_DAMSM: 5.0000 | Lambda_KL: 2.0000
Step [2392] | D_Loss: 0.4720 | G_Loss: 6.2920 | G_GAN: 10.7934 | L_Words: -0.9969 | L_Sent: 0.0000 | L_DAMSM: -0.9969 | L_KL: 0.2415 | Gamma_DAMSM: 5.0000 | Lambda_KL: 2.0000
Step [2393] | D_Loss: 1.1955 | G_Loss: 3.7726 | G_GAN: 8.2839 | L_Words: -0.9986 | L_Sent: 0.0000 | L_DAMSM: -0.9985 | L_KL: 0.2406 | Gamma_DAMSM: 5.0000 | Lambda_KL: 2.0000
Step [2394] | D_Loss: 0.3486 | G_Loss: 4.2177 | G_GAN: 8.7215 | L_Words: -0.9969 | L_Sent: 0.0001 | L_DAMSM: -0.9968 | L_KL: 0.2402 | Gamma_DAMSM: 5.0000 | Lambda_KL: 2.0000
Step [2395] | D_Loss: 0.6185 | G_Loss: 6.1070 | G_GAN: 10.6189 | L_Words: -0.9979 | L_Sent: 0.0001 | L_DAMSM: -0.9978 | L_KL: 0.2385 | Gamma_DAMSM: 5.0000 | Lambda_KL: 2.0000
Step [2396] | D_Loss: 0.8537 | G_Loss: 5.0960 | G_GAN: 9.6140 | L_Words: -0.9986 | L_Sent: 0.0000 | L_DAMSM: -0.9986 | L_KL: 0.2375 | Gamma_DAMSM: 5.0000 | Lambda_KL: 2.0000
Step [2397] | D_Loss: 0.5573 | G_Loss: 2.8448 | G_GAN: 7.3608 | L_Words: -0.9981 | L_Sent: 0.0001 | L_DAMSM: -0.9980 | L_KL: 0.2370 | Gamma_DAMSM: 5.0000 | Lambda_KL: 2.0000
Step [2398] | D_Loss: 0.5400 | G_Loss: 5.3771 | G_GAN: 9.8948 | L_Words: -0.9979 | L_Sent: 0.0001 | L_DAMSM: -0.9979 | L_KL: 0.2358 | Gamma_DAMSM: 5.0000 | Lambda_KL: 2.0000
Step [2399] | D_Loss: 1.6243 | G_Loss: 2.5965 | G_GAN: 7.1140 | L_Words: -0.9977 | L_Sent: 0.0001 | L_DAMSM: -0.9977 | L_KL: 0.2354 | Gamma_DAMSM: 5.0000 | Lambda_KL: 2.0000
Step [2400] | D_Loss: 0.5265 | G_Loss: 2.2400 | G_GAN: 6.7572 | L_Words: -0.9974 | L_Sent: 0.0002 | L_DAMSM: -0.9972 | L_KL: 0.2343 | Gamma_DAMSM: 5.0000 | Lambda_KL: 2.0000
Step [2401] | D_Loss: 1.6241 | G_Loss: 3.0558 | G_GAN: 7.5787 | L_Words: -0.9979 | L_Sent: 0.0001 | L_DAMSM: -0.9978 | L_KL: 0.2331 | Gamma_DAMSM: 5.0000 | Lambda_KL: 2.0000
Step [2402] | D_Loss: 1.2403 | G_Loss: 4.9136 | G_GAN: 9.4382 | L_Words: -0.9976 | L_Sent: 0.0001 | L_DAMSM: -0.9975 | L_KL: 0.2315 | Gamma_DAMSM: 5.0000 | Lambda_KL: 2.0000
Step [2403] | D_Loss: 0.9894 | G_Loss: 4.0351 | G_GAN: 8.5670 | L_Words: -0.9983 | L_Sent: 0.0000 | L_DAMSM: -0.9983 | L_KL: 0.2297 | Gamma_DAMSM: 5.0000 | Lambda_KL: 2.0000
Step [2404] | D_Loss: 0.7310 | G_Loss: 2.6451 | G_GAN: 7.1754 | L_Words: -0.9974 | L_Sent: 0.0001 | L_DAMSM: -0.9974 | L_KL: 0.2283 | Gamma_DAMSM: 5.0000 | Lambda_KL: 2.0000
Step [2405] | D_Loss: 0.8532 | G_Loss: 5.4353 | G_GAN: 9.9710 | L_Words: -0.9978 | L_Sent: 0.0001 | L_DAMSM: -0.9977 | L_KL: 0.2264 | Gamma_DAMSM: 5.0000 | Lambda_KL: 2.0000
Step [2406] | D_Loss: 0.2694 | G_Loss: 5.5033 | G_GAN: 10.0400 | L_Words: -0.9975 | L_Sent: 0.0001 | L_DAMSM: -0.9974 | L_KL: 0.2251 | Gamma_DAMSM: 5.0000 | Lambda_KL: 2.0000
Step [2407] | D_Loss: 0.6426 | G_Loss: 3.7829 | G_GAN: 8.3277 | L_Words: -0.9983 | L_Sent: 0.0000 | L_DAMSM: -0.9982 | L_KL: 0.2231 | Gamma_DAMSM: 5.0000 | Lambda_KL: 2.0000
Step [2408] | D_Loss: 0.5383 | G_Loss: 3.2370 | G_GAN: 7.7781 | L_Words: -0.9974 | L_Sent: 0.0001 | L_DAMSM: -0.9973 | L_KL: 0.2227 | Gamma_DAMSM: 5.0000 | Lambda_KL: 2.0000
Step [2409] | D_Loss: 1.7586 | G_Loss: 0.0404 | G_GAN: 4.5854 | L_Words: -0.9978 | L_Sent: 0.0002 | L_DAMSM: -0.9975 | L_KL: 0.2213 | Gamma_DAMSM: 5.0000 | Lambda_KL: 2.0000
Step [2410] | D_Loss: 0.8344 | G_Loss: 2.5462 | G_GAN: 7.0829 | L_Words: -0.9960 | L_Sent: 0.0001 | L_DAMSM: -0.9959 | L_KL: 0.2213 | Gamma_DAMSM: 5.0000 | Lambda_KL: 2.0000
Step [2411] | D_Loss: 1.3136 | G_Loss: 5.4254 | G_GAN: 9.9700 | L_Words: -0.9975 | L_Sent: 0.0001 | L_DAMSM: -0.9974 | L_KL: 0.2212 | Gamma_DAMSM: 5.0000 | Lambda_KL: 2.0000
Step [2412] | D_Loss: 1.0417 | G_Loss: 1.5631 | G_GAN: 6.1106 | L_Words: -0.9980 | L_Sent: 0.0001 | L_DAMSM: -0.9979 | L_KL: 0.2209 | Gamma_DAMSM: 5.0000 | Lambda_KL: 2.0000
Step [2413] | D_Loss: 0.6490 | G_Loss: 0.3792 | G_GAN: 4.9316 | L_Words: -0.9984 | L_Sent: 0.0001 | L_DAMSM: -0.9983 | L_KL: 0.2197 | Gamma_DAMSM: 5.0000 | Lambda_KL: 2.0000
Step [2414] | D_Loss: 1.1085 | G_Loss: 1.6409 | G_GAN: 6.1878 | L_Words: -0.9975 | L_Sent: 0.0000 | L_DAMSM: -0.9975 | L_KL: 0.2203 | Gamma_DAMSM: 5.0000 | Lambda_KL: 2.0000
Step [2415] | D_Loss: 0.6902 | G_Loss: 3.3772 | G_GAN: 7.9263 | L_Words: -0.9982 | L_Sent: 0.0001 | L_DAMSM: -0.9982 | L_KL: 0.2209 | Gamma_DAMSM: 5.0000 | Lambda_KL: 2.0000
Step [2416] | D_Loss: 0.8537 | G_Loss: 4.1847 | G_GAN: 8.7290 | L_Words: -0.9976 | L_Sent: 0.0001 | L_DAMSM: -0.9975 | L_KL: 0.2216 | Gamma_DAMSM: 5.0000 | Lambda_KL: 2.0000
Step [2417] | D_Loss: 1.0492 | G_Loss: 2.0838 | G_GAN: 6.6228 | L_Words: -0.9961 | L_Sent: 0.0001 | L_DAMSM: -0.9960 | L_KL: 0.2206 | Gamma_DAMSM: 5.0000 | Lambda_KL: 2.0000
Step [2418] | D_Loss: 0.9007 | G_Loss: 2.6280 | G_GAN: 7.1761 | L_Words: -0.9981 | L_Sent: 0.0001 | L_DAMSM: -0.9980 | L_KL: 0.2210 | Gamma_DAMSM: 5.0000 | Lambda_KL: 2.0000
Step [2419] | D_Loss: 0.6495 | G_Loss: 4.3437 | G_GAN: 8.8848 | L_Words: -0.9971 | L_Sent: 0.0000 | L_DAMSM: -0.9970 | L_KL: 0.2220 | Gamma_DAMSM: 5.0000 | Lambda_KL: 2.0000
Step [2420] | D_Loss: 0.5844 | G_Loss: 4.0172 | G_GAN: 8.5588 | L_Words: -0.9980 | L_Sent: 0.0009 | L_DAMSM: -0.9971 | L_KL: 0.2219 | Gamma_DAMSM: 5.0000 | Lambda_KL: 2.0000
Step [2421] | D_Loss: 0.8043 | G_Loss: 3.8747 | G_GAN: 8.4120 | L_Words: -0.9962 | L_Sent: 0.0001 | L_DAMSM: -0.9961 | L_KL: 0.2216 | Gamma_DAMSM: 5.0000 | Lambda_KL: 2.0000
Step [2422] | D_Loss: 0.3462 | G_Loss: 3.6530 | G_GAN: 8.1859 | L_Words: -0.9949 | L_Sent: 0.0006 | L_DAMSM: -0.9942 | L_KL: 0.2192 | Gamma_DAMSM: 5.0000 | Lambda_KL: 2.0000
Step [2423] | D_Loss: 0.5871 | G_Loss: 1.8882 | G_GAN: 6.4336 | L_Words: -0.9980 | L_Sent: 0.0001 | L_DAMSM: -0.9979 | L_KL: 0.2220 | Gamma_DAMSM: 5.0000 | Lambda_KL: 2.0000
Step [2424] | D_Loss: 0.2771 | G_Loss: 5.6595 | G_GAN: 10.2040 | L_Words: -0.9975 | L_Sent: 0.0001 | L_DAMSM: -0.9974 | L_KL: 0.2213 | Gamma_DAMSM: 5.0000 | Lambda_KL: 2.0000
Step [2425] | D_Loss: 0.1740 | G_Loss: 4.9165 | G_GAN: 9.4623 | L_Words: -0.9981 | L_Sent: 0.0001 | L_DAMSM: -0.9980 | L_KL: 0.2221 | Gamma_DAMSM: 5.0000 | Lambda_KL: 2.0000
Step [2426] | D_Loss: 0.2790 | G_Loss: 2.9046 | G_GAN: 7.4451 | L_Words: -0.9976 | L_Sent: 0.0001 | L_DAMSM: -0.9975 | L_KL: 0.2235 | Gamma_DAMSM: 5.0000 | Lambda_KL: 2.0000
Step [2427] | D_Loss: 0.6703 | G_Loss: 5.8968 | G_GAN: 10.4407 | L_Words: -0.9982 | L_Sent: 0.0001 | L_DAMSM: -0.9981 | L_KL: 0.2234 | Gamma_DAMSM: 5.0000 | Lambda_KL: 2.0000
Step [2428] | D_Loss: 0.6511 | G_Loss: 5.0433 | G_GAN: 9.5891 | L_Words: -0.9982 | L_Sent: 0.0003 | L_DAMSM: -0.9980 | L_KL: 0.2220 | Gamma_DAMSM: 5.0000 | Lambda_KL: 2.0000
Step [2429] | D_Loss: 1.2497 | G_Loss: 3.2309 | G_GAN: 7.7775 | L_Words: -0.9979 | L_Sent: 0.0001 | L_DAMSM: -0.9978 | L_KL: 0.2213 | Gamma_DAMSM: 5.0000 | Lambda_KL: 2.0000
Step [2430] | D_Loss: 0.3868 | G_Loss: 5.7884 | G_GAN: 10.3361 | L_Words: -0.9978 | L_Sent: 0.0001 | L_DAMSM: -0.9977 | L_KL: 0.2204 | Gamma_DAMSM: 5.0000 | Lambda_KL: 2.0000
Step [2431] | D_Loss: 0.7169 | G_Loss: 9.4289 | G_GAN: 13.9656 | L_Words: -0.9956 | L_Sent: 0.0001 | L_DAMSM: -0.9955 | L_KL: 0.2204 | Gamma_DAMSM: 5.0000 | Lambda_KL: 2.0000
Step [2432] | D_Loss: 0.8483 | G_Loss: 5.1489 | G_GAN: 9.6963 | L_Words: -0.9974 | L_Sent: 0.0001 | L_DAMSM: -0.9973 | L_KL: 0.2195 | Gamma_DAMSM: 5.0000 | Lambda_KL: 2.0000
Step [2433] | D_Loss: 0.9231 | G_Loss: 2.3541 | G_GAN: 6.9054 | L_Words: -0.9983 | L_Sent: 0.0001 | L_DAMSM: -0.9982 | L_KL: 0.2199 | Gamma_DAMSM: 5.0000 | Lambda_KL: 2.0000
Step [2434] | D_Loss: 1.4651 | G_Loss: 4.3740 | G_GAN: 8.9258 | L_Words: -0.9988 | L_Sent: 0.0001 | L_DAMSM: -0.9988 | L_KL: 0.2211 | Gamma_DAMSM: 5.0000 | Lambda_KL: 2.0000
Step [2435] | D_Loss: 0.7801 | G_Loss: 1.0109 | G_GAN: 5.5618 | L_Words: -0.9970 | L_Sent: 0.0001 | L_DAMSM: -0.9969 | L_KL: 0.2168 | Gamma_DAMSM: 5.0000 | Lambda_KL: 2.0000
Step [2436] | D_Loss: 1.2490 | G_Loss: 0.8553 | G_GAN: 5.4105 | L_Words: -0.9970 | L_Sent: 0.0001 | L_DAMSM: -0.9969 | L_KL: 0.2147 | Gamma_DAMSM: 5.0000 | Lambda_KL: 2.0000
Step [2437] | D_Loss: 0.9988 | G_Loss: 4.0123 | G_GAN: 8.5739 | L_Words: -0.9974 | L_Sent: 0.0002 | L_DAMSM: -0.9972 | L_KL: 0.2121 | Gamma_DAMSM: 5.0000 | Lambda_KL: 2.0000
Step [2438] | D_Loss: 0.2390 | G_Loss: 5.1509 | G_GAN: 9.7167 | L_Words: -0.9978 | L_Sent: 0.0001 | L_DAMSM: -0.9976 | L_KL: 0.2112 | Gamma_DAMSM: 5.0000 | Lambda_KL: 2.0000
Step [2439] | D_Loss: 0.6462 | G_Loss: 5.9906 | G_GAN: 10.5563 | L_Words: -0.9978 | L_Sent: 0.0001 | L_DAMSM: -0.9977 | L_KL: 0.2114 | Gamma_DAMSM: 5.0000 | Lambda_KL: 2.0000
Step [2440] | D_Loss: 1.2389 | G_Loss: -0.8042 | G_GAN: 3.7625 | L_Words: -0.9981 | L_Sent: 0.0001 | L_DAMSM: -0.9981 | L_KL: 0.2118 | Gamma_DAMSM: 5.0000 | Lambda_KL: 2.0000
Step [2441] | D_Loss: 0.8298 | G_Loss: 2.6696 | G_GAN: 7.2260 | L_Words: -0.9963 | L_Sent: 0.0001 | L_DAMSM: -0.9962 | L_KL: 0.2123 | Gamma_DAMSM: 5.0000 | Lambda_KL: 2.0000
Step [2442] | D_Loss: 0.4435 | G_Loss: 5.0637 | G_GAN: 9.6293 | L_Words: -0.9979 | L_Sent: 0.0001 | L_DAMSM: -0.9978 | L_KL: 0.2118 | Gamma_DAMSM: 5.0000 | Lambda_KL: 2.0000
Step [2443] | D_Loss: 0.4078 | G_Loss: 3.6965 | G_GAN: 8.2588 | L_Words: -0.9965 | L_Sent: 0.0001 | L_DAMSM: -0.9964 | L_KL: 0.2098 | Gamma_DAMSM: 5.0000 | Lambda_KL: 2.0000
Step [2444] | D_Loss: 0.2716 | G_Loss: 4.7532 | G_GAN: 9.3217 | L_Words: -0.9979 | L_Sent: 0.0001 | L_DAMSM: -0.9978 | L_KL: 0.2102 | Gamma_DAMSM: 5.0000 | Lambda_KL: 2.0000
Step [2445] | D_Loss: 0.5753 | G_Loss: 3.4477 | G_GAN: 8.0190 | L_Words: -0.9984 | L_Sent: 0.0000 | L_DAMSM: -0.9984 | L_KL: 0.2103 | Gamma_DAMSM: 5.0000 | Lambda_KL: 2.0000
Step [2446] | D_Loss: 2.1102 | G_Loss: -0.0538 | G_GAN: 4.5040 | L_Words: -0.9973 | L_Sent: 0.0001 | L_DAMSM: -0.9973 | L_KL: 0.2143 | Gamma_DAMSM: 5.0000 | Lambda_KL: 2.0000
Step [2447] | D_Loss: 0.8891 | G_Loss: 2.1508 | G_GAN: 6.7061 | L_Words: -0.9977 | L_Sent: 0.0000 | L_DAMSM: -0.9976 | L_KL: 0.2165 | Gamma_DAMSM: 5.0000 | Lambda_KL: 2.0000
Step [2448] | D_Loss: 1.0607 | G_Loss: 1.1209 | G_GAN: 5.6734 | L_Words: -0.9979 | L_Sent: 0.0001 | L_DAMSM: -0.9978 | L_KL: 0.2182 | Gamma_DAMSM: 5.0000 | Lambda_KL: 2.0000
Step [2449] | D_Loss: 0.9818 | G_Loss: 4.0880 | G_GAN: 8.6436 | L_Words: -0.9979 | L_Sent: 0.0001 | L_DAMSM: -0.9978 | L_KL: 0.2168 | Gamma_DAMSM: 5.0000 | Lambda_KL: 2.0000
Step [2450] | D_Loss: 0.7614 | G_Loss: 2.9263 | G_GAN: 7.4774 | L_Words: -0.9962 | L_Sent: 0.0001 | L_DAMSM: -0.9960 | L_KL: 0.2145 | Gamma_DAMSM: 5.0000 | Lambda_KL: 2.0000
Step [2451] | D_Loss: 0.3972 | G_Loss: 3.7428 | G_GAN: 8.3048 | L_Words: -0.9977 | L_Sent: 0.0000 | L_DAMSM: -0.9976 | L_KL: 0.2131 | Gamma_DAMSM: 5.0000 | Lambda_KL: 2.0000
Step [2452] | D_Loss: 0.8293 | G_Loss: 1.4846 | G_GAN: 6.0468 | L_Words: -0.9978 | L_Sent: 0.0001 | L_DAMSM: -0.9977 | L_KL: 0.2131 | Gamma_DAMSM: 5.0000 | Lambda_KL: 2.0000
Step [2453] | D_Loss: 0.3169 | G_Loss: 3.6736 | G_GAN: 8.2376 | L_Words: -0.9986 | L_Sent: 0.0003 | L_DAMSM: -0.9983 | L_KL: 0.2138 | Gamma_DAMSM: 5.0000 | Lambda_KL: 2.0000
Step [2454] | D_Loss: 0.6537 | G_Loss: 3.4747 | G_GAN: 8.0327 | L_Words: -0.9975 | L_Sent: 0.0001 | L_DAMSM: -0.9974 | L_KL: 0.2144 | Gamma_DAMSM: 5.0000 | Lambda_KL: 2.0000
Step [2455] | D_Loss: 0.5889 | G_Loss: 1.0117 | G_GAN: 5.5686 | L_Words: -0.9974 | L_Sent: 0.0001 | L_DAMSM: -0.9974 | L_KL: 0.2149 | Gamma_DAMSM: 5.0000 | Lambda_KL: 2.0000
Step [2456] | D_Loss: 0.5018 | G_Loss: 0.9696 | G_GAN: 5.5322 | L_Words: -0.9984 | L_Sent: 0.0001 | L_DAMSM: -0.9983 | L_KL: 0.2145 | Gamma_DAMSM: 5.0000 | Lambda_KL: 2.0000
Step [2457] | D_Loss: 0.2740 | G_Loss: 1.4189 | G_GAN: 5.9837 | L_Words: -0.9987 | L_Sent: 0.0000 | L_DAMSM: -0.9986 | L_KL: 0.2141 | Gamma_DAMSM: 5.0000 | Lambda_KL: 2.0000
Step [2458] | D_Loss: 0.9739 | G_Loss: 1.3193 | G_GAN: 5.8844 | L_Words: -0.9979 | L_Sent: 0.0001 | L_DAMSM: -0.9979 | L_KL: 0.2121 | Gamma_DAMSM: 5.0000 | Lambda_KL: 2.0000
Step [2459] | D_Loss: 0.5021 | G_Loss: 4.1936 | G_GAN: 8.7584 | L_Words: -0.9977 | L_Sent: 0.0001 | L_DAMSM: -0.9976 | L_KL: 0.2116 | Gamma_DAMSM: 5.0000 | Lambda_KL: 2.0000
Step [2460] | D_Loss: 0.2568 | G_Loss: 5.7775 | G_GAN: 10.3471 | L_Words: -0.9986 | L_Sent: 0.0001 | L_DAMSM: -0.9985 | L_KL: 0.2116 | Gamma_DAMSM: 5.0000 | Lambda_KL: 2.0000
Step [2461] | D_Loss: 0.3749 | G_Loss: 4.9745 | G_GAN: 9.5361 | L_Words: -0.9975 | L_Sent: 0.0001 | L_DAMSM: -0.9974 | L_KL: 0.2127 | Gamma_DAMSM: 5.0000 | Lambda_KL: 2.0000
Step [2462] | D_Loss: 0.7122 | G_Loss: 6.7188 | G_GAN: 11.2791 | L_Words: -0.9981 | L_Sent: 0.0000 | L_DAMSM: -0.9980 | L_KL: 0.2150 | Gamma_DAMSM: 5.0000 | Lambda_KL: 2.0000
Step [2463] | D_Loss: 0.2197 | G_Loss: 4.5303 | G_GAN: 9.0841 | L_Words: -0.9975 | L_Sent: 0.0001 | L_DAMSM: -0.9974 | L_KL: 0.2167 | Gamma_DAMSM: 5.0000 | Lambda_KL: 2.0000
Step [2464] | D_Loss: 0.3416 | G_Loss: 5.0309 | G_GAN: 9.5835 | L_Words: -0.9986 | L_Sent: 0.0001 | L_DAMSM: -0.9985 | L_KL: 0.2200 | Gamma_DAMSM: 5.0000 | Lambda_KL: 2.0000
Step [2465] | D_Loss: 0.8358 | G_Loss: 2.5995 | G_GAN: 7.1454 | L_Words: -0.9972 | L_Sent: 0.0002 | L_DAMSM: -0.9970 | L_KL: 0.2197 | Gamma_DAMSM: 5.0000 | Lambda_KL: 2.0000
Step [2466] | D_Loss: 0.8547 | G_Loss: 2.2146 | G_GAN: 6.7632 | L_Words: -0.9982 | L_Sent: 0.0001 | L_DAMSM: -0.9981 | L_KL: 0.2209 | Gamma_DAMSM: 5.0000 | Lambda_KL: 2.0000
Step [2467] | D_Loss: 0.2346 | G_Loss: 7.2937 | G_GAN: 11.8277 | L_Words: -0.9953 | L_Sent: 0.0004 | L_DAMSM: -0.9950 | L_KL: 0.2204 | Gamma_DAMSM: 5.0000 | Lambda_KL: 2.0000
Step [2468] | D_Loss: 0.1476 | G_Loss: 9.6157 | G_GAN: 14.1627 | L_Words: -0.9982 | L_Sent: 0.0003 | L_DAMSM: -0.9979 | L_KL: 0.2212 | Gamma_DAMSM: 5.0000 | Lambda_KL: 2.0000
Step [2469] | D_Loss: 0.1352 | G_Loss: 8.2693 | G_GAN: 12.8189 | L_Words: -0.9981 | L_Sent: 0.0001 | L_DAMSM: -0.9980 | L_KL: 0.2201 | Gamma_DAMSM: 5.0000 | Lambda_KL: 2.0000
Step [2470] | D_Loss: 2.1290 | G_Loss: -1.9744 | G_GAN: 2.5765 | L_Words: -0.9980 | L_Sent: 0.0002 | L_DAMSM: -0.9978 | L_KL: 0.2191 | Gamma_DAMSM: 5.0000 | Lambda_KL: 2.0000
Step [2471] | D_Loss: 0.8388 | G_Loss: 3.8710 | G_GAN: 8.4231 | L_Words: -0.9978 | L_Sent: 0.0001 | L_DAMSM: -0.9977 | L_KL: 0.2183 | Gamma_DAMSM: 5.0000 | Lambda_KL: 2.0000
Step [2472] | D_Loss: 1.0038 | G_Loss: 3.1700 | G_GAN: 7.7262 | L_Words: -0.9965 | L_Sent: 0.0001 | L_DAMSM: -0.9964 | L_KL: 0.2130 | Gamma_DAMSM: 5.0000 | Lambda_KL: 2.0000
Step [2473] | D_Loss: 0.4149 | G_Loss: 4.6367 | G_GAN: 9.2076 | L_Words: -0.9980 | L_Sent: 0.0001 | L_DAMSM: -0.9980 | L_KL: 0.2095 | Gamma_DAMSM: 5.0000 | Lambda_KL: 2.0000
Step [2474] | D_Loss: 0.7748 | G_Loss: 5.5203 | G_GAN: 10.0917 | L_Words: -0.9981 | L_Sent: 0.0002 | L_DAMSM: -0.9979 | L_KL: 0.2091 | Gamma_DAMSM: 5.0000 | Lambda_KL: 2.0000
Step [2475] | D_Loss: 0.2540 | G_Loss: 4.7083 | G_GAN: 9.2804 | L_Words: -0.9974 | L_Sent: 0.0001 | L_DAMSM: -0.9973 | L_KL: 0.2071 | Gamma_DAMSM: 5.0000 | Lambda_KL: 2.0000
Step [2476] | D_Loss: 0.7805 | G_Loss: 3.4281 | G_GAN: 8.0029 | L_Words: -0.9981 | L_Sent: 0.0001 | L_DAMSM: -0.9980 | L_KL: 0.2075 | Gamma_DAMSM: 5.0000 | Lambda_KL: 2.0000
Step [2477] | D_Loss: 0.4757 | G_Loss: 2.2698 | G_GAN: 6.8464 | L_Words: -0.9985 | L_Sent: 0.0001 | L_DAMSM: -0.9984 | L_KL: 0.2078 | Gamma_DAMSM: 5.0000 | Lambda_KL: 2.0000
Step [2478] | D_Loss: 0.2036 | G_Loss: 4.5332 | G_GAN: 9.1096 | L_Words: -0.9975 | L_Sent: 0.0002 | L_DAMSM: -0.9974 | L_KL: 0.2052 | Gamma_DAMSM: 5.0000 | Lambda_KL: 2.0000
Step [2479] | D_Loss: 0.9583 | G_Loss: 2.5875 | G_GAN: 7.1562 | L_Words: -0.9963 | L_Sent: 0.0002 | L_DAMSM: -0.9960 | L_KL: 0.2057 | Gamma_DAMSM: 5.0000 | Lambda_KL: 2.0000
Step [2480] | D_Loss: 0.5853 | G_Loss: 4.5566 | G_GAN: 9.1386 | L_Words: -0.9984 | L_Sent: 0.0001 | L_DAMSM: -0.9983 | L_KL: 0.2048 | Gamma_DAMSM: 5.0000 | Lambda_KL: 2.0000
Step [2481] | D_Loss: 1.1511 | G_Loss: 4.0929 | G_GAN: 8.6677 | L_Words: -0.9973 | L_Sent: 0.0001 | L_DAMSM: -0.9972 | L_KL: 0.2058 | Gamma_DAMSM: 5.0000 | Lambda_KL: 2.0000
Step [2482] | D_Loss: 0.4686 | G_Loss: 8.0226 | G_GAN: 12.6031 | L_Words: -0.9986 | L_Sent: 0.0001 | L_DAMSM: -0.9985 | L_KL: 0.2059 | Gamma_DAMSM: 5.0000 | Lambda_KL: 2.0000
Step [2483] | D_Loss: 0.4360 | G_Loss: 5.8824 | G_GAN: 10.4544 | L_Words: -0.9963 | L_Sent: 0.0001 | L_DAMSM: -0.9962 | L_KL: 0.2046 | Gamma_DAMSM: 5.0000 | Lambda_KL: 2.0000
Step [2484] | D_Loss: 0.7397 | G_Loss: 2.3144 | G_GAN: 6.8983 | L_Words: -0.9979 | L_Sent: 0.0001 | L_DAMSM: -0.9979 | L_KL: 0.2027 | Gamma_DAMSM: 5.0000 | Lambda_KL: 2.0000
Step [2485] | D_Loss: 0.6374 | G_Loss: 3.1214 | G_GAN: 7.6983 | L_Words: -0.9961 | L_Sent: 0.0001 | L_DAMSM: -0.9960 | L_KL: 0.2016 | Gamma_DAMSM: 5.0000 | Lambda_KL: 2.0000
Step [2486] | D_Loss: 0.8368 | G_Loss: 9.6669 | G_GAN: 14.2482 | L_Words: -0.9972 | L_Sent: 0.0001 | L_DAMSM: -0.9971 | L_KL: 0.2022 | Gamma_DAMSM: 5.0000 | Lambda_KL: 2.0000
Step [2487] | D_Loss: 0.1742 | G_Loss: 8.3870 | G_GAN: 12.9769 | L_Words: -0.9983 | L_Sent: 0.0001 | L_DAMSM: -0.9982 | L_KL: 0.2005 | Gamma_DAMSM: 5.0000 | Lambda_KL: 2.0000
Step [2488] | D_Loss: 1.1181 | G_Loss: 2.5261 | G_GAN: 7.1131 | L_Words: -0.9981 | L_Sent: 0.0001 | L_DAMSM: -0.9981 | L_KL: 0.2017 | Gamma_DAMSM: 5.0000 | Lambda_KL: 2.0000
Step [2489] | D_Loss: 0.9006 | G_Loss: 6.6487 | G_GAN: 11.2317 | L_Words: -0.9974 | L_Sent: 0.0001 | L_DAMSM: -0.9973 | L_KL: 0.2018 | Gamma_DAMSM: 5.0000 | Lambda_KL: 2.0000
Step [2490] | D_Loss: 0.2271 | G_Loss: 6.5252 | G_GAN: 11.1113 | L_Words: -0.9982 | L_Sent: 0.0002 | L_DAMSM: -0.9980 | L_KL: 0.2019 | Gamma_DAMSM: 5.0000 | Lambda_KL: 2.0000
Step [2491] | D_Loss: 0.5386 | G_Loss: 8.3208 | G_GAN: 12.8992 | L_Words: -0.9973 | L_Sent: 0.0001 | L_DAMSM: -0.9972 | L_KL: 0.2038 | Gamma_DAMSM: 5.0000 | Lambda_KL: 2.0000
Step [2492] | D_Loss: 0.6010 | G_Loss: 5.2815 | G_GAN: 9.8689 | L_Words: -0.9984 | L_Sent: 0.0001 | L_DAMSM: -0.9984 | L_KL: 0.2022 | Gamma_DAMSM: 5.0000 | Lambda_KL: 2.0000
Step [2493] | D_Loss: 0.4893 | G_Loss: 4.8525 | G_GAN: 9.4401 | L_Words: -0.9981 | L_Sent: 0.0001 | L_DAMSM: -0.9980 | L_KL: 0.2012 | Gamma_DAMSM: 5.0000 | Lambda_KL: 2.0000
Step [2494] | D_Loss: 0.4667 | G_Loss: 3.4895 | G_GAN: 8.0775 | L_Words: -0.9981 | L_Sent: 0.0001 | L_DAMSM: -0.9980 | L_KL: 0.2009 | Gamma_DAMSM: 5.0000 | Lambda_KL: 2.0000
Step [2495] | D_Loss: 0.3735 | G_Loss: 3.7438 | G_GAN: 8.3222 | L_Words: -0.9967 | L_Sent: 0.0001 | L_DAMSM: -0.9965 | L_KL: 0.2022 | Gamma_DAMSM: 5.0000 | Lambda_KL: 2.0000
Step [2496] | D_Loss: 0.3298 | G_Loss: 4.2877 | G_GAN: 8.8707 | L_Words: -0.9978 | L_Sent: 0.0001 | L_DAMSM: -0.9977 | L_KL: 0.2027 | Gamma_DAMSM: 5.0000 | Lambda_KL: 2.0000
Step [2497] | D_Loss: 0.2551 | G_Loss: 7.2450 | G_GAN: 11.8255 | L_Words: -0.9973 | L_Sent: 0.0001 | L_DAMSM: -0.9973 | L_KL: 0.2029 | Gamma_DAMSM: 5.0000 | Lambda_KL: 2.0000
Step [2498] | D_Loss: 0.4236 | G_Loss: 3.4424 | G_GAN: 8.0243 | L_Words: -0.9978 | L_Sent: 0.0001 | L_DAMSM: -0.9977 | L_KL: 0.2034 | Gamma_DAMSM: 5.0000 | Lambda_KL: 2.0000
Step [2499] | D_Loss: 0.3695 | G_Loss: 5.9973 | G_GAN: 10.5848 | L_Words: -0.9983 | L_Sent: 0.0001 | L_DAMSM: -0.9982 | L_KL: 0.2018 | Gamma_DAMSM: 5.0000 | Lambda_KL: 2.0000
Step [2500] | D_Loss: 0.4252 | G_Loss: 6.3278 | G_GAN: 10.9090 | L_Words: -0.9972 | L_Sent: 0.0001 | L_DAMSM: -0.9971 | L_KL: 0.2022 | Gamma_DAMSM: 5.0000 | Lambda_KL: 2.0000
Step [2501] | D_Loss: 1.0576 | G_Loss: 2.3153 | G_GAN: 6.8969 | L_Words: -0.9971 | L_Sent: 0.0001 | L_DAMSM: -0.9970 | L_KL: 0.2017 | Gamma_DAMSM: 5.0000 | Lambda_KL: 2.0000
Step [2502] | D_Loss: 0.8628 | G_Loss: 4.0779 | G_GAN: 8.6615 | L_Words: -0.9982 | L_Sent: 0.0001 | L_DAMSM: -0.9981 | L_KL: 0.2035 | Gamma_DAMSM: 5.0000 | Lambda_KL: 2.0000
Step [2503] | D_Loss: 1.1158 | G_Loss: 3.7836 | G_GAN: 8.3615 | L_Words: -0.9978 | L_Sent: 0.0001 | L_DAMSM: -0.9978 | L_KL: 0.2054 | Gamma_DAMSM: 5.0000 | Lambda_KL: 2.0000
Step [2504] | D_Loss: 0.6043 | G_Loss: 3.1376 | G_GAN: 7.7123 | L_Words: -0.9981 | L_Sent: 0.0000 | L_DAMSM: -0.9981 | L_KL: 0.2079 | Gamma_DAMSM: 5.0000 | Lambda_KL: 2.0000
Step [2505] | D_Loss: 0.6496 | G_Loss: 3.6191 | G_GAN: 8.1879 | L_Words: -0.9979 | L_Sent: 0.0000 | L_DAMSM: -0.9979 | L_KL: 0.2102 | Gamma_DAMSM: 5.0000 | Lambda_KL: 2.0000
Step [2506] | D_Loss: 0.5764 | G_Loss: 2.7132 | G_GAN: 7.2833 | L_Words: -0.9985 | L_Sent: 0.0000 | L_DAMSM: -0.9984 | L_KL: 0.2110 | Gamma_DAMSM: 5.0000 | Lambda_KL: 2.0000
Step [2507] | D_Loss: 0.5592 | G_Loss: 3.6840 | G_GAN: 8.2512 | L_Words: -0.9976 | L_Sent: 0.0001 | L_DAMSM: -0.9975 | L_KL: 0.2103 | Gamma_DAMSM: 5.0000 | Lambda_KL: 2.0000
Step [2508] | D_Loss: 0.6542 | G_Loss: 4.3182 | G_GAN: 8.8932 | L_Words: -0.9985 | L_Sent: 0.0000 | L_DAMSM: -0.9984 | L_KL: 0.2086 | Gamma_DAMSM: 5.0000 | Lambda_KL: 2.0000
Step [2509] | D_Loss: 0.7256 | G_Loss: 4.6866 | G_GAN: 9.2608 | L_Words: -0.9979 | L_Sent: 0.0001 | L_DAMSM: -0.9978 | L_KL: 0.2074 | Gamma_DAMSM: 5.0000 | Lambda_KL: 2.0000
Step [2510] | D_Loss: 0.4407 | G_Loss: 1.4692 | G_GAN: 6.0394 | L_Words: -0.9974 | L_Sent: 0.0000 | L_DAMSM: -0.9974 | L_KL: 0.2083 | Gamma_DAMSM: 5.0000 | Lambda_KL: 2.0000
Step [2511] | D_Loss: 0.4967 | G_Loss: 2.0514 | G_GAN: 6.6233 | L_Words: -0.9982 | L_Sent: 0.0001 | L_DAMSM: -0.9982 | L_KL: 0.2095 | Gamma_DAMSM: 5.0000 | Lambda_KL: 2.0000
Step [2512] | D_Loss: 0.5340 | G_Loss: 6.1838 | G_GAN: 10.7525 | L_Words: -0.9982 | L_Sent: 0.0000 | L_DAMSM: -0.9981 | L_KL: 0.2110 | Gamma_DAMSM: 5.0000 | Lambda_KL: 2.0000
Step [2513] | D_Loss: 0.2596 | G_Loss: 6.0644 | G_GAN: 10.6282 | L_Words: -0.9977 | L_Sent: 0.0000 | L_DAMSM: -0.9976 | L_KL: 0.2122 | Gamma_DAMSM: 5.0000 | Lambda_KL: 2.0000
Step [2514] | D_Loss: 0.1553 | G_Loss: 7.1236 | G_GAN: 11.6820 | L_Words: -0.9978 | L_Sent: 0.0001 | L_DAMSM: -0.9977 | L_KL: 0.2151 | Gamma_DAMSM: 5.0000 | Lambda_KL: 2.0000
Step [2515] | D_Loss: 0.6073 | G_Loss: 4.0246 | G_GAN: 8.5655 | L_Words: -0.9977 | L_Sent: 0.0001 | L_DAMSM: -0.9976 | L_KL: 0.2236 | Gamma_DAMSM: 5.0000 | Lambda_KL: 2.0000
Step [2516] | D_Loss: 0.6025 | G_Loss: 1.3024 | G_GAN: 5.8330 | L_Words: -0.9973 | L_Sent: 0.0001 | L_DAMSM: -0.9973 | L_KL: 0.2278 | Gamma_DAMSM: 5.0000 | Lambda_KL: 2.0000
Step [2517] | D_Loss: 0.8275 | G_Loss: 8.5255 | G_GAN: 13.0575 | L_Words: -0.9984 | L_Sent: 0.0000 | L_DAMSM: -0.9984 | L_KL: 0.2299 | Gamma_DAMSM: 5.0000 | Lambda_KL: 2.0000
Step [2518] | D_Loss: 0.3738 | G_Loss: 10.4477 | G_GAN: 14.9748 | L_Words: -0.9973 | L_Sent: 0.0000 | L_DAMSM: -0.9972 | L_KL: 0.2295 | Gamma_DAMSM: 5.0000 | Lambda_KL: 2.0000
Step [2519] | D_Loss: 0.3416 | G_Loss: 7.8160 | G_GAN: 12.3428 | L_Words: -0.9979 | L_Sent: 0.0001 | L_DAMSM: -0.9978 | L_KL: 0.2311 | Gamma_DAMSM: 5.0000 | Lambda_KL: 2.0000
Step [2520] | D_Loss: 0.1879 | G_Loss: 8.6498 | G_GAN: 13.1741 | L_Words: -0.9981 | L_Sent: 0.0000 | L_DAMSM: -0.9981 | L_KL: 0.2330 | Gamma_DAMSM: 5.0000 | Lambda_KL: 2.0000
Step [2521] | D_Loss: 0.7852 | G_Loss: 6.7368 | G_GAN: 11.2418 | L_Words: -0.9964 | L_Sent: 0.0001 | L_DAMSM: -0.9963 | L_KL: 0.2382 | Gamma_DAMSM: 5.0000 | Lambda_KL: 2.0000
Step [2522] | D_Loss: 0.4459 | G_Loss: 7.8003 | G_GAN: 12.3024 | L_Words: -0.9982 | L_Sent: 0.0001 | L_DAMSM: -0.9980 | L_KL: 0.2440 | Gamma_DAMSM: 5.0000 | Lambda_KL: 2.0000
Step [2523] | D_Loss: 0.2689 | G_Loss: 8.7333 | G_GAN: 13.2186 | L_Words: -0.9977 | L_Sent: 0.0001 | L_DAMSM: -0.9976 | L_KL: 0.2513 | Gamma_DAMSM: 5.0000 | Lambda_KL: 2.0000
Step [2524] | D_Loss: 0.8950 | G_Loss: 6.1503 | G_GAN: 10.6460 | L_Words: -0.9971 | L_Sent: 0.0001 | L_DAMSM: -0.9970 | L_KL: 0.2447 | Gamma_DAMSM: 5.0000 | Lambda_KL: 2.0000
Step [2525] | D_Loss: 0.4077 | G_Loss: 10.3726 | G_GAN: 14.8701 | L_Words: -0.9971 | L_Sent: 0.0001 | L_DAMSM: -0.9971 | L_KL: 0.2439 | Gamma_DAMSM: 5.0000 | Lambda_KL: 2.0000
Step [2526] | D_Loss: 0.4208 | G_Loss: 9.3790 | G_GAN: 13.8827 | L_Words: -0.9978 | L_Sent: 0.0001 | L_DAMSM: -0.9977 | L_KL: 0.2425 | Gamma_DAMSM: 5.0000 | Lambda_KL: 2.0000
Step [2527] | D_Loss: 1.5597 | G_Loss: 4.5556 | G_GAN: 9.0579 | L_Words: -0.9976 | L_Sent: 0.0001 | L_DAMSM: -0.9975 | L_KL: 0.2427 | Gamma_DAMSM: 5.0000 | Lambda_KL: 2.0000
Step [2528] | D_Loss: 0.7248 | G_Loss: 2.8546 | G_GAN: 7.3617 | L_Words: -0.9984 | L_Sent: 0.0000 | L_DAMSM: -0.9984 | L_KL: 0.2423 | Gamma_DAMSM: 5.0000 | Lambda_KL: 2.0000
Step [2529] | D_Loss: 0.2596 | G_Loss: 7.5873 | G_GAN: 12.0929 | L_Words: -0.9984 | L_Sent: 0.0000 | L_DAMSM: -0.9984 | L_KL: 0.2431 | Gamma_DAMSM: 5.0000 | Lambda_KL: 2.0000
Step [2530] | D_Loss: 0.3371 | G_Loss: 7.3931 | G_GAN: 11.8933 | L_Words: -0.9981 | L_Sent: 0.0000 | L_DAMSM: -0.9981 | L_KL: 0.2452 | Gamma_DAMSM: 5.0000 | Lambda_KL: 2.0000
Step [2531] | D_Loss: 0.3586 | G_Loss: 7.0162 | G_GAN: 11.5084 | L_Words: -0.9972 | L_Sent: 0.0001 | L_DAMSM: -0.9972 | L_KL: 0.2469 | Gamma_DAMSM: 5.0000 | Lambda_KL: 2.0000
Step [2532] | D_Loss: 0.1688 | G_Loss: 6.2219 | G_GAN: 10.7169 | L_Words: -0.9982 | L_Sent: 0.0000 | L_DAMSM: -0.9981 | L_KL: 0.2478 | Gamma_DAMSM: 5.0000 | Lambda_KL: 2.0000
Step [2533] | D_Loss: 0.5936 | G_Loss: 3.7410 | G_GAN: 8.2349 | L_Words: -0.9980 | L_Sent: 0.0001 | L_DAMSM: -0.9980 | L_KL: 0.2480 | Gamma_DAMSM: 5.0000 | Lambda_KL: 2.0000
Step [2534] | D_Loss: 0.2631 | G_Loss: 4.8124 | G_GAN: 9.3130 | L_Words: -0.9982 | L_Sent: 0.0000 | L_DAMSM: -0.9982 | L_KL: 0.2451 | Gamma_DAMSM: 5.0000 | Lambda_KL: 2.0000
Step [2535] | D_Loss: 0.4584 | G_Loss: 7.2692 | G_GAN: 11.7707 | L_Words: -0.9977 | L_Sent: 0.0001 | L_DAMSM: -0.9976 | L_KL: 0.2432 | Gamma_DAMSM: 5.0000 | Lambda_KL: 2.0000
Step [2536] | D_Loss: 0.5948 | G_Loss: 4.7976 | G_GAN: 9.3033 | L_Words: -0.9979 | L_Sent: 0.0001 | L_DAMSM: -0.9979 | L_KL: 0.2418 | Gamma_DAMSM: 5.0000 | Lambda_KL: 2.0000
Step [2537] | D_Loss: 0.3105 | G_Loss: 6.8229 | G_GAN: 11.3386 | L_Words: -0.9981 | L_Sent: 0.0000 | L_DAMSM: -0.9981 | L_KL: 0.2373 | Gamma_DAMSM: 5.0000 | Lambda_KL: 2.0000
Step [2538] | D_Loss: 0.2462 | G_Loss: 8.8353 | G_GAN: 13.3525 | L_Words: -0.9976 | L_Sent: 0.0001 | L_DAMSM: -0.9976 | L_KL: 0.2353 | Gamma_DAMSM: 5.0000 | Lambda_KL: 2.0000
Step [2539] | D_Loss: 0.1237 | G_Loss: 10.4589 | G_GAN: 14.9783 | L_Words: -0.9978 | L_Sent: 0.0000 | L_DAMSM: -0.9977 | L_KL: 0.2346 | Gamma_DAMSM: 5.0000 | Lambda_KL: 2.0000
Step [2540] | D_Loss: 0.5264 | G_Loss: 5.5091 | G_GAN: 10.0353 | L_Words: -0.9984 | L_Sent: 0.0001 | L_DAMSM: -0.9984 | L_KL: 0.2328 | Gamma_DAMSM: 5.0000 | Lambda_KL: 2.0000
Step [2541] | D_Loss: 0.6402 | G_Loss: 8.0333 | G_GAN: 12.5561 | L_Words: -0.9969 | L_Sent: 0.0001 | L_DAMSM: -0.9968 | L_KL: 0.2307 | Gamma_DAMSM: 5.0000 | Lambda_KL: 2.0000
Step [2542] | D_Loss: 1.1913 | G_Loss: 8.0234 | G_GAN: 12.5444 | L_Words: -0.9970 | L_Sent: 0.0001 | L_DAMSM: -0.9969 | L_KL: 0.2317 | Gamma_DAMSM: 5.0000 | Lambda_KL: 2.0000
Step [2543] | D_Loss: 0.1015 | G_Loss: 7.5295 | G_GAN: 12.0440 | L_Words: -0.9964 | L_Sent: 0.0001 | L_DAMSM: -0.9963 | L_KL: 0.2335 | Gamma_DAMSM: 5.0000 | Lambda_KL: 2.0000
Step [2544] | D_Loss: 0.7345 | G_Loss: 2.8660 | G_GAN: 7.3784 | L_Words: -0.9964 | L_Sent: 0.0001 | L_DAMSM: -0.9963 | L_KL: 0.2345 | Gamma_DAMSM: 5.0000 | Lambda_KL: 2.0000
Step [2545] | D_Loss: 0.8589 | G_Loss: 5.9482 | G_GAN: 10.4642 | L_Words: -0.9975 | L_Sent: 0.0001 | L_DAMSM: -0.9974 | L_KL: 0.2355 | Gamma_DAMSM: 5.0000 | Lambda_KL: 2.0000
Step [2546] | D_Loss: 0.5765 | G_Loss: 6.6494 | G_GAN: 11.1701 | L_Words: -0.9982 | L_Sent: 0.0000 | L_DAMSM: -0.9982 | L_KL: 0.2351 | Gamma_DAMSM: 5.0000 | Lambda_KL: 2.0000
Step [2547] | D_Loss: 0.3939 | G_Loss: 5.5136 | G_GAN: 10.0338 | L_Words: -0.9980 | L_Sent: 0.0000 | L_DAMSM: -0.9979 | L_KL: 0.2347 | Gamma_DAMSM: 5.0000 | Lambda_KL: 2.0000
Step [2548] | D_Loss: 0.9657 | G_Loss: 4.2050 | G_GAN: 8.7207 | L_Words: -0.9979 | L_Sent: 0.0001 | L_DAMSM: -0.9978 | L_KL: 0.2367 | Gamma_DAMSM: 5.0000 | Lambda_KL: 2.0000
Step [2549] | D_Loss: 1.3979 | G_Loss: 5.7817 | G_GAN: 10.2962 | L_Words: -0.9978 | L_Sent: 0.0001 | L_DAMSM: -0.9977 | L_KL: 0.2371 | Gamma_DAMSM: 5.0000 | Lambda_KL: 2.0000
Step [2550] | D_Loss: 0.2413 | G_Loss: 2.4693 | G_GAN: 6.9750 | L_Words: -0.9975 | L_Sent: 0.0000 | L_DAMSM: -0.9975 | L_KL: 0.2408 | Gamma_DAMSM: 5.0000 | Lambda_KL: 2.0000
Step [2551] | D_Loss: 0.2366 | G_Loss: 7.7252 | G_GAN: 12.2334 | L_Words: -0.9987 | L_Sent: 0.0001 | L_DAMSM: -0.9987 | L_KL: 0.2426 | Gamma_DAMSM: 5.0000 | Lambda_KL: 2.0000
Step [2552] | D_Loss: 0.1534 | G_Loss: 9.7548 | G_GAN: 14.2604 | L_Words: -0.9977 | L_Sent: 0.0001 | L_DAMSM: -0.9976 | L_KL: 0.2411 | Gamma_DAMSM: 5.0000 | Lambda_KL: 2.0000
Step [2553] | D_Loss: 0.3486 | G_Loss: 4.4707 | G_GAN: 8.9720 | L_Words: -0.9971 | L_Sent: 0.0002 | L_DAMSM: -0.9969 | L_KL: 0.2416 | Gamma_DAMSM: 5.0000 | Lambda_KL: 2.0000
Step [2554] | D_Loss: 1.0435 | G_Loss: 4.1659 | G_GAN: 8.6756 | L_Words: -0.9978 | L_Sent: 0.0000 | L_DAMSM: -0.9978 | L_KL: 0.2396 | Gamma_DAMSM: 5.0000 | Lambda_KL: 2.0000
Step [2555] | D_Loss: 0.3942 | G_Loss: 4.8929 | G_GAN: 9.4030 | L_Words: -0.9976 | L_Sent: 0.0000 | L_DAMSM: -0.9976 | L_KL: 0.2389 | Gamma_DAMSM: 5.0000 | Lambda_KL: 2.0000
Step [2556] | D_Loss: 0.6672 | G_Loss: 7.4672 | G_GAN: 11.9755 | L_Words: -0.9981 | L_Sent: 0.0001 | L_DAMSM: -0.9980 | L_KL: 0.2408 | Gamma_DAMSM: 5.0000 | Lambda_KL: 2.0000
Step [2557] | D_Loss: 0.1737 | G_Loss: 9.1822 | G_GAN: 13.6892 | L_Words: -0.9971 | L_Sent: 0.0001 | L_DAMSM: -0.9971 | L_KL: 0.2392 | Gamma_DAMSM: 5.0000 | Lambda_KL: 2.0000
Step [2558] | D_Loss: 0.4858 | G_Loss: 5.0042 | G_GAN: 9.5159 | L_Words: -0.9973 | L_Sent: 0.0001 | L_DAMSM: -0.9972 | L_KL: 0.2371 | Gamma_DAMSM: 5.0000 | Lambda_KL: 2.0000
Step [2559] | D_Loss: 0.6093 | G_Loss: 4.6223 | G_GAN: 9.1423 | L_Words: -0.9980 | L_Sent: 0.0001 | L_DAMSM: -0.9979 | L_KL: 0.2349 | Gamma_DAMSM: 5.0000 | Lambda_KL: 2.0000
Step [2560] | D_Loss: 0.5892 | G_Loss: 5.2349 | G_GAN: 9.7538 | L_Words: -0.9978 | L_Sent: 0.0000 | L_DAMSM: -0.9978 | L_KL: 0.2351 | Gamma_DAMSM: 5.0000 | Lambda_KL: 2.0000
Step [2561] | D_Loss: 0.3196 | G_Loss: 11.0782 | G_GAN: 15.6000 | L_Words: -0.9978 | L_Sent: 0.0000 | L_DAMSM: -0.9977 | L_KL: 0.2335 | Gamma_DAMSM: 5.0000 | Lambda_KL: 2.0000
Step [2562] | D_Loss: 0.2303 | G_Loss: 7.0604 | G_GAN: 11.5863 | L_Words: -0.9986 | L_Sent: 0.0001 | L_DAMSM: -0.9985 | L_KL: 0.2334 | Gamma_DAMSM: 5.0000 | Lambda_KL: 2.0000
Step [2563] | D_Loss: 0.1212 | G_Loss: 8.6672 | G_GAN: 13.1919 | L_Words: -0.9983 | L_Sent: 0.0000 | L_DAMSM: -0.9983 | L_KL: 0.2334 | Gamma_DAMSM: 5.0000 | Lambda_KL: 2.0000
Step [2564] | D_Loss: 0.4386 | G_Loss: 9.2461 | G_GAN: 13.7757 | L_Words: -0.9985 | L_Sent: 0.0001 | L_DAMSM: -0.9985 | L_KL: 0.2314 | Gamma_DAMSM: 5.0000 | Lambda_KL: 2.0000
Step [2565] | D_Loss: 0.3512 | G_Loss: 7.6711 | G_GAN: 12.2016 | L_Words: -0.9984 | L_Sent: 0.0001 | L_DAMSM: -0.9984 | L_KL: 0.2307 | Gamma_DAMSM: 5.0000 | Lambda_KL: 2.0000
Step [2566] | D_Loss: 0.0900 | G_Loss: 10.0809 | G_GAN: 14.5923 | L_Words: -0.9950 | L_Sent: 0.0000 | L_DAMSM: -0.9949 | L_KL: 0.2316 | Gamma_DAMSM: 5.0000 | Lambda_KL: 2.0000
Step [2567] | D_Loss: 0.4631 | G_Loss: 5.2255 | G_GAN: 9.7556 | L_Words: -0.9978 | L_Sent: 0.0000 | L_DAMSM: -0.9977 | L_KL: 0.2293 | Gamma_DAMSM: 5.0000 | Lambda_KL: 2.0000
Step [2568] | D_Loss: 0.4898 | G_Loss: 4.4010 | G_GAN: 8.9236 | L_Words: -0.9965 | L_Sent: 0.0001 | L_DAMSM: -0.9964 | L_KL: 0.2296 | Gamma_DAMSM: 5.0000 | Lambda_KL: 2.0000
Step [2569] | D_Loss: 0.4525 | G_Loss: 4.5759 | G_GAN: 9.1025 | L_Words: -0.9977 | L_Sent: 0.0001 | L_DAMSM: -0.9976 | L_KL: 0.2308 | Gamma_DAMSM: 5.0000 | Lambda_KL: 2.0000
Step [2570] | D_Loss: 0.8296 | G_Loss: 6.4861 | G_GAN: 11.0120 | L_Words: -0.9976 | L_Sent: 0.0000 | L_DAMSM: -0.9975 | L_KL: 0.2308 | Gamma_DAMSM: 5.0000 | Lambda_KL: 2.0000
Step [2571] | D_Loss: 0.4422 | G_Loss: 3.5912 | G_GAN: 8.1152 | L_Words: -0.9955 | L_Sent: 0.0001 | L_DAMSM: -0.9954 | L_KL: 0.2265 | Gamma_DAMSM: 5.0000 | Lambda_KL: 2.0000
Step [2572] | D_Loss: 0.3851 | G_Loss: 5.5489 | G_GAN: 10.0913 | L_Words: -0.9984 | L_Sent: 0.0001 | L_DAMSM: -0.9983 | L_KL: 0.2246 | Gamma_DAMSM: 5.0000 | Lambda_KL: 2.0000
Step [2573] | D_Loss: 0.4806 | G_Loss: 9.4868 | G_GAN: 14.0329 | L_Words: -0.9986 | L_Sent: 0.0000 | L_DAMSM: -0.9985 | L_KL: 0.2233 | Gamma_DAMSM: 5.0000 | Lambda_KL: 2.0000
Step [2574] | D_Loss: 0.5425 | G_Loss: 6.6055 | G_GAN: 11.1424 | L_Words: -0.9969 | L_Sent: 0.0001 | L_DAMSM: -0.9968 | L_KL: 0.2236 | Gamma_DAMSM: 5.0000 | Lambda_KL: 2.0000
Step [2575] | D_Loss: 0.2361 | G_Loss: 7.0657 | G_GAN: 11.6079 | L_Words: -0.9977 | L_Sent: 0.0000 | L_DAMSM: -0.9976 | L_KL: 0.2230 | Gamma_DAMSM: 5.0000 | Lambda_KL: 2.0000
Step [2576] | D_Loss: 0.4394 | G_Loss: 4.1176 | G_GAN: 8.6554 | L_Words: -0.9979 | L_Sent: 0.0000 | L_DAMSM: -0.9979 | L_KL: 0.2258 | Gamma_DAMSM: 5.0000 | Lambda_KL: 2.0000
Step [2577] | D_Loss: 0.6273 | G_Loss: 5.2073 | G_GAN: 9.7434 | L_Words: -0.9986 | L_Sent: 0.0000 | L_DAMSM: -0.9986 | L_KL: 0.2284 | Gamma_DAMSM: 5.0000 | Lambda_KL: 2.0000
Step [2578] | D_Loss: 0.1860 | G_Loss: 8.9346 | G_GAN: 13.4615 | L_Words: -0.9967 | L_Sent: 0.0000 | L_DAMSM: -0.9966 | L_KL: 0.2281 | Gamma_DAMSM: 5.0000 | Lambda_KL: 2.0000
Step [2579] | D_Loss: 0.1355 | G_Loss: 9.8927 | G_GAN: 14.4281 | L_Words: -0.9983 | L_Sent: 0.0000 | L_DAMSM: -0.9982 | L_KL: 0.2278 | Gamma_DAMSM: 5.0000 | Lambda_KL: 2.0000
Step [2580] | D_Loss: 1.3411 | G_Loss: 1.2367 | G_GAN: 5.7702 | L_Words: -0.9976 | L_Sent: 0.0000 | L_DAMSM: -0.9975 | L_KL: 0.2271 | Gamma_DAMSM: 5.0000 | Lambda_KL: 2.0000
Step [2581] | D_Loss: 1.9788 | G_Loss: 4.7676 | G_GAN: 9.2985 | L_Words: -0.9973 | L_Sent: 0.0001 | L_DAMSM: -0.9973 | L_KL: 0.2277 | Gamma_DAMSM: 5.0000 | Lambda_KL: 2.0000
Step [2582] | D_Loss: 0.7302 | G_Loss: 7.4622 | G_GAN: 11.9958 | L_Words: -0.9979 | L_Sent: 0.0000 | L_DAMSM: -0.9979 | L_KL: 0.2279 | Gamma_DAMSM: 5.0000 | Lambda_KL: 2.0000
Step [2583] | D_Loss: 0.5008 | G_Loss: 8.0181 | G_GAN: 12.5459 | L_Words: -0.9966 | L_Sent: 0.0001 | L_DAMSM: -0.9966 | L_KL: 0.2276 | Gamma_DAMSM: 5.0000 | Lambda_KL: 2.0000
Step [2584] | D_Loss: 0.6167 | G_Loss: 7.3871 | G_GAN: 11.9246 | L_Words: -0.9981 | L_Sent: 0.0001 | L_DAMSM: -0.9980 | L_KL: 0.2262 | Gamma_DAMSM: 5.0000 | Lambda_KL: 2.0000
Step [2585] | D_Loss: 0.6057 | G_Loss: 4.8301 | G_GAN: 9.3675 | L_Words: -0.9979 | L_Sent: 0.0000 | L_DAMSM: -0.9978 | L_KL: 0.2259 | Gamma_DAMSM: 5.0000 | Lambda_KL: 2.0000
Step [2586] | D_Loss: 0.5470 | G_Loss: 1.1077 | G_GAN: 5.6421 | L_Words: -0.9978 | L_Sent: 0.0001 | L_DAMSM: -0.9977 | L_KL: 0.2271 | Gamma_DAMSM: 5.0000 | Lambda_KL: 2.0000
Step [2587] | D_Loss: 0.6858 | G_Loss: 5.5007 | G_GAN: 10.0349 | L_Words: -0.9979 | L_Sent: 0.0000 | L_DAMSM: -0.9978 | L_KL: 0.2275 | Gamma_DAMSM: 5.0000 | Lambda_KL: 2.0000
Step [2588] | D_Loss: 1.1682 | G_Loss: 3.2939 | G_GAN: 7.8255 | L_Words: -0.9976 | L_Sent: 0.0000 | L_DAMSM: -0.9976 | L_KL: 0.2282 | Gamma_DAMSM: 5.0000 | Lambda_KL: 2.0000
Step [2589] | D_Loss: 0.6390 | G_Loss: 4.5770 | G_GAN: 9.1092 | L_Words: -0.9985 | L_Sent: 0.0000 | L_DAMSM: -0.9984 | L_KL: 0.2299 | Gamma_DAMSM: 5.0000 | Lambda_KL: 2.0000
Step [2590] | D_Loss: 0.5209 | G_Loss: 4.5913 | G_GAN: 9.1163 | L_Words: -0.9974 | L_Sent: 0.0001 | L_DAMSM: -0.9973 | L_KL: 0.2308 | Gamma_DAMSM: 5.0000 | Lambda_KL: 2.0000
Step [2591] | D_Loss: 0.4433 | G_Loss: 5.8545 | G_GAN: 10.3788 | L_Words: -0.9972 | L_Sent: 0.0001 | L_DAMSM: -0.9971 | L_KL: 0.2306 | Gamma_DAMSM: 5.0000 | Lambda_KL: 2.0000
Step [2592] | D_Loss: 1.0003 | G_Loss: 4.3897 | G_GAN: 8.9187 | L_Words: -0.9980 | L_Sent: 0.0000 | L_DAMSM: -0.9980 | L_KL: 0.2305 | Gamma_DAMSM: 5.0000 | Lambda_KL: 2.0000
Step [2593] | D_Loss: 0.2212 | G_Loss: 4.4175 | G_GAN: 8.9462 | L_Words: -0.9980 | L_Sent: 0.0001 | L_DAMSM: -0.9980 | L_KL: 0.2306 | Gamma_DAMSM: 5.0000 | Lambda_KL: 2.0000
Step [2594] | D_Loss: 0.3168 | G_Loss: 4.6144 | G_GAN: 9.1517 | L_Words: -0.9985 | L_Sent: 0.0000 | L_DAMSM: -0.9985 | L_KL: 0.2275 | Gamma_DAMSM: 5.0000 | Lambda_KL: 2.0000
Step [2595] | D_Loss: 0.3552 | G_Loss: 4.4077 | G_GAN: 8.9461 | L_Words: -0.9983 | L_Sent: 0.0001 | L_DAMSM: -0.9982 | L_KL: 0.2264 | Gamma_DAMSM: 5.0000 | Lambda_KL: 2.0000
Step [2596] | D_Loss: 1.3344 | G_Loss: 1.5627 | G_GAN: 6.1065 | L_Words: -0.9985 | L_Sent: 0.0001 | L_DAMSM: -0.9984 | L_KL: 0.2241 | Gamma_DAMSM: 5.0000 | Lambda_KL: 2.0000
Step [2597] | D_Loss: 0.9955 | G_Loss: 6.0905 | G_GAN: 10.6320 | L_Words: -0.9976 | L_Sent: 0.0001 | L_DAMSM: -0.9975 | L_KL: 0.2230 | Gamma_DAMSM: 5.0000 | Lambda_KL: 2.0000
Step [2598] | D_Loss: 0.6477 | G_Loss: 4.6169 | G_GAN: 9.1513 | L_Words: -0.9968 | L_Sent: 0.0001 | L_DAMSM: -0.9967 | L_KL: 0.2245 | Gamma_DAMSM: 5.0000 | Lambda_KL: 2.0000
Step [2599] | D_Loss: 0.6089 | G_Loss: 6.9818 | G_GAN: 11.5008 | L_Words: -0.9945 | L_Sent: 0.0001 | L_DAMSM: -0.9944 | L_KL: 0.2264 | Gamma_DAMSM: 5.0000 | Lambda_KL: 2.0000
Step [2600] | D_Loss: 0.7276 | G_Loss: 4.2086 | G_GAN: 8.7486 | L_Words: -0.9981 | L_Sent: 0.0001 | L_DAMSM: -0.9980 | L_KL: 0.2250 | Gamma_DAMSM: 5.0000 | Lambda_KL: 2.0000
Step [2601] | D_Loss: 0.5523 | G_Loss: 3.6466 | G_GAN: 8.1864 | L_Words: -0.9983 | L_Sent: 0.0001 | L_DAMSM: -0.9983 | L_KL: 0.2258 | Gamma_DAMSM: 5.0000 | Lambda_KL: 2.0000
Step [2602] | D_Loss: 0.4721 | G_Loss: 2.3457 | G_GAN: 6.8892 | L_Words: -0.9984 | L_Sent: 0.0001 | L_DAMSM: -0.9983 | L_KL: 0.2240 | Gamma_DAMSM: 5.0000 | Lambda_KL: 2.0000
Step [2603] | D_Loss: 0.8031 | G_Loss: 5.5959 | G_GAN: 10.1388 | L_Words: -0.9982 | L_Sent: 0.0001 | L_DAMSM: -0.9982 | L_KL: 0.2240 | Gamma_DAMSM: 5.0000 | Lambda_KL: 2.0000
Step [2604] | D_Loss: 0.6271 | G_Loss: 7.6526 | G_GAN: 12.1931 | L_Words: -0.9974 | L_Sent: 0.0001 | L_DAMSM: -0.9974 | L_KL: 0.2232 | Gamma_DAMSM: 5.0000 | Lambda_KL: 2.0000
Step [2605] | D_Loss: 0.5847 | G_Loss: 4.9580 | G_GAN: 9.4969 | L_Words: -0.9969 | L_Sent: 0.0001 | L_DAMSM: -0.9968 | L_KL: 0.2224 | Gamma_DAMSM: 5.0000 | Lambda_KL: 2.0000
Step [2606] | D_Loss: 0.7977 | G_Loss: 5.7331 | G_GAN: 10.2753 | L_Words: -0.9973 | L_Sent: 0.0001 | L_DAMSM: -0.9972 | L_KL: 0.2219 | Gamma_DAMSM: 5.0000 | Lambda_KL: 2.0000
Step [2607] | D_Loss: 0.6234 | G_Loss: 4.9420 | G_GAN: 9.4873 | L_Words: -0.9975 | L_Sent: 0.0001 | L_DAMSM: -0.9975 | L_KL: 0.2211 | Gamma_DAMSM: 5.0000 | Lambda_KL: 2.0000
Step [2608] | D_Loss: 0.4812 | G_Loss: 4.3759 | G_GAN: 8.9309 | L_Words: -0.9986 | L_Sent: 0.0002 | L_DAMSM: -0.9984 | L_KL: 0.2186 | Gamma_DAMSM: 5.0000 | Lambda_KL: 2.0000
Step [2609] | D_Loss: 1.2707 | G_Loss: 4.2695 | G_GAN: 8.8158 | L_Words: -0.9973 | L_Sent: 0.0001 | L_DAMSM: -0.9972 | L_KL: 0.2198 | Gamma_DAMSM: 5.0000 | Lambda_KL: 2.0000
Step [2610] | D_Loss: 0.5718 | G_Loss: 4.6747 | G_GAN: 9.2261 | L_Words: -0.9979 | L_Sent: 0.0001 | L_DAMSM: -0.9978 | L_KL: 0.2188 | Gamma_DAMSM: 5.0000 | Lambda_KL: 2.0000
Step [2611] | D_Loss: 0.2958 | G_Loss: 6.5242 | G_GAN: 11.0773 | L_Words: -0.9985 | L_Sent: 0.0000 | L_DAMSM: -0.9984 | L_KL: 0.2195 | Gamma_DAMSM: 5.0000 | Lambda_KL: 2.0000
Step [2612] | D_Loss: 0.9014 | G_Loss: 3.0236 | G_GAN: 7.5640 | L_Words: -0.9966 | L_Sent: 0.0001 | L_DAMSM: -0.9965 | L_KL: 0.2211 | Gamma_DAMSM: 5.0000 | Lambda_KL: 2.0000
Step [2613] | D_Loss: 0.5051 | G_Loss: 4.6150 | G_GAN: 9.1646 | L_Words: -0.9983 | L_Sent: 0.0002 | L_DAMSM: -0.9981 | L_KL: 0.2205 | Gamma_DAMSM: 5.0000 | Lambda_KL: 2.0000
Step [2614] | D_Loss: 0.3170 | G_Loss: 2.3190 | G_GAN: 6.8661 | L_Words: -0.9980 | L_Sent: 0.0002 | L_DAMSM: -0.9978 | L_KL: 0.2210 | Gamma_DAMSM: 5.0000 | Lambda_KL: 2.0000
Step [2615] | D_Loss: 0.4020 | G_Loss: 3.8035 | G_GAN: 8.3562 | L_Words: -0.9984 | L_Sent: 0.0002 | L_DAMSM: -0.9982 | L_KL: 0.2192 | Gamma_DAMSM: 5.0000 | Lambda_KL: 2.0000
Step [2616] | D_Loss: 0.6517 | G_Loss: 2.2413 | G_GAN: 6.7950 | L_Words: -0.9981 | L_Sent: 0.0002 | L_DAMSM: -0.9980 | L_KL: 0.2181 | Gamma_DAMSM: 5.0000 | Lambda_KL: 2.0000
Step [2617] | D_Loss: 0.3985 | G_Loss: 2.6443 | G_GAN: 7.2007 | L_Words: -0.9983 | L_Sent: 0.0002 | L_DAMSM: -0.9982 | L_KL: 0.2172 | Gamma_DAMSM: 5.0000 | Lambda_KL: 2.0000
Step [2618] | D_Loss: 0.6752 | G_Loss: 5.7482 | G_GAN: 10.3094 | L_Words: -0.9974 | L_Sent: 0.0001 | L_DAMSM: -0.9973 | L_KL: 0.2128 | Gamma_DAMSM: 5.0000 | Lambda_KL: 2.0000
Step [2619] | D_Loss: 0.5072 | G_Loss: 6.7554 | G_GAN: 11.3295 | L_Words: -0.9979 | L_Sent: 0.0001 | L_DAMSM: -0.9978 | L_KL: 0.2075 | Gamma_DAMSM: 5.0000 | Lambda_KL: 2.0000
Step [2620] | D_Loss: 0.3618 | G_Loss: 4.9233 | G_GAN: 9.4827 | L_Words: -0.9949 | L_Sent: 0.0001 | L_DAMSM: -0.9948 | L_KL: 0.2073 | Gamma_DAMSM: 5.0000 | Lambda_KL: 2.0000
Step [2621] | D_Loss: 1.1604 | G_Loss: 5.0956 | G_GAN: 9.6645 | L_Words: -0.9965 | L_Sent: 0.0002 | L_DAMSM: -0.9962 | L_KL: 0.2061 | Gamma_DAMSM: 5.0000 | Lambda_KL: 2.0000
Step [2622] | D_Loss: 0.7154 | G_Loss: 4.6696 | G_GAN: 9.2484 | L_Words: -0.9979 | L_Sent: 0.0002 | L_DAMSM: -0.9977 | L_KL: 0.2049 | Gamma_DAMSM: 5.0000 | Lambda_KL: 2.0000
Step [2623] | D_Loss: 0.3853 | G_Loss: 5.1517 | G_GAN: 9.7215 | L_Words: -0.9968 | L_Sent: 0.0004 | L_DAMSM: -0.9963 | L_KL: 0.2059 | Gamma_DAMSM: 5.0000 | Lambda_KL: 2.0000
Step [2624] | D_Loss: 0.5131 | G_Loss: 4.7844 | G_GAN: 9.3634 | L_Words: -0.9981 | L_Sent: 0.0002 | L_DAMSM: -0.9979 | L_KL: 0.2053 | Gamma_DAMSM: 5.0000 | Lambda_KL: 2.0000
Step [2625] | D_Loss: 1.5679 | G_Loss: 0.4396 | G_GAN: 5.0157 | L_Words: -0.9978 | L_Sent: 0.0001 | L_DAMSM: -0.9977 | L_KL: 0.2061 | Gamma_DAMSM: 5.0000 | Lambda_KL: 2.0000
Step [2626] | D_Loss: 0.2841 | G_Loss: 2.9138 | G_GAN: 7.4893 | L_Words: -0.9975 | L_Sent: 0.0001 | L_DAMSM: -0.9974 | L_KL: 0.2058 | Gamma_DAMSM: 5.0000 | Lambda_KL: 2.0000
Step [2627] | D_Loss: 0.3482 | G_Loss: 3.7681 | G_GAN: 8.3457 | L_Words: -0.9979 | L_Sent: 0.0001 | L_DAMSM: -0.9978 | L_KL: 0.2058 | Gamma_DAMSM: 5.0000 | Lambda_KL: 2.0000
Step [2628] | D_Loss: 1.0756 | G_Loss: 3.1576 | G_GAN: 7.7299 | L_Words: -0.9969 | L_Sent: 0.0001 | L_DAMSM: -0.9968 | L_KL: 0.2057 | Gamma_DAMSM: 5.0000 | Lambda_KL: 2.0000
Step [2629] | D_Loss: 0.8355 | G_Loss: 4.3490 | G_GAN: 8.9234 | L_Words: -0.9972 | L_Sent: 0.0003 | L_DAMSM: -0.9969 | L_KL: 0.2051 | Gamma_DAMSM: 5.0000 | Lambda_KL: 2.0000
Step [2630] | D_Loss: 0.6183 | G_Loss: 4.2141 | G_GAN: 8.7873 | L_Words: -0.9969 | L_Sent: 0.0001 | L_DAMSM: -0.9968 | L_KL: 0.2055 | Gamma_DAMSM: 5.0000 | Lambda_KL: 2.0000
Step [2631] | D_Loss: 0.6795 | G_Loss: 4.4720 | G_GAN: 9.0478 | L_Words: -0.9981 | L_Sent: 0.0006 | L_DAMSM: -0.9975 | L_KL: 0.2059 | Gamma_DAMSM: 5.0000 | Lambda_KL: 2.0000
Step [2632] | D_Loss: 0.5779 | G_Loss: 3.1533 | G_GAN: 7.7341 | L_Words: -0.9980 | L_Sent: 0.0000 | L_DAMSM: -0.9979 | L_KL: 0.2044 | Gamma_DAMSM: 5.0000 | Lambda_KL: 2.0000
Step [2633] | D_Loss: 0.9386 | G_Loss: 5.3094 | G_GAN: 9.8873 | L_Words: -0.9976 | L_Sent: 0.0005 | L_DAMSM: -0.9971 | L_KL: 0.2038 | Gamma_DAMSM: 5.0000 | Lambda_KL: 2.0000
Step [2634] | D_Loss: 1.1917 | G_Loss: 3.7233 | G_GAN: 8.3021 | L_Words: -0.9975 | L_Sent: 0.0001 | L_DAMSM: -0.9974 | L_KL: 0.2041 | Gamma_DAMSM: 5.0000 | Lambda_KL: 2.0000
Step [2635] | D_Loss: 0.2934 | G_Loss: 1.3471 | G_GAN: 5.9255 | L_Words: -0.9978 | L_Sent: 0.0002 | L_DAMSM: -0.9976 | L_KL: 0.2048 | Gamma_DAMSM: 5.0000 | Lambda_KL: 2.0000
Step [2636] | D_Loss: 0.3587 | G_Loss: 3.9394 | G_GAN: 8.5102 | L_Words: -0.9981 | L_Sent: 0.0019 | L_DAMSM: -0.9962 | L_KL: 0.2051 | Gamma_DAMSM: 5.0000 | Lambda_KL: 2.0000
Step [2637] | D_Loss: 0.7664 | G_Loss: 1.6855 | G_GAN: 6.2621 | L_Words: -0.9969 | L_Sent: 0.0001 | L_DAMSM: -0.9968 | L_KL: 0.2038 | Gamma_DAMSM: 5.0000 | Lambda_KL: 2.0000
Step [2638] | D_Loss: 0.3759 | G_Loss: 1.5109 | G_GAN: 6.0963 | L_Words: -0.9981 | L_Sent: 0.0001 | L_DAMSM: -0.9980 | L_KL: 0.2023 | Gamma_DAMSM: 5.0000 | Lambda_KL: 2.0000
Step [2639] | D_Loss: 0.2801 | G_Loss: 3.3056 | G_GAN: 7.8943 | L_Words: -0.9980 | L_Sent: 0.0001 | L_DAMSM: -0.9979 | L_KL: 0.2005 | Gamma_DAMSM: 5.0000 | Lambda_KL: 2.0000
Step [2640] | D_Loss: 0.1676 | G_Loss: 5.7759 | G_GAN: 10.3633 | L_Words: -0.9979 | L_Sent: 0.0001 | L_DAMSM: -0.9979 | L_KL: 0.2009 | Gamma_DAMSM: 5.0000 | Lambda_KL: 2.0000
Step [2641] | D_Loss: 1.1058 | G_Loss: 1.9368 | G_GAN: 6.5229 | L_Words: -0.9977 | L_Sent: 0.0003 | L_DAMSM: -0.9974 | L_KL: 0.2005 | Gamma_DAMSM: 5.0000 | Lambda_KL: 2.0000
Step [2642] | D_Loss: 1.0863 | G_Loss: 0.5207 | G_GAN: 5.1062 | L_Words: -0.9972 | L_Sent: 0.0001 | L_DAMSM: -0.9971 | L_KL: 0.1999 | Gamma_DAMSM: 5.0000 | Lambda_KL: 2.0000
Step [2643] | D_Loss: 0.4659 | G_Loss: 4.9110 | G_GAN: 9.4933 | L_Words: -0.9967 | L_Sent: 0.0004 | L_DAMSM: -0.9964 | L_KL: 0.1998 | Gamma_DAMSM: 5.0000 | Lambda_KL: 2.0000
Step [2644] | D_Loss: 0.9366 | G_Loss: 5.4787 | G_GAN: 10.0603 | L_Words: -0.9963 | L_Sent: 0.0001 | L_DAMSM: -0.9962 | L_KL: 0.1996 | Gamma_DAMSM: 5.0000 | Lambda_KL: 2.0000
Step [2645] | D_Loss: 0.8236 | G_Loss: 5.5083 | G_GAN: 10.0976 | L_Words: -0.9977 | L_Sent: 0.0001 | L_DAMSM: -0.9976 | L_KL: 0.1993 | Gamma_DAMSM: 5.0000 | Lambda_KL: 2.0000
Step [2646] | D_Loss: 0.9262 | G_Loss: 5.1641 | G_GAN: 9.7560 | L_Words: -0.9983 | L_Sent: 0.0001 | L_DAMSM: -0.9983 | L_KL: 0.1997 | Gamma_DAMSM: 5.0000 | Lambda_KL: 2.0000
Step [2647] | D_Loss: 0.3027 | G_Loss: 6.9393 | G_GAN: 11.5235 | L_Words: -0.9969 | L_Sent: 0.0000 | L_DAMSM: -0.9968 | L_KL: 0.2000 | Gamma_DAMSM: 5.0000 | Lambda_KL: 2.0000
Step [2648] | D_Loss: 0.8971 | G_Loss: 6.1796 | G_GAN: 10.7731 | L_Words: -0.9983 | L_Sent: 0.0000 | L_DAMSM: -0.9983 | L_KL: 0.1990 | Gamma_DAMSM: 5.0000 | Lambda_KL: 2.0000
Step [2649] | D_Loss: 0.5270 | G_Loss: 4.6391 | G_GAN: 9.2291 | L_Words: -0.9978 | L_Sent: 0.0001 | L_DAMSM: -0.9977 | L_KL: 0.1993 | Gamma_DAMSM: 5.0000 | Lambda_KL: 2.0000
Step [2650] | D_Loss: 0.7774 | G_Loss: 2.9944 | G_GAN: 7.5868 | L_Words: -0.9982 | L_Sent: 0.0001 | L_DAMSM: -0.9982 | L_KL: 0.1992 | Gamma_DAMSM: 5.0000 | Lambda_KL: 2.0000
Step [2651] | D_Loss: 0.8227 | G_Loss: 4.0931 | G_GAN: 8.6755 | L_Words: -0.9976 | L_Sent: 0.0001 | L_DAMSM: -0.9975 | L_KL: 0.2025 | Gamma_DAMSM: 5.0000 | Lambda_KL: 2.0000
Step [2652] | D_Loss: 0.3266 | G_Loss: 4.1521 | G_GAN: 8.7327 | L_Words: -0.9980 | L_Sent: 0.0000 | L_DAMSM: -0.9979 | L_KL: 0.2046 | Gamma_DAMSM: 5.0000 | Lambda_KL: 2.0000
Step [2653] | D_Loss: 0.3475 | G_Loss: 1.5591 | G_GAN: 6.1359 | L_Words: -0.9984 | L_Sent: 0.0000 | L_DAMSM: -0.9983 | L_KL: 0.2074 | Gamma_DAMSM: 5.0000 | Lambda_KL: 2.0000
Step [2654] | D_Loss: 0.2173 | G_Loss: 4.6354 | G_GAN: 9.2100 | L_Words: -0.9986 | L_Sent: 0.0000 | L_DAMSM: -0.9985 | L_KL: 0.2089 | Gamma_DAMSM: 5.0000 | Lambda_KL: 2.0000
Step [2655] | D_Loss: 0.8003 | G_Loss: 2.4092 | G_GAN: 6.9814 | L_Words: -0.9987 | L_Sent: 0.0000 | L_DAMSM: -0.9987 | L_KL: 0.2107 | Gamma_DAMSM: 5.0000 | Lambda_KL: 2.0000
Step [2656] | D_Loss: 1.0242 | G_Loss: 2.9112 | G_GAN: 7.4809 | L_Words: -0.9987 | L_Sent: 0.0001 | L_DAMSM: -0.9986 | L_KL: 0.2116 | Gamma_DAMSM: 5.0000 | Lambda_KL: 2.0000
Step [2657] | D_Loss: 1.0240 | G_Loss: 4.9184 | G_GAN: 9.4763 | L_Words: -0.9968 | L_Sent: 0.0001 | L_DAMSM: -0.9967 | L_KL: 0.2128 | Gamma_DAMSM: 5.0000 | Lambda_KL: 2.0000
Step [2658] | D_Loss: 0.3293 | G_Loss: 6.5928 | G_GAN: 11.1589 | L_Words: -0.9976 | L_Sent: 0.0001 | L_DAMSM: -0.9976 | L_KL: 0.2109 | Gamma_DAMSM: 5.0000 | Lambda_KL: 2.0000
Step [2659] | D_Loss: 1.2402 | G_Loss: 2.6174 | G_GAN: 7.1741 | L_Words: -0.9959 | L_Sent: 0.0001 | L_DAMSM: -0.9958 | L_KL: 0.2112 | Gamma_DAMSM: 5.0000 | Lambda_KL: 2.0000
Step [2660] | D_Loss: 0.4261 | G_Loss: 3.5540 | G_GAN: 8.1173 | L_Words: -0.9969 | L_Sent: 0.0001 | L_DAMSM: -0.9968 | L_KL: 0.2103 | Gamma_DAMSM: 5.0000 | Lambda_KL: 2.0000
Step [2661] | D_Loss: 0.6120 | G_Loss: 6.1675 | G_GAN: 10.7476 | L_Words: -0.9986 | L_Sent: 0.0001 | L_DAMSM: -0.9985 | L_KL: 0.2062 | Gamma_DAMSM: 5.0000 | Lambda_KL: 2.0000
Step [2662] | D_Loss: 0.4207 | G_Loss: 5.9489 | G_GAN: 10.5264 | L_Words: -0.9975 | L_Sent: 0.0001 | L_DAMSM: -0.9975 | L_KL: 0.2049 | Gamma_DAMSM: 5.0000 | Lambda_KL: 2.0000
Step [2663] | D_Loss: 0.4841 | G_Loss: 6.0318 | G_GAN: 10.6115 | L_Words: -0.9976 | L_Sent: 0.0000 | L_DAMSM: -0.9975 | L_KL: 0.2040 | Gamma_DAMSM: 5.0000 | Lambda_KL: 2.0000
Step [2664] | D_Loss: 0.6904 | G_Loss: 2.7210 | G_GAN: 7.2980 | L_Words: -0.9975 | L_Sent: 0.0000 | L_DAMSM: -0.9975 | L_KL: 0.2052 | Gamma_DAMSM: 5.0000 | Lambda_KL: 2.0000
Step [2665] | D_Loss: 0.5268 | G_Loss: 5.1280 | G_GAN: 9.7055 | L_Words: -0.9982 | L_Sent: 0.0001 | L_DAMSM: -0.9982 | L_KL: 0.2067 | Gamma_DAMSM: 5.0000 | Lambda_KL: 2.0000
Step [2666] | D_Loss: 0.2835 | G_Loss: 4.3889 | G_GAN: 8.9590 | L_Words: -0.9971 | L_Sent: 0.0001 | L_DAMSM: -0.9970 | L_KL: 0.2074 | Gamma_DAMSM: 5.0000 | Lambda_KL: 2.0000
Step [2667] | D_Loss: 0.5704 | G_Loss: 5.9839 | G_GAN: 10.5597 | L_Words: -0.9983 | L_Sent: 0.0002 | L_DAMSM: -0.9981 | L_KL: 0.2073 | Gamma_DAMSM: 5.0000 | Lambda_KL: 2.0000
Step [2668] | D_Loss: 0.5523 | G_Loss: 5.0155 | G_GAN: 9.5937 | L_Words: -0.9984 | L_Sent: 0.0001 | L_DAMSM: -0.9983 | L_KL: 0.2067 | Gamma_DAMSM: 5.0000 | Lambda_KL: 2.0000
Step [2669] | D_Loss: 0.5857 | G_Loss: 6.3590 | G_GAN: 10.9347 | L_Words: -0.9980 | L_Sent: 0.0002 | L_DAMSM: -0.9979 | L_KL: 0.2068 | Gamma_DAMSM: 5.0000 | Lambda_KL: 2.0000
Step [2670] | D_Loss: 0.5609 | G_Loss: 5.8150 | G_GAN: 10.3939 | L_Words: -0.9986 | L_Sent: 0.0002 | L_DAMSM: -0.9984 | L_KL: 0.2066 | Gamma_DAMSM: 5.0000 | Lambda_KL: 2.0000
Step [2671] | D_Loss: 0.7009 | G_Loss: 3.3339 | G_GAN: 7.8797 | L_Words: -0.9957 | L_Sent: 0.0000 | L_DAMSM: -0.9957 | L_KL: 0.2163 | Gamma_DAMSM: 5.0000 | Lambda_KL: 2.0000
Step [2672] | D_Loss: 0.1312 | G_Loss: 4.2772 | G_GAN: 8.8108 | L_Words: -0.9969 | L_Sent: 0.0001 | L_DAMSM: -0.9968 | L_KL: 0.2253 | Gamma_DAMSM: 5.0000 | Lambda_KL: 2.0000
Step [2673] | D_Loss: 0.5583 | G_Loss: 5.3638 | G_GAN: 9.8954 | L_Words: -0.9980 | L_Sent: 0.0000 | L_DAMSM: -0.9979 | L_KL: 0.2291 | Gamma_DAMSM: 5.0000 | Lambda_KL: 2.0000
Step [2674] | D_Loss: 0.6718 | G_Loss: 9.4769 | G_GAN: 14.0046 | L_Words: -0.9980 | L_Sent: 0.0000 | L_DAMSM: -0.9979 | L_KL: 0.2310 | Gamma_DAMSM: 5.0000 | Lambda_KL: 2.0000
Step [2675] | D_Loss: 0.7245 | G_Loss: 10.1252 | G_GAN: 14.6442 | L_Words: -0.9981 | L_Sent: 0.0001 | L_DAMSM: -0.9980 | L_KL: 0.2356 | Gamma_DAMSM: 5.0000 | Lambda_KL: 2.0000
Step [2676] | D_Loss: 1.5178 | G_Loss: 3.6735 | G_GAN: 8.1829 | L_Words: -0.9973 | L_Sent: 0.0001 | L_DAMSM: -0.9972 | L_KL: 0.2384 | Gamma_DAMSM: 5.0000 | Lambda_KL: 2.0000
Step [2677] | D_Loss: 0.8090 | G_Loss: -0.9523 | G_GAN: 3.5557 | L_Words: -0.9971 | L_Sent: 0.0001 | L_DAMSM: -0.9970 | L_KL: 0.2385 | Gamma_DAMSM: 5.0000 | Lambda_KL: 2.0000
Step [2678] | D_Loss: 0.7300 | G_Loss: 2.4659 | G_GAN: 6.9712 | L_Words: -0.9970 | L_Sent: 0.0001 | L_DAMSM: -0.9969 | L_KL: 0.2396 | Gamma_DAMSM: 5.0000 | Lambda_KL: 2.0000
Step [2679] | D_Loss: 0.3056 | G_Loss: 6.0217 | G_GAN: 10.5304 | L_Words: -0.9982 | L_Sent: 0.0002 | L_DAMSM: -0.9980 | L_KL: 0.2408 | Gamma_DAMSM: 5.0000 | Lambda_KL: 2.0000
Step [2680] | D_Loss: 0.7323 | G_Loss: 7.0760 | G_GAN: 11.5822 | L_Words: -0.9985 | L_Sent: 0.0001 | L_DAMSM: -0.9985 | L_KL: 0.2430 | Gamma_DAMSM: 5.0000 | Lambda_KL: 2.0000
Step [2681] | D_Loss: 0.2088 | G_Loss: 6.8881 | G_GAN: 11.3806 | L_Words: -0.9965 | L_Sent: 0.0003 | L_DAMSM: -0.9962 | L_KL: 0.2443 | Gamma_DAMSM: 5.0000 | Lambda_KL: 2.0000
Step [2682] | D_Loss: 1.1257 | G_Loss: 4.5055 | G_GAN: 9.0017 | L_Words: -0.9975 | L_Sent: 0.0001 | L_DAMSM: -0.9974 | L_KL: 0.2453 | Gamma_DAMSM: 5.0000 | Lambda_KL: 2.0000
Step [2683] | D_Loss: 0.7356 | G_Loss: 6.0784 | G_GAN: 10.5705 | L_Words: -0.9971 | L_Sent: 0.0001 | L_DAMSM: -0.9970 | L_KL: 0.2465 | Gamma_DAMSM: 5.0000 | Lambda_KL: 2.0000
Step [2684] | D_Loss: 1.4822 | G_Loss: 3.1414 | G_GAN: 7.6402 | L_Words: -0.9989 | L_Sent: 0.0000 | L_DAMSM: -0.9989 | L_KL: 0.2478 | Gamma_DAMSM: 5.0000 | Lambda_KL: 2.0000
Step [2685] | D_Loss: 0.7434 | G_Loss: 5.8856 | G_GAN: 10.3722 | L_Words: -0.9973 | L_Sent: 0.0001 | L_DAMSM: -0.9972 | L_KL: 0.2496 | Gamma_DAMSM: 5.0000 | Lambda_KL: 2.0000
Step [2686] | D_Loss: 1.3691 | G_Loss: 6.0951 | G_GAN: 10.5802 | L_Words: -0.9975 | L_Sent: 0.0001 | L_DAMSM: -0.9974 | L_KL: 0.2508 | Gamma_DAMSM: 5.0000 | Lambda_KL: 2.0000
Step [2687] | D_Loss: 0.2335 | G_Loss: 7.0169 | G_GAN: 11.5053 | L_Words: -0.9982 | L_Sent: 0.0002 | L_DAMSM: -0.9980 | L_KL: 0.2509 | Gamma_DAMSM: 5.0000 | Lambda_KL: 2.0000
Step [2688] | D_Loss: 0.7350 | G_Loss: 4.5806 | G_GAN: 9.0678 | L_Words: -0.9982 | L_Sent: 0.0001 | L_DAMSM: -0.9981 | L_KL: 0.2517 | Gamma_DAMSM: 5.0000 | Lambda_KL: 2.0000
Step [2689] | D_Loss: 0.3219 | G_Loss: 3.6908 | G_GAN: 8.1770 | L_Words: -0.9980 | L_Sent: 0.0001 | L_DAMSM: -0.9979 | L_KL: 0.2516 | Gamma_DAMSM: 5.0000 | Lambda_KL: 2.0000
Step [2690] | D_Loss: 0.3277 | G_Loss: 4.7707 | G_GAN: 9.2549 | L_Words: -0.9981 | L_Sent: 0.0001 | L_DAMSM: -0.9981 | L_KL: 0.2530 | Gamma_DAMSM: 5.0000 | Lambda_KL: 2.0000
Step [2691] | D_Loss: 0.8220 | G_Loss: 7.9029 | G_GAN: 12.3860 | L_Words: -0.9981 | L_Sent: 0.0001 | L_DAMSM: -0.9980 | L_KL: 0.2535 | Gamma_DAMSM: 5.0000 | Lambda_KL: 2.0000
Step [2692] | D_Loss: 0.4157 | G_Loss: 6.2002 | G_GAN: 10.6828 | L_Words: -0.9980 | L_Sent: 0.0001 | L_DAMSM: -0.9980 | L_KL: 0.2536 | Gamma_DAMSM: 5.0000 | Lambda_KL: 2.0000
Step [2693] | D_Loss: 0.3403 | G_Loss: 5.1428 | G_GAN: 9.6285 | L_Words: -0.9979 | L_Sent: 0.0001 | L_DAMSM: -0.9978 | L_KL: 0.2516 | Gamma_DAMSM: 5.0000 | Lambda_KL: 2.0000
Step [2694] | D_Loss: 0.3983 | G_Loss: 3.6450 | G_GAN: 8.1454 | L_Words: -0.9985 | L_Sent: 0.0000 | L_DAMSM: -0.9984 | L_KL: 0.2459 | Gamma_DAMSM: 5.0000 | Lambda_KL: 2.0000
Step [2695] | D_Loss: 0.3228 | G_Loss: 5.9884 | G_GAN: 10.4884 | L_Words: -0.9978 | L_Sent: 0.0001 | L_DAMSM: -0.9977 | L_KL: 0.2443 | Gamma_DAMSM: 5.0000 | Lambda_KL: 2.0000
Step [2696] | D_Loss: 0.5737 | G_Loss: 6.1518 | G_GAN: 10.6522 | L_Words: -0.9982 | L_Sent: 0.0001 | L_DAMSM: -0.9981 | L_KL: 0.2451 | Gamma_DAMSM: 5.0000 | Lambda_KL: 2.0000
Step [2697] | D_Loss: 0.1934 | G_Loss: 9.4954 | G_GAN: 13.9896 | L_Words: -0.9981 | L_Sent: 0.0001 | L_DAMSM: -0.9980 | L_KL: 0.2479 | Gamma_DAMSM: 5.0000 | Lambda_KL: 2.0000
Step [2698] | D_Loss: 0.2229 | G_Loss: 6.3151 | G_GAN: 10.8003 | L_Words: -0.9966 | L_Sent: 0.0001 | L_DAMSM: -0.9965 | L_KL: 0.2488 | Gamma_DAMSM: 5.0000 | Lambda_KL: 2.0000
Step [2699] | D_Loss: 0.1306 | G_Loss: 6.3427 | G_GAN: 10.8392 | L_Words: -0.9982 | L_Sent: 0.0001 | L_DAMSM: -0.9981 | L_KL: 0.2470 | Gamma_DAMSM: 5.0000 | Lambda_KL: 2.0000
Step [2700] | D_Loss: 0.5183 | G_Loss: 4.1440 | G_GAN: 8.6394 | L_Words: -0.9978 | L_Sent: 0.0000 | L_DAMSM: -0.9978 | L_KL: 0.2467 | Gamma_DAMSM: 5.0000 | Lambda_KL: 2.0000
Step [2701] | D_Loss: 0.2931 | G_Loss: 4.3666 | G_GAN: 8.8504 | L_Words: -0.9960 | L_Sent: 0.0001 | L_DAMSM: -0.9960 | L_KL: 0.2480 | Gamma_DAMSM: 5.0000 | Lambda_KL: 2.0000
Step [2702] | D_Loss: 0.1872 | G_Loss: 7.0830 | G_GAN: 11.5736 | L_Words: -0.9977 | L_Sent: 0.0003 | L_DAMSM: -0.9974 | L_KL: 0.2482 | Gamma_DAMSM: 5.0000 | Lambda_KL: 2.0000
Step [2703] | D_Loss: 0.4483 | G_Loss: 4.8850 | G_GAN: 9.3731 | L_Words: -0.9973 | L_Sent: 0.0004 | L_DAMSM: -0.9969 | L_KL: 0.2481 | Gamma_DAMSM: 5.0000 | Lambda_KL: 2.0000
Step [2704] | D_Loss: 0.1997 | G_Loss: 2.6418 | G_GAN: 7.1369 | L_Words: -0.9977 | L_Sent: 0.0000 | L_DAMSM: -0.9977 | L_KL: 0.2466 | Gamma_DAMSM: 5.0000 | Lambda_KL: 2.0000
Step [2705] | D_Loss: 0.4405 | G_Loss: 5.9310 | G_GAN: 10.4321 | L_Words: -0.9986 | L_Sent: 0.0001 | L_DAMSM: -0.9985 | L_KL: 0.2457 | Gamma_DAMSM: 5.0000 | Lambda_KL: 2.0000
Step [2706] | D_Loss: 0.6812 | G_Loss: 5.1679 | G_GAN: 9.6608 | L_Words: -0.9979 | L_Sent: 0.0001 | L_DAMSM: -0.9978 | L_KL: 0.2481 | Gamma_DAMSM: 5.0000 | Lambda_KL: 2.0000
Step [2707] | D_Loss: 0.1008 | G_Loss: 8.8495 | G_GAN: 13.3376 | L_Words: -0.9973 | L_Sent: 0.0001 | L_DAMSM: -0.9973 | L_KL: 0.2492 | Gamma_DAMSM: 5.0000 | Lambda_KL: 2.0000
Step [2708] | D_Loss: 0.6376 | G_Loss: 6.8454 | G_GAN: 11.3270 | L_Words: -0.9971 | L_Sent: 0.0001 | L_DAMSM: -0.9970 | L_KL: 0.2518 | Gamma_DAMSM: 5.0000 | Lambda_KL: 2.0000
Step [2709] | D_Loss: 0.6999 | G_Loss: 4.9428 | G_GAN: 9.4267 | L_Words: -0.9972 | L_Sent: 0.0001 | L_DAMSM: -0.9971 | L_KL: 0.2508 | Gamma_DAMSM: 5.0000 | Lambda_KL: 2.0000
Step [2710] | D_Loss: 0.2089 | G_Loss: 1.1747 | G_GAN: 5.6625 | L_Words: -0.9971 | L_Sent: 0.0001 | L_DAMSM: -0.9971 | L_KL: 0.2488 | Gamma_DAMSM: 5.0000 | Lambda_KL: 2.0000
Step [2711] | D_Loss: 1.4686 | G_Loss: 10.1844 | G_GAN: 14.6743 | L_Words: -0.9966 | L_Sent: 0.0001 | L_DAMSM: -0.9966 | L_KL: 0.2464 | Gamma_DAMSM: 5.0000 | Lambda_KL: 2.0000
Step [2712] | D_Loss: 0.8512 | G_Loss: 8.4753 | G_GAN: 12.9657 | L_Words: -0.9965 | L_Sent: 0.0001 | L_DAMSM: -0.9964 | L_KL: 0.2459 | Gamma_DAMSM: 5.0000 | Lambda_KL: 2.0000
Step [2713] | D_Loss: 0.3199 | G_Loss: 7.1595 | G_GAN: 11.6537 | L_Words: -0.9970 | L_Sent: 0.0001 | L_DAMSM: -0.9969 | L_KL: 0.2453 | Gamma_DAMSM: 5.0000 | Lambda_KL: 2.0000
Step [2714] | D_Loss: 0.6133 | G_Loss: 3.2677 | G_GAN: 7.7621 | L_Words: -0.9980 | L_Sent: 0.0000 | L_DAMSM: -0.9980 | L_KL: 0.2478 | Gamma_DAMSM: 5.0000 | Lambda_KL: 2.0000
Step [2715] | D_Loss: 0.2750 | G_Loss: 6.4505 | G_GAN: 10.9398 | L_Words: -0.9974 | L_Sent: 0.0001 | L_DAMSM: -0.9974 | L_KL: 0.2488 | Gamma_DAMSM: 5.0000 | Lambda_KL: 2.0000
Step [2716] | D_Loss: 0.8009 | G_Loss: 10.4554 | G_GAN: 14.9439 | L_Words: -0.9977 | L_Sent: 0.0000 | L_DAMSM: -0.9976 | L_KL: 0.2499 | Gamma_DAMSM: 5.0000 | Lambda_KL: 2.0000
Step [2717] | D_Loss: 0.4839 | G_Loss: 7.3211 | G_GAN: 11.8144 | L_Words: -0.9986 | L_Sent: 0.0001 | L_DAMSM: -0.9985 | L_KL: 0.2497 | Gamma_DAMSM: 5.0000 | Lambda_KL: 2.0000
Step [2718] | D_Loss: 0.5017 | G_Loss: 6.8458 | G_GAN: 11.3350 | L_Words: -0.9971 | L_Sent: 0.0000 | L_DAMSM: -0.9971 | L_KL: 0.2480 | Gamma_DAMSM: 5.0000 | Lambda_KL: 2.0000
Step [2719] | D_Loss: 0.1961 | G_Loss: 4.2134 | G_GAN: 8.7147 | L_Words: -0.9987 | L_Sent: 0.0000 | L_DAMSM: -0.9987 | L_KL: 0.2460 | Gamma_DAMSM: 5.0000 | Lambda_KL: 2.0000
Step [2720] | D_Loss: 1.2245 | G_Loss: 4.1140 | G_GAN: 8.6130 | L_Words: -0.9977 | L_Sent: 0.0000 | L_DAMSM: -0.9977 | L_KL: 0.2447 | Gamma_DAMSM: 5.0000 | Lambda_KL: 2.0000
Step [2721] | D_Loss: 0.6984 | G_Loss: 6.8120 | G_GAN: 11.3162 | L_Words: -0.9978 | L_Sent: 0.0000 | L_DAMSM: -0.9978 | L_KL: 0.2423 | Gamma_DAMSM: 5.0000 | Lambda_KL: 2.0000
Step [2722] | D_Loss: 0.4641 | G_Loss: 5.2597 | G_GAN: 9.7636 | L_Words: -0.9975 | L_Sent: 0.0000 | L_DAMSM: -0.9974 | L_KL: 0.2417 | Gamma_DAMSM: 5.0000 | Lambda_KL: 2.0000
Step [2723] | D_Loss: 0.6714 | G_Loss: 4.7019 | G_GAN: 9.2042 | L_Words: -0.9971 | L_Sent: 0.0001 | L_DAMSM: -0.9971 | L_KL: 0.2415 | Gamma_DAMSM: 5.0000 | Lambda_KL: 2.0000
